Horse ID,Breed,Gender,Age,Height,Color,Location,Euro Price,$ Price,Discipline,Further Characteristics
11000,KWPN,Gelding,7 years,17 hh,Chestnut-Red,Zwickau,"22,000","$23,431.00 ",Jumping - Eventing,"Competition experience, Equine Passport available, No eczema"
11001,Appaloosa,Gelding,15 years,"15,1 hh",N/A,"Marana, AZ",N/A,"$10,000.00 ",Trail - English Pleasure - Versatility Ranch Horse - Show,"is a companion, Reliable for trail riding, is allrounder"
11002,American Quarter Horse,Mare,14 years,"14,2 hh",Roan-Red,"Rebersburg, PA",N/A,N/A,Versatility Ranch Horse - Trail - Reining - Western,"is a companion, suitable as school horse/pony, Reliable for trail riding"
11003,American Quarter Horse,Gelding,14 years,"14,2 hh",Roan-Red,"Georgetown, TX",N/A,N/A,Versatility Ranch Horse - Trail - Show - Western,"is a companion, Reliable for trail riding, is allrounder"
11004,Lusitano Mix,Gelding,11 years,16 hh,Bay,Duncton,N/A,"$29,379.00 ",Dressage - English Pleasure - Trail,
11005,American Quarter Horse,Gelding,9 years,15 hh,Roan-Blue,"Bernard, IA",N/A,N/A,Versatility Ranch Horse - Trail - Show - Western,"is a companion, Reliable for trail riding, is allrounder"
11006,American Quarter Horse,Gelding,12 years,15 hh,Grullo,"Camp Verde, AZ",N/A,N/A,Versatility Ranch Horse - Trail - Show - Western,"is a companion, Reliable for trail riding, is allrounder"
11007,American Quarter Horse,Mare,10 years,"14,3 hh",N/A,"Carthage, TX",N/A,N/A,Versatility Ranch Horse - Trail - Show - Western,"is a companion, suitable as school horse/pony, Reliable for trail riding"
11008,Hanoverian,Mare,3 years,"16,2 hh",Smoky-Black,Moers,N/A,N/A,Jumping - Breeding - Dressage ,
11009,Hanoverian,Gelding,4 years,"16,2 hh",Brown,Moers,"20,000","$21,301.00 ",Jumping - Eventing ,
11010,Hanoverian,Gelding,5 years,"16,3 hh",Brown,Lienen,"100,000","$106,503.00 ",Dressage ,
11011,Hanoverian,Gelding,9 years,17 hh,Chestnut,Geldern,"70,000","$74,552.00 ",Dressage,
11012,PRE,Mare,2 years,16 hh,Brown,Los Rosales,"4,500","$4,793.00 ",Gaited ,
11013,Menorquin,Stallion,1 year,"15,3 hh",Black,Menorca,"7,500","$7,988.00 ",Leisure - Working Equitation - Baroque - Eventing ,
11014,Westphalian,Mare,13 years,16 hh,Brown,Pulheim,"20,000","$21,301.00 ",Jumping - Breeding - Eventing - Dressage,
11015,Welsh A (Mountain Pony),Gelding,3 years,"11,1 hh",Black,Halle,"5,800","$6,177.00 ",Driving - Leisure ,
11016,German Sport Horse,Gelding,7 years,"16,2 hh",Chestnut-Red,Brieselang,"40,000","$42,601.00 ",Dressage ,
11017,American Quarter Horse,Mare,3 years,15 hh,Bay-Dark,München,N/A,N/A,Reining - Western allround - Versatility Ranch Horse - Leisure ,
11018,Holstein,Mare,16 years,"16,2 hh",Brown,Schönwalde-Glien,"8,900","$9,479.00 ",Breeding ,
11019,Hanoverian,Mare,5 years,"16,1 hh",Smoky-Black,Linau,"40,000","$42,601.00 ",Dressage - Breeding - Jumping,
11020,Westphalian,Gelding,9 years,18 hh,Smoky-Black,Ahaus,"50,000","$53,251.00 ",Dressage - Jumping,
11021,Mule,Gelding,10 years,14 hh,Bay-Dark,Ida Grove,N/A,N/A,Driving ,
11022,American Quarter Horse,Mare,6 years,15 hh,Chestnut,Garden City,N/A,N/A,Trail - Western Pleasure - Western ,
11023,Kentucky Mountain Saddle Horse,Gelding,8 years,15 hh,Bay,Moscow,N/A,N/A,Trail - Western - Driving ,
11024,Thoroughbred,Gelding,3 years,16 hh,Chestnut,Fort Collins,N/A,N/A,Eventing - Trail - Jumping - Dressage ,
11025,Paint Horse,Mare,13 years,15 hh,Can be white,Fort Collins,N/A,N/A,Eventing - Western - Jumping - Dressage ,
11026,American Quarter Horse,Gelding,10 years,11 hh,Tobiano-all-colors,Weatherford TX,N/A,"$3,500.00 ",Trail - Versatility Ranch Horse,
11027,German Sport Horse,Mare,1 year,N/A,N/A,Burgthann,"15,000","$15,975.00 ",Dressage,Halter accustomed
11028,Arabian horses,Gelding,2 years,"14,3 hh",Gray-Dapple,Kehl,"4,000","$4,260.00 ",Endurance - Western - Leisure - Dressage,"Green, is allrounder, Halter accustomed"
11029,Hanoverian,Gelding,8 years,"16,1 hh",Black,Corbera,"25,000","$26,626.00 ",Dressage,"is easy to load, Stands for the farrier, "
11030,Hanoverian,Mare,7 years,"16,3 hh",Gray-Dapple,Wächtersbach,"70,000","$74,552.00 ",Jumping,"is easy to load, vet-check, Competition experience"
11031,American Quarter Horse,Gelding,12 years,"14,3 hh",Bay,Lipan TX,N/A,"$3,500.00 ",Trail - Versatility Ranch Horse,
11032,American Quarter Horse,Gelding,10 years,"14,3 hh",Palomino,Bitterwater CA,N/A,"$3,500.00 ",Trail - Versatility Ranch Horse,
11033,Oldenburg-International (OS),Gelding,8 years,N/A,N/A,Wächtersbach,"25,000","$26,626.00 ",Jumping - Leisure,"is easy to load, vet-check, Stands for the farrier"
11034,American Quarter Horse,Gelding,10 years,"14,3 hh",Gray-Dapple,Paicines CA,N/A,"$3,500.00 ",Trail - Versatility Ranch Horse,
11035,Anglo European Studbook,Mare,4 years,17 hh,Bay-Dark,Ysselsteyn,"10,000","$10,650.00 ",Jumping - Eventing,
11036,Arabian horses,Mare,12 years,15 hh,Black,Bochum,"19,500","$20,768.00 ",Leisure - Show - Endurance - Western,
11037,Shetland Ponies,Gelding,3 years,"10,1 hh",Black,Halle,"1,800","$1,917.00 ",Driving - Leisure ,
11038,Westphalian,Mare,5 years,16 hh,Gray,Haltern am See,"18,500","$19,703.00 ",Jumping - Eventing,
11039,German Sport Horse,Mare,3 years,16 hh,Brown,MartfeldMartfeld,"8,500","$9,053.00 ",Dressage - Breeding - Jumping - Leisure ,
11040,German Riding Pony,Stallion,3 years,"14,2 hh",Buckskin,Vettweiß,"40,000","$42,601.00 ",Dressage - Breeding - Mating ,
11041,Hanoverian,Mare,4 years,"16,1 hh",Brown,Warendorf,"25,000","$26,626.00 ",Dressage - Breeding - Eventing ,
11042,German Sport Horse,Mare,11 years,"16,2 hh",Chestnut-Red,Göppingen,"15,000","$15,975.00 ",Dressage - Breeding - Jumping - Leisure,
11043,Irish Sport Horse,Mare,7 years,"15,2 hh",Brown,Sligo,"5,000","$5,325.00 ",Jumping - Hunting - Eventing - Dressage ,
11044,KWPN,Gelding,9 years,"16,1 hh",Bay,Pilisjászfalu,"25,000","$26,626.00 ",Dressage ,
11045,KWPN,Gelding,5 years,17 hh,Chestnut-Red,Eibergen,"10,000","$10,650.00 ",Dressage,
11046,PRE Mix,Gelding,7 years,16 hh,Gray,Barcelona,N/A,N/A,Dressage - Show - Baroque - Leisure ,
11047,PRE Mix,Stallion,6 years,"16,1 hh",Black,Barcelona,N/A,N/A,Dressage - Show - Baroque - Leisure ,
11048,PRE,Stallion,6 years,16 hh,Dun,Barcelona,N/A,N/A,Dressage - Show - Leisure ,
11049,Hanoverian,Stallion,4 years,"17,1 hh",Chestnut-Red,Greifenstein,"100,000","$106,503.00 ",Dressage - Mating ,
11050,Oldenburg,Mare,14 years,"16,2 hh",Smoky-Black,Bramsche,"10,000","$10,650.00 ",Breeding - Dressage,
11051,Trakehner,Mare,4 years,"16,1 hh",Smoky-Black,Bernsdorf,"10,000","$10,650.00 ",Dressage - Breeding,
11052,KWPN,Gelding,3 years,16 hh,Brown,Loon op Zand,"15,000","$15,975.00 ",Dressage,
11053,PRE,Mare,5 years,"15,3 hh",Brown,Wiebelsheim,"9,999","$10,649.00 ",Leisure - Baroque - Breeding - Dressage ,
11054,PRE,Mare,1 year,N/A,N/A,Alveringem,"10,000","$10,650.00 ",Dressage - Leisure ,
11055,Pony of the Americas,Gelding,10 years,11 hh,Tobiano-all-colors,Weatherford Tx,N/A,"$3,500.00 ",Trail - Versatility Ranch Horse,
11056,Other Warmbloods,Mare,,"16,1 hh",Palomino,Borgentreich,N/A,N/A,Jumping - Eventing - Leisure - Dressage,
11057,PRE,Stallion,1 year,15 hh,N/A,Los Rosales,"3,000","$3,195.00 ",Gaited ,
11058,PRE,Stallion,3 years,"15,2 hh",Gray,Wremen,"15,000","$15,975.00 ",Working Equitation - Breeding - Leisure - Dressage ,
11059,Oldenburg-International (OS),Mare,5 years,16 hh,Brown,Korntal-Münchingen,"18,500","$19,703.00 ",Jumping - Eventing - Leisure - Dressage ,
11060,Andalusian,Stallion,8 years,"16,1 hh",Black,EngeR,N/A,N/A,Baroque ,
11061,German Riding Pony,Gelding,4 years,"13,2 hh",Palomino,Aeugst am Albis,"15,000","$15,975.00 ",Dressage - Jumping - Leisure - Driving ,
11062,Oldenburg,Gelding,12 years,"16,2 hh",Bay-Dark,Münchberg,"100,000","$106,503.00 ",Dressage,
11063,German Sport Horse,Mare,8 years,"16,3 hh",Gray,Greiz,"20,000","$21,301.00 ",Jumping ,
11064,Holstein,Mare,5 years,"15,2 hh",Brown,Breydin,"40,000","$42,601.00 ",Jumping - Hunter,
11065,German Sport Horse,Mare,8 years,17 hh,Chestnut-Red,Karlsfeld,N/A,N/A,Dressage ,
11066,Friesian horses,Mare,3 years,"15,3 hh",Black,Mijnsheerenland,"7,000","$7,455.00 ",Leisure - Breeding ,
11067,Friesian horses,Mare,8 years,16 hh,Black,Mijnsheerenland,"17,500","$18,638.00 ",Breeding - Mating - Dressage ,
11068,Friesian horses,Stallion,4 years,16 hh,Black,Mijnsheerenland,N/A,N/A,Dressage - Baroque - Mating ,
11069,Friesian horses,Mare,4 years,16 hh,Black,Mijnsheerenland,"13,500","$14,378.00 ",Dressage - Breeding - Leisure ,
11070,Friesian horses,Gelding,4 years,"15,3 hh",Black,Mijnsheerenland,"15,000","$15,975.00 ",Dressage - Leisure ,
11071,Friesian horses,Stallion,5 years,16 hh,Black,Mijnsheerenland,N/A,N/A,Dressage - Show - Mating ,
11072,Friesian horses,Mare,9 years,"16,1 hh",Black,Mijnsheerenland,"22,500","$23,963.00 ",Breeding ,
11073,Friesian horses,Stallion,3 years,"15,3 hh",Black,Mijnsheerenland,"15,000","$15,975.00 ",Dressage - Show - Leisure ,
11074,Friesian horses,Stallion,4 years,16 hh,Black,Mijnsheerenland,"18,500","$19,703.00 ",Dressage - Leisure - Driving ,
11075,Friesian horses,Mare,8 years,16 hh,Black,Mijnsheerenland,"17,500","$18,638.00 ",Breeding - Leisure - Dressage ,
11076,Bavarian Warmblood,Stallion,6 years,"16,1 hh",Brown,Karlsfeld,N/A,N/A,Dressage ,
11077,Shagya Arabian Mix,Stallion,2 years,15 hh,Can be white,Rotenburg an der Fulda,"6,900","$7,349.00 ",Endurance - Jumping - Leisure - Dressage ,
11078,Pintos,Stallion,2 years,"14,2 hh",Pinto,Breiholz,"4,900","$5,219.00 ",Dressage - Eventing - Jumping - Leisure ,
11079,German Riding Pony,Stallion,2 years,"14,2 hh",Pinto,Breiholz,"4,900","$5,219.00 ",Dressage - Eventing - Jumping - Leisure,
11080,Other Warmbloods,Mare,9 years,"16,1 hh",Brown,Weichs,"70,000","$74,552.00 ",Jumping,
11081,Lewitzer,Stallion,2 years,"14,2 hh",Pinto,Breiholz,"4,900","$5,219.00 ",Dressage - Eventing - Jumping - Leisure ,
11082,Shagya Arabian,Gelding,7 years,"15,1 hh",Gray,Rotenburg an der Fulda,"10,000","$10,650.00 ",Endurance - Western - Leisure - Dressage ,
11083,Shagya Arabian,Gelding,4 years,"15,3 hh",Brown,Rotenburg an der Fulda,"10,000","$10,650.00 ",Endurance - Eventing - Leisure - Dressage ,
11084,German Sport Horse,Gelding,4 years,"16,2 hh",Black,Karlsfeld,N/A,N/A,Dressage ,
11085,German Sport Horse,Mare,4 years,17 hh,Chestnut,Karlsfeld,N/A,N/A,Dressage ,
11086,Lusitano,Mare,3 years,"15,2 hh",Dun,Encarnação,"20,000","$21,301.00 ",Dressage - Working Equitation - Breeding ,
11087,Lusitano,Mare,4 years,"15,2 hh",Gray,Encarnação,"10,000","$10,650.00 ",Dressage - Working Equitation - Breeding ,
11088,Zangersheider,Gelding,6 years,"16,2 hh",White,Maaseik,"30,000","$31,951.00 ",Jumping ,
11089,Hungarian Sport Horse,Gelding,12 years,16 hh,Bay-Dark,Pócsmegyer,"20,000","$21,301.00 ",Jumping ,
11090,PRE Mix,Stallion,3 years,15 hh,Perlino,Visz,"4,000","$4,260.00 ",Baroque - Working Equitation - Dressage ,
11091,Andalusian,Mare,4 years,"15,1 hh",Palomino,Daleiden,"8,600","$9,159.00 ",Leisure - Working Equitation - Trail - Dressage ,
11092,Andalusian Mix,Gelding,4 years,"15,2 hh",Chestnut-Red,Krumbach,"15,000","$15,975.00 ",Dressage - Working Equitation - Leisure ,
11093,Oldenburg,Gelding,11 years,"16,2 hh",Black,Pilisjászfalu,"70,000","$74,552.00 ",Dressage ,
11094,American Quarter Horse,Mare,9 years,14 hh,Gray,Fort Worth Texas,N/A,"$2,500.00 ",Driving - English Pleasure ,
11095,Zangersheider,Gelding,5 years,"15,1 hh",Bay,Wisznia Mała,"70,000","$74,552.00 ",Jumping ,
11096,German Sport Horse,Gelding,6 years,"16,2 hh",Bay,Kroatisch Minihof / Mjenovo,"15,000","$15,975.00 ",Jumping - Hunter - Leisure - Dressage ,
11097,Zangersheider,Mare,8 years,N/A,N/A,Kent,N/A,"$30,609.00 ",Eventing - Jumping - Dressage ,
11098,KWPN,Mare,9 years,"16,1 hh",Chestnut,Canterbury,N/A,"$24,488.00 ",Jumping - English Pleasure - Eventing - Hunter ,
11099,Zangersheider,Stallion,1 year,"16,1 hh",Chestnut,Canterbury,N/A,"$10,713.00 ",Jumping ,
11100,KWPN,Gelding,11 years,"16,1 hh",Gray,Schlins,"20,000","$21,301.00 ",Jumping - Eventing - Dressage ,
11101,Welsh D (Cob),Gelding,5 years,"13,2 hh",Pinto,Schlins,"7,000","$7,455.00 ",Leisure - Eventing - Jumping - Dressage ,
11102,Welsh D (Cob),Gelding,5 years,"13,2 hh",Pinto,Schlins,"6,800","$7,242.00 ",Leisure - Eventing - Jumping - Dressage ,
11103,German Sport Horse,Stallion,1 year,"16,1 hh",Brown,Burgstall,"4,500","$4,793.00 ",Jumping - Show - Leisure,
11104,German Sport Horse,Stallion,2 years,"16,1 hh",Brown,Burgstall,"4,400","$4,686.00 ",Jumping - Show - Leisure,
11105,German Sport Horse,Stallion,2 years,"16,3 hh",Bay-Dark,Burgstall,"4,300","$4,580.00 ",Jumping - Show - Leisure,
11106,American Quarter Horse,Mare,1 year,"15,1 hh",N/A,Geiselwind,"10,000","$10,650.00 ",Western - Show - Leisure,
11107,Hanoverian,Stallion,1 year,"16,2 hh",Brown,Losheim am See,"8,000","$8,520.00 ",Jumping - Show - Leisure,
11108,American Quarter Horse,Stallion,2 years,15 hh,Red Dun,Reichelsheim,"7,000","$7,455.00 ",Western - Show - Leisure,
11109,American Quarter Horse,Gelding,11 years,15 hh,Gray,Paicines CA,N/A,"$3,500.00 ",Trail - Versatility Ranch Horse ,
11110,American Quarter Horse,Mare,10 years,"14,2 hh",Gray,Camp Verde AZ,N/A,"$3,500.00 ",Trail - Versatility Ranch Horse ,
11111,American Saddlebred,Gelding,9 years,"14,3 hh",Bay,Paicines CA,N/A,"$3,500.00 ",Trail - Versatility Ranch Horse ,
11112,American Quarter Horse,Gelding,9 years,"14,3 hh",Buckskin,Casa Grande AZ,N/A,"$3,500.00 ",Trail - Versatility Ranch Horse ,
11113,American Quarter Horse,Gelding,13 years,16 hh,Palomino,Flemingsburg KY,N/A,"$3,500.00 ",Trail - Versatility Ranch Horse ,
11114,American Quarter Horse,Gelding,6 years,N/A,N/A,River Falls Wi,N/A,"$3,500.00 ",Trail - Versatility Ranch Horse ,
11115,Hanoverian,Mare,8 years,"16,2 hh",Black,Békésszentandrás,"8,500","$9,053.00 ",Dressage - Vaulting - Leisure,
11116,Hanoverian,Mare,10 years,"16,2 hh",Brown,Békésszentandrás,"8,900","$9,479.00 ",Dressage - Jumping - Hunter - Leisure,
11117,Westphalian,Mare,9 years,"16,1 hh",Brown,Békésszentandrás,"8,700","$9,266.00 ",Dressage - Vaulting - Jumping - Leisure,
11118,Mustang (american),Gelding,6 years,14 hh,Dun,Stephenville TX,N/A,"$3,500.00 ",Trail - Versatility Ranch Horse ,
11119,Percheron,Gelding,9 years,16 hh,Gray-Dapple,"Mount Vernon, KY",N/A,"$3,500.00 ",Trail - Versatility Ranch Horse ,
11120,Draft Horse,Gelding,9 years,16 hh,Gray-Dapple,"Mount Vernon, KY",N/A,"$3,500.00 ",Trail - Versatility Ranch Horse ,
11121,American Quarter Horse,Gelding,9 years,16 hh,Gray-Dapple,Mount Vernon Ky,N/A,"$3,500.00 ",Trail - Versatility Ranch Horse ,
11122,Draft Horse,Gelding,4 years,N/A,N/A,Flemingsburg KY,N/A,"$3,500.00 ",Trail - Versatility Ranch Horse ,
11123,American Quarter Horse,Gelding,4 years,N/A,N/A,Flemingsburg KY,N/A,"$3,500.00 ",Trail - Versatility Ranch Horse ,
11124,American Quarter Horse,Gelding,7 years,"15,1 hh",Black,Lipan TX,N/A,"$3,500.00 ",Trail - Versatility Ranch Horse ,
11125,Fjord Horses,Mare,12 years,"14,2 hh",Buckskin,Flemingsburg Ky,N/A,"$3,500.00 ",Trail - Versatility Ranch Horse ,
11126,American Quarter Horse,Gelding,9 years,"14,2 hh",Palomino,Camp Verde AZ,N/A,"$3,500.00 ",Trail - Versatility Ranch Horse ,
11127,Paint Horse,Mare,3 years,"14,3 hh",Tobiano-all-colors,Weatherford TX,N/A,"$3,500.00 ",Trail - Versatility Ranch Horse ,
11128,American Quarter Horse,Gelding,3 years,"14,3 hh",Tobiano-all-colors,Weatherford TX,N/A,"$3,500.00 ",Trail - Versatility Ranch Horse ,
11129,Oldenburg,Mare,4 years,"16,2 hh",Chestnut-Red,Ladeburg,"9,000","$9,585.00 ",Dressage - Leisure ,
11130,American Quarter Horse,Mare,10 years,"14,3 hh",Chestnut,Bitterwater CA,N/A,"$3,500.00 ",Trail - Versatility Ranch Horse ,
11131,Polish Warmblood,Gelding,7 years,"15,2 hh",Brown,Groß Twülpstedt,"8,500","$9,053.00 ",Leisure ,
11132,Arabian horses,Stallion,3 years,"14,2 hh",Black,Zawidz Kościelny,"10,000","$10,650.00 ",Breeding - English Pleasure,
11133,Paint Horse,Gelding,9 years,"14,1 hh",Overo-all-colors,Quitman AR,N/A,"$3,500.00 ",Trail - Versatility Ranch Horse ,
11134,American Quarter Horse,Gelding,9 years,"14,1 hh",Overo-all-colors,Quitman AR,N/A,"$3,500.00 ",Trail - Versatility Ranch Horse ,
11135,American Quarter Horse,Gelding,13 years,N/A,N/A,Howell MI,N/A,"$3,500.00 ",Trail - Versatility Ranch Horse ,
11136,American Quarter Horse,Gelding,8 years,12 hh,Roan-Red,Livingston Al,N/A,"$3,500.00 ",Trail - Versatility Ranch Horse ,
11137,German Riding Pony,Gelding,3 years,"14,1 hh",Dun,Güstrow,"5,000","$5,325.00 ",Jumping - Hunter under saddle - Eventing - Dressage ,
11138,Hanoverian,Stallion,4 years,"16,2 hh",Bay-Dark,Lippetal,"40,000","$42,601.00 ",Dressage,
11139,Westphalian,Mare,4 years,"16,1 hh",Brown,Wysin,"20,000","$21,301.00 ",Jumping - Eventing ,
11140,Oldenburg-International (OS),Mare,9 years,"16,1 hh",Bay-Dark,Wysin,"41,000","$43,666.00 ",Jumping ,
11141,Oldenburg,Mare,7 years,"15,2 hh",Gray,Wysin,"16,000","$17,040.00 ",Jumping ,
11142,Westphalian,Gelding,5 years,"16,1 hh",Smoky-Black,Salzhemmendorf,"12,000","$12,780.00 ",Dressage - Eventing - Jumping - Leisure ,
11143,Spanish Sporthorse Mix,Gelding,5 years,"16,1 hh",Brown,Aldingen,"15,000","$15,975.00 ",Dressage - Working Equitation - Leisure ,
11144,Westphalian,Mare,4 years,"15,3 hh",Bay-Dark,Glandorf,"10,000","$10,650.00 ",Eventing - Jumping - Leisure - Dressage ,
11145,Brandenburg Warmblood,Gelding,4 years,16 hh,Black,Freiensteinau,"70,000","$74,552.00 ",Dressage ,
11146,Irish Sport Horse Mix,Gelding,4 years,16 hh,Brown,Uelsen,"6,900","$7,349.00 ",Leisure - Jumping - Dressage ,
11147,Hanoverian,Gelding,5 years,17 hh,Smoky-Black,Freiensteinau,"30,000","$31,951.00 ",Dressage ,
11148,Irish Sport Horse Mix,Gelding,10 years,"15,2 hh",Brown,Uelsen,"7,300","$7,775.00 ",Leisure - Jumping - Dressage ,
11149,Oldenburg,Mare,8 years,"16,2 hh",Smoky-Black,Freiensteinau,N/A,N/A,Dressage ,
11150,Irish Sport Horse Mix,Gelding,9 years,"15,2 hh",Brown,Uelsen,"7,500","$7,988.00 ",Leisure - Jumping - Dressage ,
11151,Austrian Warmblood,Stallion,3 years,"16,2 hh",N/A,St. Marein bei Graz,"40,000","$42,601.00 ",Dressage,
11152,Latvian Warmblood,Gelding,12 years,"14,1 hh",N/A,Riga,"10,000","$10,650.00 ",Jumping - Eventing - Dressage ,
11153,Lusitano Mix,Gelding,4 years,"14,3 hh",Gray,Tabernas Almeria,"3,700","$3,941.00 ",Dressage - Leisure ,
11154,American Quarter Horse,Gelding,5 years,N/A,N/A,Millersburg,N/A,N/A,Trail - Versatility Ranch Horse ,
11155,Hanoverian,Mare,4 years,"15,1 hh",Chestnut-Red,Glandorf,"10,000","$10,650.00 ",Eventing - Jumping - Leisure - Dressage ,
11156,Oldenburg-International (OS),Stallion,1 year,N/A,N/A,Dassel,"10,000","$10,650.00 ",Jumping,
11157,Oldenburg,Gelding,4 years,"16,1 hh",Bay-Dark,Weert,"17,500","$18,638.00 ",Dressage ,
11158,Arabian horses,Gelding,2 years,"14,3 hh",Gray-Dapple,Reutenbourg,"4,000","$4,260.00 ",Endurance - Western - Leisure - Dressage,"Green, is allrounder, Halter accustomed"
11159,KWPN,Gelding,7 years,"16,2 hh",Brown,Mittergoggitsch,"22,000","$23,431.00 ",Dressage - Jumping - Leisure ,
11160,Lipizzaner,Gelding,14 years,"15,2 hh",N/A,Prinzersdorf,"4,800","$5,112.00 ",Driving - Leisure ,
11161,Hungarian Sport Horse Mix,Mare,6 years,"14,1 hh",Black,Matzersdorf,"5,800","$6,177.00 ",Leisure - Jumping - Driving - Dressage ,
11162,PRE Mix,Stallion,6 years,"16,1 hh",Brown,Navas Del Madroño,"40,000","$42,601.00 ",Eventing ,
11163,Oldenburg-International (OS),Mare,8 years,"16,1 hh",Brown,Gummersbach,"11,900","$12,674.00 ",Jumping - Breeding - Eventing - Leisure,
11164,PRE,Stallion,7 years,"15,2 hh",Pearl,Marly-sous-Issy,"25,000","$26,626.00 ",Dressage - Breeding ,
11165,Other Breeds,Mare,3 years,"15,2 hh",Brown,Marly-sous-Issy,"20,000","$21,301.00 ",Dressage - Breeding ,
11166,Oldenburg,Mare,10 years,16 hh,Tobiano-all-colors,Marly-sous-Issy,"18,000","$19,170.00 ",Breeding - Dressage ,
11167,Lusitano,Stallion,3 years,N/A,N/A,Saligny sur Roudon,"10,000","$10,650.00 ",Dressage - Working Equitation - Breeding - Mating ,
11168,Lusitano,Mare,13 years,16 hh,Gray-Fleabitten,Saligny sur Roudon,N/A,N/A,Breeding - Working Equitation - Leisure - Dressage ,
11169,PRE,Gelding,8 years,"15,3 hh",Smoky-Black,Krumbach,"40,000","$42,601.00 ",Dressage - Working Equitation - Baroque - Driving ,
11170,PRE,Stallion,7 years,"15,3 hh",Brown,Krumbach,"40,000","$42,601.00 ",Dressage - Working Equitation - Show - Leisure ,
11171,KWPN,Gelding,4 years,16 hh,Brown,Ceske Budejovice,"5,500","$5,858.00 ",Jumping - Working Equitation - Hunter - Leisure ,
11172,Oldenburg,Mare,8 years,16 hh,Chestnut-Red,Roßdorf,"20,000","$21,301.00 ",Dressage,
11173,Holstein,Gelding,7 years,"16,1 hh",Gray,Bergisch Gladbach,"40,000","$42,601.00 ",Jumping ,
11174,Holstein,Gelding,5 years,"16,2 hh",Gray,Zossen,"15,000","$15,975.00 ",Jumping - Leisure ,
11175,German Riding Pony,Mare,7 years,"14,2 hh",Chestnut,Marienfeld,"25,000","$26,626.00 ",Dressage - Breeding - Eventing - Jumping,
11176,Paint Horse,Mare,19 years,"15,1 hh",Gray-Dapple,BETTELDORF,"2,200","$2,343.00 ",Breeding - Western - Leisure ,
11177,Thoroughbred,Mare,14 years,"15,3 hh",Palomino,Beaumont pied-de-boeuf,51,$54.00 ,Breeding - Leisure ,
11178,German Riding Horse,Mare,16 years,"15,2 hh",Dun,Beaumont pied-de-boeuf,51,$54.00 ,Breeding ,
11179,Hanoverian,Stallion,4 years,16 hh,Gray,Magdeburg,"12,000","$12,780.00 ",Jumping - Breeding - Eventing,
11180,PRE,Stallion,2 years,"15,2 hh",Gray,Wremen,"15,000","$15,975.00 ",Working Equitation - Baroque - Leisure - Dressage ,
11181,Oldenburg-International (OS),Gelding,5 years,"16,2 hh",Bay-Dark,Sunthausen,"40,000","$42,601.00 ",Jumping ,
11182,German Riding Pony,Gelding,12 years,"13,1 hh",Chestnut-Red,Frankfurt am Main,"8,999","$9,584.00 ",Dressage - Jumping ,
11183,German Riding Pony,Gelding,9 years,"14,2 hh",Chestnut-Red,Limburg an der Lahn,"999,999","$1,065,024.00 ",Jumping - Leisure - Dressage ,
11184,New Forest Pony,Stallion,7 years,"14,2 hh",Brown,Pronstorf,"10,000","$10,650.00 ",Jumping - Dressage ,
11185,PRE Mix,Stallion,5 years,"16,1 hh",Dun,Merida,N/A,N/A,Dressage - Leisure ,
11186,New Forest Pony,Mare,8 years,"14,1 hh",Chestnut-Red,"Recke, bei Osnabrück","40,000","$42,601.00 ",Dressage - Breeding - Jumping - Leisure ,
11187,Hanoverian,Mare,8 years,16 hh,Brown,Neustadt (Dosse),"10,000","$10,650.00 ",Jumping - Eventing - Hunter - Leisure ,
11188,PRE,Stallion,7 years,17 hh,Dun,Barcelona,N/A,N/A,Dressage - Baroque - Leisure ,
11189,PRE,Stallion,4 years,"16,1 hh",Gray,Puerto Lumbreras,"20,000","$21,301.00 ",Dressage - Baroque - Breeding - Mating ,
11190,PRE,Stallion,5 years,"15,3 hh",Gray-Dapple,Villanueva De Córdoba,"9,000","$9,585.00 ",Dressage - Leisure ,
11191,PRE,Stallion,3 years,"15,2 hh",Palomino,Girona,"40,000","$42,601.00 ",Dressage - Working Equitation - Breeding - Leisure ,
11192,PRE,Stallion,3 years,16 hh,Black,Girona,"40,000","$42,601.00 ",Dressage - Breeding - Leisure ,
11193,Noriker,Gelding,8 years,"15,1 hh",Pinto,Bayerbach,"7,800","$8,307.00 ",Leisure - Trail - Western ,
11194,PRE,Stallion,4 years,16 hh,Brown,Girona,"20,000","$21,301.00 ",Dressage - Breeding - Leisure ,
11195,Percheron,Gelding,6 years,"16,2 hh",Black,Bayerbach,"10,500","$11,183.00 ",Driving - Trail - Western ,
11196,PRE,Stallion,3 years,N/A,N/A,Girona,"40,000","$42,601.00 ",Dressage - Working Equitation - Leisure ,
11197,PRE,Stallion,4 years,"15,2 hh",Buckskin,Girona,"15,000","$15,975.00 ",Leisure - Working Equitation - Dressage ,
11198,Austrian Warmblood,Stallion,3 years,16 hh,Brown,Pennewang,N/A,N/A,Dressage - Leisure - Driving ,
11199,More ponies/small horses,Mare,4 years,"13,2 hh",Pinto,Straßwalchen,"6,500","$6,923.00 ",Leisure - Jumping - Driving - Dressage ,
11200,Spanish Sporthorse,Gelding,11 years,"12,2 hh",Black,Garagartza (Mendaro),"17,000","$18,105.00 ",Jumping - Eventing,
11201,American Quarter Horse,Mare,8 years,"14,2 hh",Palomino,Haren,"10,000","$10,650.00 ",Breeding,
11202,Oldenburg,Mare,15 years,17 hh,Bay-Dark,Damme,"2,500","$2,663.00 ",Breeding ,
11203,German Riding Horse,Stallion,16 years,"15,3 hh",Cremello,Beaumont pied-de-boeuf,51,$54.00 ,Breeding - Dressage ,
11204,Zangersheider,Mare,3 years,"13,1 hh",Dun,Beaumont pied-de-boeuf,51,$54.00 ,Eventing - Breeding ,
11205,French riding pony,Stallion,9 years,"14,1 hh",Bay,Tök,"45,000","$47,926.00 ",Jumping ,
11206,Zangersheider,Stallion,4 years,N/A,N/A,Tök,N/A,N/A,Jumping - Breeding - Eventing - Hunter,
11207,Hanoverian,Mare,15 years,"16,2 hh",Chestnut-Red,Beaumont pied-de-boeuf,51,$54.00 ,Breeding - Dressage ,
11208,Oldenburg,Stallion,7 years,"16,3 hh",Palomino,Beaumont pied-de-boeuf,51,$54.00 ,Dressage - Breeding ,
11209,Anglo-Arab,Stallion,5 years,15 hh,Black,Beaumont-de-boeuf,51,$54.00 ,Leisure - Breeding ,
11210,PRE Mix,Mare,1 year,16 hh,Black,La Vespière-Friardel,"4,990","$5,314.00 ",Dressage - Leisure ,
11211,Thoroughbred,Mare,8 years,16 hh,Brown,Fort Worth Texas,N/A,"$2,100.00 ",Breeding - English Pleasure ,
11212,Thoroughbred,Stallion,11 years,"15,1 hh",Cremello,Beaumont pied-de-boeuf,51,$54.00 ,Breeding - Racing horses ,
11213,German Sport Horse,Mare,4 years,"16,1 hh",Bay-Dark,Wetter (Ruhr),"20,000","$21,301.00 ",Dressage - Leisure ,
11214,PRE,Mare,2 years,16 hh,Brown,Vilanova y la Geltru,"25,000","$26,626.00 ",Gaited - Breeding - Dressage ,
11215,Pottok,Stallion,7 years,"16,2 hh",Sorrel,Vilanova y la Geltru,"20,000","$21,301.00 ",Gaited - Baroque - Breeding - Dressage ,
11216,Other Breeds,Mare,10 years,"14,2 hh",Brown,Hopsten,N/A,N/A,Leisure,"suitable as school horse/pony, suitable for beginners, Reliable for trail riding"
11217,Oldenburg,Gelding,8 years,"16,2 hh",Chestnut-Red,Bretten,"70,000","$74,552.00 ",Dressage,"is easy to load, Stands for the farrier, Directly from the breeder"
11218,Swiss Warmblood,Mare,15 years,"16,1 hh",Brown,Retschwil,"70,000","$74,552.00 ",Jumping,
11219,Swiss Warmblood,Gelding,3 years,"16,2 hh",Bay-Dark,Hitzkirch,N/A,"$27,560.00 ",Jumping,
11220,American Quarter Horse,Mare,1 year,15 hh,Roan-Blue,Breitenbach,"8,000","$8,520.00 ",Western - Show - Leisure,
11221,American Quarter Horse,Mare,2 years,"13,3 hh",Chestnut-Red,Waldshut-Tiengen,N/A,N/A,Reining - Versatility Ranch Horse - Breeding - Western ,
11222,Azteca,Mare,1 year,"15,1 hh",Buckskin,Waldshut-Tiengen,N/A,N/A,Working Equitation - Western - Leisure ,
11223,Noriker,Mare,2 years,16 hh,Black,Waldshut-Tiengen,N/A,N/A,Leisure - Breeding - Western ,
11224,American Quarter Horse,Stallion,3 years,"13,3 hh",Brown,Waldshut-Tiengen,N/A,N/A,Cutting - Cowhorse - Breeding ,
11225,Noriker,Mare,4 years,"15,2 hh",Black,Waldshut-Tiengen,N/A,N/A,Leisure - Breeding - Western ,
11226,Connemara,Mare,15 years,"14,3 hh",Gray,Waldshut-Tiengen,N/A,N/A,Leisure - Western ,
11227,American Quarter Horse,Stallion,1 year,"14,2 hh",N/A,Geiselwind,N/A,N/A,Western - Show - Leisure,
11228,American Quarter Horse,Mare,14 years,"14,1 hh",Chestnut-Red,Waldshut-Tiengen,N/A,N/A,Breeding - Cutting - Cowhorse ,
11229,American Quarter Horse,Stallion,3 years,"13,3 hh",Champagne,Waldshut-Tiengen,N/A,N/A,Western - Reining - Breeding - Leisure ,
11230,Noriker,Mare,1 year,"15,2 hh",Leopard-Piebald,Waldshut-Tiengen,N/A,N/A,Leisure - Breeding - Driving - Dressage ,
11231,PRE,Stallion,13 years,"14,3 hh",Perlino,Waldshut-Tiengen,N/A,N/A,Baroque - Working Equitation - Breeding - Western ,
11232,American Quarter Horse,Stallion,1 year,"14,2 hh",Grullo,Geiselwind,"8,000","$8,520.00 ",Western - Show - Leisure,
11233,Draft Horse Mix,Gelding,6 years,16 hh,Dun,"Thurmont, MD",N/A,N/A,Trail - Versatility Ranch Horse - Show - Leisure ,
11234,Gypsy Horse,Mare,4 years,"14,1 hh",N/A,"Howard, PA",N/A,N/A,Trail - Show - Leisure ,
11235,More ponies/small horses,Gelding,7 years,"8,1 hh",N/A,"Carthage, TX",N/A,N/A,Trail - Show - Leisure - Driving ,
11236,Arabo-Friesian,Stallion,2 years,"16,2 hh",Black,Navalperal De Pinares,"6,000","$6,390.00 ",Gaited - Trail - Baroque - Dressage,
11237,Andalusian Mix,Stallion,11 years,"15,1 hh",Black,Pilas,"12,000","$12,780.00 ",Dressage - Doma Vaquera - Working Equitation - Baroque ,
11238,German Riding Pony,Gelding,17 years,"14,2 hh",Bay-Dark,Hammah,"10,000","$10,650.00 ",Dressage - Jumping ,
11239,American Quarter Horse,Gelding,5 years,"15,3 hh",Roan-Bay,Mount Vernon,N/A,"$17,500.00 ",Versatility Ranch Horse - Trail ,
11240,Appaloosa,Gelding,5 years,"13,3 hh",Palomino,Mount Vernon,N/A,"$20,000.00 ",Versatility Ranch Horse - Trail ,
11241,American Quarter Horse,Gelding,5 years,"13,3 hh",Palomino,Mount Vernon,N/A,"$20,000.00 ",Versatility Ranch Horse - Trail ,
11242,Hanoverian,Gelding,7 years,"16,2 hh",Smoky-Black,Wentorf bei Hamburg,"40,000","$42,601.00 ",Dressage,
11243,American Quarter Horse,Mare,4 years,"14,3 hh",Palomino,Steyerberg Deblinghausen,"19,500","$20,768.00 ",Western - Western allround - Breeding - Leisure ,
11244,PRE,Stallion,14 years,"16,1 hh",Gray,Groß Enzersdorf,"15,000","$15,975.00 ",Dressage - Working Equitation - Leisure,
11245,KWPN,Mare,4 years,"16,1 hh",Black,Neuss,"40,000","$42,601.00 ",Dressage,
11246,KWPN,Gelding,5 years,16 hh,Black,Neuss,"13,800","$14,697.00 ",Dressage - Eventing - Jumping - Leisure,
11247,KWPN,Gelding,4 years,"16,2 hh",Black,Neuss,"15,000","$15,975.00 ",Dressage - Leisure,
11248,KWPN,Gelding,4 years,"16,1 hh",Bay-Dark,Neuss,"12,500","$13,313.00 ",Dressage - Leisure,
11249,KWPN,Mare,6 years,16 hh,Brown,Neuss,"10,000","$10,650.00 ",Dressage - Breeding - Leisure,
11250,KWPN,Gelding,4 years,"16,1 hh",Black,Neuss,"30,000","$31,951.00 ",Dressage - Eventing - Jumping - Leisure,
11251,Paint Horse,Mare,10 years,"15,2 hh",Tobiano-all-colors,Elsdorf,"18,500","$19,703.00 ",Jumping - Breeding - Dressage ,
11252,Other Warmbloods,Stallion,4 years,"16,2 hh",Pinto,Borgentreich,N/A,N/A,Jumping - Eventing - Leisure - Dressage ,
11253,American Quarter Horse,Gelding,10 years,15 hh,Bay,"Clarion, PA",N/A,"$10,000.00 ",Versatility Ranch Horse - Trail - Show - Western ,
11254,Belgian Warmblood,Gelding,10 years,16 hh,Bay-Dark,Reuver,"40,000","$42,601.00 ",Jumping,
11255,More ponies/small horses,Gelding,3 years,8 hh,Palomino,"Auburn, KY",N/A,N/A,Trail - Show - Leisure ,
11256,American Quarter Horse,Mare,3 years,"14,2 hh",Sorrel,"Waco, TX",N/A,N/A,Versatility Ranch Horse - Cowhorse - Show - Western ,
11257,American Quarter Horse,Gelding,10 years,"14,3 hh",Buckskin,"Clarion, PA",N/A,N/A,Versatility Ranch Horse - Trail - Show - Western ,
11258,American Quarter Horse,Gelding,4 years,"15,1 hh",Gray,"Sheffield, IA",N/A,N/A,Versatility Ranch Horse - Trail - Show - Western ,
11259,American Quarter Horse,Mare,4 years,"14,2 hh",Sorrel,"Morriston, FL",N/A,N/A,Reining - English Pleasure - Trail - Show ,
11260,American Quarter Horse,Gelding,11 years,"15,2 hh",Buckskin,"Baldwyn, MS",N/A,N/A,Versatility Ranch Horse - Trail - Show - Western ,
11261,American Quarter Horse,Gelding,7 years,"15,2 hh",Buckskin,"Killdeer, ND",N/A,N/A,Versatility Ranch Horse - Trail - Show - Western ,
11262,Shire Horse,Mare,3 years,"16,2 hh",Black,"Auburn, KY",N/A,N/A,Trail - English Pleasure - Show - Western ,
11263,American Quarter Horse,Stallion,3 years,"14,2 hh",Buckskin,"Baxter Springs, KS",N/A,N/A,Reining - Versatility Ranch Horse - Cutting - Breeding ,
11264,American Quarter Horse,Mare,8 years,N/A,N/A,"Canyon, TX",N/A,N/A,Cutting - Versatility Ranch Horse - Trail - Show ,
11265,American Quarter Horse,Gelding,11 years,"15,1 hh",Bay,"Joshua, TX",N/A,N/A,Versatility Ranch Horse - Trail - Show - Western ,
11266,Paint Horse Mix,Gelding,6 years,15 hh,N/A,"Camp Verde, AZ",N/A,N/A,Trail - Versatility Ranch Horse - Show - Western ,
11267,American Quarter Horse,Gelding,5 years,"14,2 hh",Grullo,"Auburn, KY",N/A,N/A,Versatility Ranch Horse - English Pleasure - Trail - Western ,
11268,American Quarter Horse Mix,Gelding,5 years,"15,1 hh",N/A,"Weatherford, TX",N/A,N/A,Versatility Ranch Horse - English Pleasure - Trail - Show ,
11269,American Quarter Horse,Gelding,6 years,N/A,N/A,"Canyon, TX",N/A,N/A,Versatility Ranch Horse - Trail - Show - Western ,
11270,Appaloosa,Gelding,7 years,"16,1 hh",N/A,"Clover, SC",N/A,N/A,Trail - English Pleasure - Western - Leisure ,
11271,American Quarter Horse Mix,Gelding,5 years,"14,2 hh",Gray-Dapple,"Cisco, TX",N/A,N/A,Versatility Ranch Horse - Trail - Show - Leisure ,
11272,American Quarter Horse,Stallion,3 years,"14,3 hh",Palomino,"Canistota, SD",N/A,N/A,Reining - Versatility Ranch Horse - Trail - Breeding ,
11273,American Quarter Horse,Gelding,11 years,"15,3 hh",Roan-Blue,"Clarion, PA",N/A,N/A,Versatility Ranch Horse - Trail - Show - Western ,
11274,American Quarter Horse,Gelding,10 years,15 hh,Sorrel,"Canyon, TX",N/A,N/A,Cutting - Versatility Ranch Horse - Trail - Show ,
11275,Friesian horses Mix,Gelding,7 years,"15,3 hh",Black,"Gainesville, TX",N/A,N/A,Trail - Versatility Ranch Horse - Show - Dressage ,
11276,American Quarter Horse,Gelding,6 years,"15,2 hh",Bay-Dark,"Denville, NJ",N/A,N/A,Versatility Ranch Horse - Trail - Show - Western ,
11277,American Quarter Horse,Gelding,5 years,N/A,N/A,"Mount Vernon, MO",N/A,N/A,Versatility Ranch Horse - Trail - Show - Western ,
11278,American Quarter Horse,Gelding,7 years,"15,1 hh",Palomino,"Fredericksburg, OH",N/A,N/A,Versatility Ranch Horse - Trail - Show - Western ,
11279,American Quarter Horse,Gelding,3 years,14 hh,Chestnut,"Bellevue, IA",N/A,N/A,Cutting - Versatility Ranch Horse - Trail - Show ,
11280,American Quarter Horse,Gelding,7 years,15 hh,Dun,"Beaver Springs, PA",N/A,N/A,Versatility Ranch Horse - Trail - Show - Western ,
11281,American Quarter Horse,Gelding,13 years,"15,2 hh",Sorrel,"Huntsville, TX",N/A,N/A,Versatility Ranch Horse - Trail - Show - Western ,
11282,American Quarter Horse,Gelding,7 years,15 hh,Bay,"Weatherford, TX",N/A,N/A,Versatility Ranch Horse - Trail - Show - Western ,
11283,Appaloosa,Gelding,6 years,"14,3 hh",N/A,"Camp Verde, AZ",N/A,N/A,Trail - English Pleasure - Versatility Ranch Horse - Show ,
11284,American Quarter Horse,Mare,8 years,"14,2 hh",Gray,"Brownstown, IL",N/A,N/A,Versatility Ranch Horse - Trail - Show - Western ,
11285,Mule,Mare,13 years,"17,1 hh",Black,"Hastings, MN",N/A,N/A,Driving - Trail - Show - Leisure ,
11286,American Quarter Horse,Gelding,13 years,15 hh,Roan-Red,"Culleoka, TN",N/A,N/A,Versatility Ranch Horse - Trail - Show - Western ,
11287,American Quarter Horse,Gelding,8 years,"15,1 hh",Black,"Fresno, OH",N/A,N/A,Trail - English Pleasure - Show - Western ,
11288,Percheron Mix,Mare,3 years,"15,2 hh",Gray,"Auburn, KY",N/A,N/A,Trail - English Pleasure - Show - Western ,
11289,Paint Horse,Gelding,3 years,"15,1 hh",Bay,"Clover, SC",N/A,N/A,Trail - Versatility Ranch Horse - Jumping - Dressage ,
11290,American Quarter Horse,Gelding,6 years,"15,3 hh",Gray,"Clarion, PA",N/A,N/A,Versatility Ranch Horse - Trail - Show - Western ,
11291,Paint Horse,Gelding,7 years,"15,1 hh",N/A,"Stephenville, TX",N/A,N/A,Trail - Versatility Ranch Horse - Show - Western ,
11292,American Quarter Horse,Mare,11 years,15 hh,Sorrel,"Rebersburg, PA",N/A,N/A,Reining - Versatility Ranch Horse - Trail - Show ,
11293,Paint Horse,Gelding,10 years,15 hh,N/A,"Stephenville, TX",N/A,N/A,Trail - Versatility Ranch Horse - Show - Western ,
11294,American Quarter Horse,Gelding,3 years,15 hh,Sorrel,"Whitesboro, TX",N/A,N/A,Reining - Versatility Ranch Horse - Trail - Show ,
11295,American Quarter Horse,Stallion,1 year,"14,3 hh",Brown,Weste,"13,200","$14,058.00 ",Western - Show - Leisure,
11296,Paint Horse,Mare,4 years,15 hh,Palomino,Modena,"20,000","$21,301.00 ",Western - Show - Leisure,
11297,American Quarter Horse,Gelding,6 years,"15,1 hh",Buckskin,"Wickenburg, AZ",N/A,"$10,000.00 ",Trail ,
11298,American Quarter Horse,Gelding,6 years,15 hh,Gray-Dapple,"Wickenburg, AZ",N/A,"$10,000.00 ",Trail ,
11299,American Quarter Horse,Gelding,6 years,"15,2 hh",Grullo,"Wickenburg, AZ",N/A,"$10,000.00 ",Trail ,
11300,Rocky Mountain Horse,Mare,4 years,"14,1 hh",Champagne,Nack,"10,000","$10,650.00 ",Gaited - Trail - Endurance - Breeding ,
11301,Hanoverian,Mare,6 years,"16,2 hh",Bay-Dark,Ratingen,"20,000","$21,301.00 ",Dressage - Breeding ,
11302,KWPN,Stallion,4 years,"16,3 hh",Bay-Dark,Ratingen,"24,000","$25,561.00 ",Dressage ,
11303,PRE,Gelding,7 years,"15,2 hh",Palomino,Krumbach,"20,000","$21,301.00 ",Dressage - Working Equitation ,
11304,More ponies/small horses,Mare,4 years,14 hh,Gray,Deggendorf,"3,900","$4,154.00 ",Leisure ,
11305,Hucul,Gelding,5 years,"13,3 hh",Pinto,Coch,N/A,"$3,470.00 ",Leisure ,
11306,Haflinger,Mare,9 years,"14,2 hh",Chestnut-Red,Pelmberg,"8,800","$9,372.00 ",Eventing - Jumping - Leisure - Dressage ,
11307,Swiss Warmblood,Gelding,9 years,17 hh,Brown,Spreitenbach,N/A,"$13,229.00 ",Leisure - Jumping - Dressage,
11308,Other Warmbloods,Gelding,4 years,16 hh,Black,Götzendorf an der Leitha,"4,500","$4,793.00 ",Leisure ,
11309,Austrian Warmblood,Mare,7 years,"15,3 hh",Chestnut-Red,Götzendorf an der Leitha,"14,000","$14,910.00 ",Dressage - Breeding - Jumping - Leisure ,
11310,KWPN,Stallion,3 years,"16,2 hh",Buckskin,Prinsenbeek,"70,000","$74,552.00 ",Dressage - Working Equitation - Baroque - Mating ,
11311,German Riding Pony,Stallion,1 year,N/A,N/A,Hamburg,"5,000","$5,325.00 ",Dressage - Jumping - Leisure,
11312,PRE Mix,Mare,3 years,"14,3 hh",Black,Aldingen,"10,000","$10,650.00 ",Leisure - Baroque - Breeding - Dressage ,
11313,PRE,Stallion,4 years,"15,2 hh",Gray-Dapple,Vejer de la Frontera,"10,000","$10,650.00 ",Leisure - Baroque - Dressage ,
11314,PRE,Stallion,5 years,16 hh,Black,Vejer de la Frontera,"20,000","$21,301.00 ",Leisure - Baroque - Dressage ,
11315,Westphalian,Mare,4 years,16 hh,Bay-Dark,Immenrode,"23,000","$24,496.00 ",Dressage,
11316,Lusitano Mix,Mare,1 year,N/A,N/A,Las Piñas,"10,000","$10,650.00 ",Dressage - Doma Vaquera ,
11317,Hanoverian,Mare,7 years,"16,1 hh",Chestnut,Stuhr,"24,500","$26,093.00 ",Dressage - Working Equitation - Breeding - Leisure,
11318,Hanoverian,Mare,5 years,16 hh,Brown,Tespe,"20,000","$21,301.00 ",Dressage - Breeding ,
11319,Welsh A (Mountain Pony) Mix,Stallion,3 years,"11,1 hh",Brown,Metelen,750,$799.00 ,Leisure ,
11320,Gypsy Horse,Gelding,12 years,"14,1 hh",Black,Metelen,"4,400","$4,686.00 ",Leisure ,
11321,Westphalian,Stallion,1 year,N/A,N/A,Borchen,"5,000","$5,325.00 ",Dressage ,
11322,Westphalian,Mare,3 years,"16,3 hh",Chestnut-Red,Borchen,"10,000","$10,650.00 ",Dressage - Breeding ,
11323,Westphalian,Stallion,1 year,N/A,N/A,Borchen,"6,000","$6,390.00 ",Dressage ,
11324,Westphalian,Stallion,1 year,N/A,N/A,Borchen,"5,000","$5,325.00 ",Dressage - Leisure ,
11325,Westphalian,Mare,3 years,N/A,N/A,Borchen,"10,000","$10,650.00 ",Dressage - Hunting - Breeding - Leisure ,
11326,German Riding Pony,Mare,4 years,"14,2 hh",Buckskin,HanauHammersbach,"10,000","$10,650.00 ",Dressage - Eventing - Jumping - Driving,
11327,Oldenburg,Gelding,13 years,"17,1 hh",Brown,Roßdorf,"27,500","$29,288.00 ",Dressage - Eventing ,
11328,Hanoverian,Gelding,5 years,"17,1 hh",Black,Schönwalde,"16,000","$17,040.00 ",Dressage - Leisure ,
11329,Trakehner,Mare,2 years,N/A,N/A,Alzenau in Unterfranken,"10,000","$10,650.00 ",Eventing - Breeding - Jumping - Dressage,
11330,German Riding Horse,Mare,4 years,"16,3 hh",Brown,"Recke, bei Osnabrück","40,000","$42,601.00 ",Dressage - Breeding - Leisure ,
11331,PRE Mix,Gelding,6 years,"15,2 hh",Palomino,Barcelona,N/A,N/A,Dressage - Working Equitation - Baroque - Leisure ,
11332,PRE Mix,Stallion,4 years,16 hh,Gray,Barcelona,N/A,N/A,Dressage - Working Equitation - Baroque - Leisure ,
11333,PRE,Gelding,6 years,"15,1 hh",Gray,Barcelona,"10,000","$10,650.00 ",Dressage - Working Equitation - Baroque - Leisure ,
11334,PRE Mix,Stallion,4 years,"15,1 hh",Chestnut-Red,Barcelona,"10,000","$10,650.00 ",Dressage - Working Equitation - Baroque - Leisure ,
11335,Trakehner,Mare,9 years,"16,1 hh",Black,Brodersdorf,"20,000","$21,301.00 ",Dressage - Eventing - Jumping,
11336,Heavy Warmblood,Gelding,5 years,"15,3 hh",Black,Hopsten,N/A,N/A,Leisure,"suitable as school horse/pony, suitable for therapeutic riding, is broken-in"
11337,German Riding Pony,Gelding,4 years,"14,2 hh",Black,Ellefeld,"15,000","$15,975.00 ",Dressage - Jumping - Leisure - Driving,
11338,Hanoverian,Mare,8 years,"16,2 hh",Chestnut,Luzern,"70,000","$74,552.00 ",Dressage,
11339,PRE,Mare,11 years,"16,2 hh",Gray,Fuentes De Andalucia,"10,000","$10,650.00 ",Breeding ,
11340,PRE,Mare,4 years,16 hh,Bay-Dark,Fuentes De Andalucia,"10,000","$10,650.00 ",Gaited - Breeding - Dressage ,
11341,PRE Mix,Stallion,4 years,16 hh,Gray,Fuentes De Andalucia,"20,000","$21,301.00 ",Dressage - Breeding ,
11342,PRE,Mare,9 years,16 hh,Bay,Fuentes De Andalucia,"10,000","$10,650.00 ",Dressage - Breeding ,
11343,PRE,Mare,2 years,"16,1 hh",Gray,Fuentes De Andalucia,"5,000","$5,325.00 ",Dressage - Breeding ,
11344,PRE,Gelding,3 years,16 hh,Black,Fuentes De Andalucia,"10,000","$10,650.00 ",Dressage - Breeding ,
11345,PRE,Mare,6 years,"15,3 hh",Gray,Fuentes De Andalucia,"10,000","$10,650.00 ",Dressage - Breeding ,
11346,PRE,Mare,2 years,"16,1 hh",Gray,Fuentes De Andalucia,"5,000","$5,325.00 ",Dressage - Leisure ,
11347,PRE Mix,Mare,8 years,"16,2 hh",Gray,Fuentes De Andalucia,"10,000","$10,650.00 ",Dressage - Breeding ,
11348,PRE,Mare,3 years,"16,1 hh",Bay-Dark,Fuentes De Andalucia,"10,000","$10,650.00 ",Dressage - Breeding ,
11349,Oldenburg-International (OS),Gelding,3 years,N/A,N/A,Vechta,"8,500","$9,053.00 ",Jumping - Eventing - Leisure - Dressage ,
11350,Andalusian,Stallion,5 years,16 hh,Dun,Chiclana de la Frontera,N/A,N/A,Leisure ,
11351,American Quarter Horse,Gelding,11 years,"15,1 hh",Bay,"Waco, TX",N/A,N/A,Versatility Ranch Horse - Trail - Show - Western ,
11352,American Quarter Horse,Gelding,6 years,"15,3 hh",Sorrel,"La Motte, IA",N/A,N/A,Versatility Ranch Horse - Trail - Show - Western ,
11353,Welsh A (Mountain Pony),Mare,12 years,N/A,N/A,"Carthage, TX",N/A,N/A,Trail - English Pleasure - Versatility Ranch Horse - Western ,
11354,American Quarter Horse,Gelding,10 years,"14,3 hh",Roan-Red,"Rebersburg, PA",N/A,N/A,Versatility Ranch Horse - Trail - Show - Western ,
11355,American Quarter Horse,Gelding,15 years,"14,3 hh",Buckskin,"Oskaloosa, IA",N/A,N/A,Versatility Ranch Horse - Trail - Show - Western ,
11356,American Quarter Horse,Gelding,9 years,"15,2 hh",Chestnut,"Camp Verde, AZ",N/A,N/A,Versatility Ranch Horse - Trail - Show - Western ,
11357,American Quarter Horse Mix,Gelding,7 years,15 hh,Buckskin,"Allenwood, PA",N/A,N/A,Trail - Versatility Ranch Horse - Show - Leisure ,
11358,American Quarter Horse,Gelding,8 years,"15,1 hh",Roan-Red,"Battle Creek, IA",N/A,N/A,Versatility Ranch Horse - Trail - Show - Western ,
11359,American Quarter Horse,Gelding,13 years,15 hh,Palomino,"Corsica, SD",N/A,N/A,Versatility Ranch Horse - Trail - Show - Western ,
11360,American Quarter Horse,Mare,1 year,N/A,N/A,"Carthage, TX",N/A,N/A,Versatility Ranch Horse - Trail - Show - Western ,
11361,Quarter Pony,Gelding,10 years,14 hh,Tobiano-all-colors,"Brownstown, IL",N/A,N/A,Trail - Versatility Ranch Horse - Show - Leisure ,
11362,American Quarter Horse,Gelding,11 years,"14,3 hh",Bay,"Kansas City, MO",N/A,N/A,Versatility Ranch Horse - Trail - Show - Western ,
11363,American Quarter Horse,Gelding,5 years,"14,3 hh",Sorrel,"Granbury, TX",N/A,N/A,Versatility Ranch Horse - Trail - Show - Western ,
11364,More ponies/small horses,Gelding,6 years,11 hh,N/A,"Strasburg, OH",N/A,N/A,Trail - English Pleasure - Western - Driving ,
11365,Fjord Horses Mix,Gelding,5 years,"15,3 hh",Dun,"Battle Creek, IA",N/A,N/A,Trail - Show - Leisure - Driving ,
11366,Paint Horse,Mare,3 years,"14,1 hh",Tobiano-all-colors,"Graham, TX",N/A,N/A,Trail - Versatility Ranch Horse - Cowhorse - Show ,
11367,Gypsy Horse Mix,Gelding,10 years,12 hh,N/A,"Caballo, NM",N/A,N/A,Trail - Show - Leisure ,
11368,American Quarter Horse,Mare,4 years,"14,3 hh",Roan-Blue,"Allenwood, PA",N/A,N/A,Versatility Ranch Horse - Trail - Show - Western ,
11369,American Quarter Horse,Mare,5 years,"14,3 hh",Bay,"Waco, TX",N/A,N/A,Versatility Ranch Horse - Trail - Show - Western ,
11370,Paint Horse,Gelding,7 years,"14,3 hh",Bay,"Robards, KY",N/A,N/A,Versatility Ranch Horse - Trail - Show - Western ,
11371,American Quarter Horse,Gelding,10 years,15 hh,Sorrel,Kingston,N/A,N/A,Versatility Ranch Horse - Trail - Show - Western ,
11372,Tennessee walking horse,Gelding,4 years,15 hh,Roan-Blue,Lewisburg,N/A,"$40,000.00 ",Trail - Gaited - Endurance - Driving ,
11373,Hucul,Gelding,6 years,"13,1 hh",Pinto,Coch,N/A,"$4,164.00 ",Jumping - Leisure ,
11374,Haflinger Mix,Gelding,9 years,"14,1 hh",Chestnut-Red,Coch,N/A,"$13,880.00 ",Jumping - Dressage ,
11375,Cob,Gelding,5 years,15 hh,Pinto,Hopsten,N/A,N/A,Leisure,"suitable as school horse/pony, suitable for therapeutic riding, Reliable for trail riding"
11376,Icelandic Horse,Gelding,6 years,"14,1 hh",Brown,Lochen am See,"15,000","$15,975.00 ",Gaited - Show - Leisure - Dressage ,
11377,Polish Halfbred,Gelding,8 years,"16,1 hh",Black,Skrzatusz,N/A,"$18,506.00 ",Dressage ,
11378,Hanoverian,Gelding,5 years,"16,2 hh",Brown,Fürstenau,"32,000","$34,081.00 ",Dressage - Eventing - Leisure,
11379,Haflinger,Gelding,6 years,"14,2 hh",Chestnut-Red,Pelmberg,"6,500","$6,923.00 ",Leisure - Working Equitation - Jumping - Dressage ,
11380,Oldenburg-International (OS),Mare,4 years,"16,1 hh",Bay-Dark,Pfalzgrafenweiler,"10,000","$10,650.00 ",Jumping - Breeding ,
11381,American Quarter Horse,Stallion,2 years,15 hh,Chestnut-Red,Daleiden,"5,500","$5,858.00 ",Western allround - Trail - Reining - Western ,
11382,KWPN,Gelding,9 years,"16,1 hh",Chestnut-Red,Amstetten,"17,000","$18,105.00 ",Driving - Dressage,
11383,Austrian Warmblood,Gelding,11 years,"16,2 hh",Black,Allhartsberg,N/A,N/A,Dressage,
11384,Hucul,Mare,10 years,14 hh,Brown,Ursensollen,"3,900","$4,154.00 ",Leisure ,
11385,Paint Horse,Mare,7 years,16 hh,Brown,Losheim am See,"9,500","$10,118.00 ",Western - Leisure,
11386,Percheron Mix,Mare,12 years,"15,3 hh",Gray,Daleiden,"4,500","$4,793.00 ",Leisure - Breeding - Driving ,
11387,German Riding Pony,Gelding,9 years,N/A,N/A,Brekendorf,N/A,N/A,Dressage - Eventing - Jumping,
11388,Mecklenburg Warmblood,Stallion,1 year,17 hh,Black,Röbel,N/A,N/A,Dressage ,
11389,Westphalian,Mare,8 years,"16,1 hh",Bay-Dark,Aalsmeer,N/A,N/A,Dressage ,
11390,PRE Mix,Stallion,4 years,"15,2 hh",Gray,Calatayud,"4,200","$4,473.00 ",Dressage - Working Equitation ,
11391,Other Warmbloods,Gelding,5 years,16 hh,Black,Saarbrücken,"10,000","$10,650.00 ",Dressage - Working Equitation - Jumping - Leisure ,
11392,Shagya Arabian Mix,Gelding,4 years,"15,1 hh",Gray,Rotenburg an der Fulda,"10,000","$10,650.00 ",Endurance - Jumping - Leisure - Dressage ,
11393,German Riding Pony,Mare,15 years,"13,3 hh",Brown,Dassel,"10,000","$10,650.00 ",Jumping - Eventing - Dressage,
11394,Westphalian,Mare,10 years,"16,2 hh",Brown,HeidenHeiden,"25,000","$26,626.00 ",Jumping - Dressage,
11395,KWPN,Mare,7 years,"16,1 hh",Chestnut,Kroatisch Minihof / Mjenovo,"15,000","$15,975.00 ",Dressage - Jumping - Hunter - Leisure,
11396,German Sport Horse,Gelding,6 years,"16,2 hh",Bay,Kroatisch Minihof / Mjenovo,"15,000","$15,975.00 ",Jumping - Hunter - Leisure,
11397,Polish Warmblood,Gelding,4 years,"15,3 hh",Brown,Forst,"13,000","$13,845.00 ",Jumping - Eventing - Leisure - Dressage ,
11398,Gypsy Horse,Gelding,4 years,14 hh,Black,Kirchbichl,"4,900","$5,219.00 ",Leisure ,
11399,Hanoverian,Gelding,4 years,16 hh,Chestnut,Scharnebeck,"11,500","$12,248.00 ",Dressage - Eventing,
11400,Westphalian,Mare,17 years,17 hh,Bay-Dark,Bad Laer,"3,400","$3,621.00 ",Leisure - Breeding ,
11401,Holstein,Gelding,6 years,"16,1 hh",Brown,Sangerhausen,N/A,N/A,Jumping - Hunter under saddle - Eventing - Dressage ,
11402,Westphalian,Mare,7 years,"16,2 hh",Smoky-Black,Sangerhausen,N/A,N/A,Jumping - Eventing - Leisure - Dressage ,
11403,KWPN,Gelding,8 years,"16,1 hh",Chestnut-Red,Sangerhausen,N/A,N/A,Jumping - Hunter under saddle - Eventing - Leisure ,
11404,Holstein,Mare,8 years,"16,1 hh",Chestnut-Red,Sangerhausen,N/A,N/A,Jumping - Breeding - Eventing - Dressage ,
11405,Oldenburg-International (OS),Gelding,6 years,"16,3 hh",Can be white,Sangerhausen,N/A,N/A,Jumping - Hunter under saddle - Vaulting - Dressage ,
11406,Westphalian,Gelding,7 years,"16,2 hh",Brown,Sangerhausen,N/A,N/A,Jumping - Hunter under saddle - Eventing - Dressage ,
11407,Gelderland,Stallion,3 years,"16,2 hh",Black,Zieuwent,"5,750","$6,124.00 ",Leisure - Jumping - Dressage ,
11408,Arabian horses,Gelding,4 years,"15,2 hh",Brown,Biebergemünd,"6,500","$6,923.00 ",Leisure - Western Pleasure - Endurance - Dressage,
11409,Lusitano,Mare,4 years,"15,1 hh",Dun,Halle Westfalen,"15,000","$15,975.00 ",Working Equitation - Doma Vaquera - Breeding - Dressage,
11410,American Quarter Horse,Mare,2 years,"14,2 hh",Brown,BEGIJNENDIJK,"40,000","$42,601.00 ",Reining,
11411,Westphalian,Gelding,4 years,"15,2 hh",Bay-Dark,Bad Laer,"6,500","$6,923.00 ",Dressage ,
11412,Hanoverian,Mare,12 years,"16,3 hh",Black,Dresden Gompitz,"70,000","$74,552.00 ",Dressage - Breeding - Leisure,
11413,Zangersheider,Gelding,3 years,"16,1 hh",Black,KRAJENKA,N/A,N/A,Jumping - Hunter ,
11414,Zangersheider,Gelding,3 years,"16,2 hh",Bay,KRAJENKA,N/A,N/A,Jumping - Hunter ,
11415,Westphalian,Stallion,4 years,"16,2 hh",Bay-Dark,KRAJENKA,N/A,N/A,Jumping - Dressage ,
11416,Zangersheider,Stallion,4 years,"16,2 hh",Black,KRAJENKA,N/A,N/A,Jumping - Eventing ,
11417,Lusitano,Stallion,6 years,"15,2 hh",Buckskin,Sevilla,"40,000","$42,601.00 ",Dressage ,
11418,PRE Mix,Stallion,3 years,16 hh,Brown,Calatayud,"3,700","$3,941.00 ",Dressage - Working Equitation ,
11419,Icelandic Horse,Mare,7 years,"14,1 hh",Chestnut-Red,Flattach,"10,000","$10,650.00 ",Leisure - Gaited,
11420,Rhinelander,Gelding,6 years,"16,3 hh",Bay-Dark,Goch,"40,000","$42,601.00 ",Dressage - Working Equitation - Leisure ,
11421,KWPN,Mare,8 years,"16,1 hh",Chestnut,Goch,"35,000","$37,276.00 ",Dressage - Breeding ,
11422,Oldenburg-International (OS),Mare,9 years,"16,2 hh",Brown,Kürten,"40,000","$42,601.00 ",Jumping ,
11423,Zangersheider,Mare,2 years,N/A,N/A,Kürten,"6,000","$6,390.00 ",Jumping - Dressage ,
11424,Connemara Mix,Stallion,1 year,"14,2 hh",Palomino,Mudau,"2,900","$3,089.00 ",Leisure - Dressage,
11425,Zangersheider,Gelding,6 years,"16,2 hh",Bay-Dark,Regau,"20,000","$21,301.00 ",Jumping - Leisure ,
11426,Holstein,Gelding,16 years,"16,2 hh",Brown,Düsseldorf,"15,000","$15,975.00 ",Jumping - Leisure,
11427,American Quarter Horse,Gelding,6 years,N/A,N/A,Millersburg,N/A,N/A,Trail - Western ,
11428,German Sport Horse,Gelding,4 years,"16,3 hh",Gray-Dapple,Wolfsburg,"8,500","$9,053.00 ",Jumping - Leisure - Driving ,
11429,Zangersheider,Mare,5 years,16 hh,Brown,Enschede,"25,000","$26,626.00 ",Jumping,
11430,Oldenburg,Mare,6 years,16 hh,Brown,Bülstringen,"21,000","$22,366.00 ",Jumping - Eventing - Leisure - Dressage,
11431,PRE,Stallion,5 years,"15,2 hh",Perlino,Arcos de la Frontera,"20,000","$21,301.00 ",Dressage - Working Equitation - Baroque - Leisure ,
11432,Curly horse,Gelding,7 years,14 hh,N/A,Kirchdorf an der Amper,"10,000","$10,650.00 ",Leisure,
11433,PRE,Mare,10 years,"15,2 hh",Gray-Fleabitten,Arcos de la Frontera,"10,000","$10,650.00 ",Dressage - Breeding - Leisure ,
11434,German Riding Pony,Gelding,6 years,"14,2 hh",Brown,Bülstringen,"18,000","$19,170.00 ",Eventing - Jumping - Leisure - Dressage,
11435,Other Warmbloods,Mare,1 year,"16,2 hh",Pinto,Borgentreich,N/A,N/A,Jumping - Eventing - Leisure - Dressage ,
11436,Hanoverian,Gelding,6 years,"16,1 hh",Gray,Riedstadt,N/A,N/A,Jumping ,
11437,German Sport Horse,Mare,5 years,"16,1 hh",Smoky-Black,Riedstadt,N/A,N/A,Dressage ,
11438,German Sport Horse,Mare,5 years,16 hh,Gray,Riedstadt,N/A,N/A,Jumping - Hunter - Dressage ,
11439,Rhinelander,Gelding,6 years,"16,3 hh",Brown,Riedstadt,N/A,N/A,Dressage - Leisure ,
11440,Hanoverian,Gelding,5 years,"16,1 hh",Chestnut-Red,Riedstadt,N/A,N/A,Jumping - Hunter ,
11441,PRE,Mare,6 years,"15,1 hh",Palomino,La Vespière-Friardel,"7,500","$7,988.00 ",Leisure - Driving - Dressage ,
11442,Lusitano,Stallion,10 years,16 hh,Gray,Navas Del Madroño,"70,000","$74,552.00 ",Eventing ,
11443,American Quarter Horse,Stallion,1 year,N/A,N/A,Hoogeloon,"20,000","$21,301.00 ",Western,
11444,German Sport Horse,Gelding,8 years,"16,1 hh",Brown,Kamenz,"40,000","$42,601.00 ",Jumping ,
11445,Hanoverian,Gelding,4 years,16 hh,Black,Coesfeld,"25,000","$26,626.00 ",Dressage ,
11446,German Sport Horse,Mare,6 years,17 hh,Brown,Kamenz,"40,000","$42,601.00 ",Jumping ,
11447,German Riding Pony,Gelding,8 years,"14,2 hh",Brown,Regensburg,"40,000","$42,601.00 ",Dressage,
11448,Oldenburg-International (OS),Mare,5 years,"15,2 hh",Bay-Dark,Rehau,"10,000","$10,650.00 ",Jumping - Leisure - Mating ,
11449,Trakehner,Gelding,6 years,"16,1 hh",Bay-Dark,Suhlendorf,N/A,N/A,Dressage ,
11450,Gypsy Horse,Gelding,8 years,N/A,N/A,Millersburg,N/A,N/A,Leisure - Trail ,
11451,Oldenburg,Gelding,7 years,"17,2 hh",Bay-Dark,Kempen,"70,000","$74,552.00 ",Dressage - Hunter under saddle - Jumping - Hunter ,
11452,KWPN,Gelding,4 years,"16,1 hh",Bay,Kroatisch Minihof / Mjenovo,"15,000","$15,975.00 ",Jumping - Hunter - Leisure - Dressage,"with protection contract, is incl. tack equipment, is easy to load"
11453,PRE Mix,Stallion,9 years,16 hh,Bay-Dark,SutullenaLorca,"15,000","$15,975.00 ",Dressage - Working Equitation - Show - Leisure,
11454,Anglo-Arab,Stallion,15 years,"16,1 hh",Brown,TARIFA,"9,950","$10,597.00 ",Mating - Leisure - Dressage,"Licensed stallion, Reliable for trail riding, is allrounder"
11455,PRE Mix,Stallion,3 years,"16,1 hh",Gray,Pilas,"15,000","$15,975.00 ",Dressage ,
11456,PRE,Stallion,5 years,16 hh,Gray,Pilas,"20,000","$21,301.00 ",Dressage ,
11457,Icelandic Horse,Mare,14 years,14 hh,Black,St.Jakob Im Rosental,"6,000","$6,390.00 ",Leisure - Gaited - Endurance - Breeding,"Reliable for trail riding, is allrounder, is easy to load"
11458,German Sport Horse,Mare,1 year,N/A,N/A,Kleinlangheim,"10,000","$10,650.00 ",Dressage - Breeding - Eventing,
11459,PRE Mix,Stallion,12 years,"16,2 hh",Black,Martfeld,"20,000","$21,301.00 ",Dressage - Show - Baroque - Leisure,"is lunged, is worked on the ground, Reliable for trail riding"
11460,German Sport Horse,Gelding,4 years,"16,1 hh",Black,Georgsmarienhütte,"25,000","$26,626.00 ",Dressage,
11461,Polish Warmblood,Gelding,11 years,"15,2 hh",Bay-Dark,Loibichl,"7,000","$7,455.00 ",Jumping - Eventing - Leisure,
11462,Paint Horse,Gelding,3 years,N/A,N/A,Sankt Leonhard in Passeier,"10,000","$10,650.00 ",Leisure,
11463,Other Breeds,Gelding,7 years,"15,2 hh",Bay-Dark,Achtmaal,"5,950","$6,337.00 ",Leisure - Jumping - Dressage,"with protection contract, is incl. tack equipment, vet-check"
11464,Oldenburg,Gelding,5 years,"17,1 hh",Chestnut-Red,Stuhr,"70,000","$74,552.00 ",Dressage,
11465,PRE,Stallion,1 year,N/A,N/A,Ivanrey,"10,000","$10,650.00 ",Dressage - Working Equitation - Show - Leisure ,
11466,PRE Mix,Stallion,5 years,"16,1 hh",Dun,Granollers,"15,000","$15,975.00 ",Dressage - Doma Vaquera - Show - Mating ,
11467,PRE Mix,Stallion,5 years,N/A,N/A,Barcelona,"10,000","$10,650.00 ",Dressage - Working Equitation - Show - Leisure ,
11468,PRE,Gelding,18 years,"14,3 hh",Smoky-Black,Hettiswil b. Hindelbank,"5,000","$5,325.00 ",Leisure - Working Equitation - Baroque - Driving,
11469,PRE Mix,Mare,5 years,"15,2 hh",Bay,MADRID,"15,000","$15,975.00 ",Dressage - Leisure ,
11470,Polish Warmblood,Gelding,8 years,"15,3 hh",Leopard-Piebald,Santok,"18,000","$19,170.00 ",Baroque - Trail - Leisure - Driving ,
11471,Other Breeds Mix,Mare,4 years,"15,1 hh",Gray,Gijon,"10,000","$10,650.00 ",Dressage - Leisure ,
11472,Bavarian Warmblood,Mare,14 years,"16,1 hh",Bay-Dark,Weichs,"15,000","$15,975.00 ",Jumping ,
11473,PRE Mix,Stallion,4 years,"15,2 hh",Dun,Hamburg,"15,000","$15,975.00 ",Dressage - Working Equitation - Leisure - Driving ,
11474,Lusitano,Gelding,6 years,"16,1 hh",Gray,Navas Del Madroño,N/A,N/A,Eventing ,
11475,PRE Mix,Stallion,1 year,N/A,N/A,Dochamps,"3,300","$3,515.00 ",Dressage ,
11476,Hanoverian,Mare,7 years,"16,1 hh",Brown,Bargstedt,"20,000","$21,301.00 ",Jumping - Breeding - Eventing - Leisure ,
11477,KWPN,Gelding,7 years,"16,1 hh",Chestnut-Red,Erftstadt,"13,000","$13,845.00 ",Dressage - Leisure ,
11478,Swiss Warmblood,Gelding,9 years,N/A,N/A,Visbek,N/A,N/A,Hunter - Jumping ,
11479,Arabian horses,Mare,1 year,"15,1 hh",Black,Santok,"15,000","$15,975.00 ",Breeding - Show - Endurance - Leisure ,
11480,Haflinger,Gelding,3 years,"14,1 hh",Chestnut-Red,Riedlingen,N/A,N/A,Leisure - Driving ,
11481,American Quarter Horse,Mare,1 year,N/A,N/A,Alt Duvenstedt,"8,500","$9,053.00 ",Western allround - Cowhorse - Breeding - Western,
11482,Curly horse,Stallion,2 years,N/A,N/A,france,"5,650","$6,017.00 ",English Pleasure - Trail - Leisure,
11483,Trakehner,Mare,22 years,16 hh,Brown,Scheibenberg,"4,990","$5,314.00 ",Breeding ,
11484,German Sport Horse,Mare,7 years,"16,2 hh",Brown,Haag Dorf,"15,000","$15,975.00 ",Dressage - Breeding - Leisure,
11485,Haflinger,Mare,9 years,16 hh,N/A,Haag Dorf,"8,000","$8,520.00 ",Jumping - Breeding - Leisure - Dressage,
11486,Curly horse,Mare,1 year,"12,2 hh",Roan-Red,BOURG BUCHE,"4,500","$4,793.00 ",Breeding - English Pleasure - Leisure - Driving,
11487,PRE,Stallion,1 year,"15,1 hh",Palomino,Polinya,"10,000","$10,650.00 ",Breeding - Leisure - Mating - Dressage ,
11488,Curly horse,Stallion,1 year,"15,1 hh",Black,bourg bruche,"5,300","$5,645.00 ",Leisure - English Pleasure - Jumping - Dressage,
11489,PRE,Stallion,4 years,"15,1 hh",Black,Tabernas Almeria,"15,000","$15,975.00 ",Dressage - Baroque ,
11490,Danish Warmblood,Gelding,4 years,16 hh,Bay-Dark,Wetter (Ruhr),N/A,N/A,Dressage ,
11491,German Sport Horse,Gelding,16 years,"16,2 hh",Gray,Val Di Vizze,N/A,N/A,Leisure,"suitable for beginners, is lunged, Reliable for trail riding"
11492,Zangersheider,Stallion,4 years,"15,1 hh",Chestnut-Red,Büttelborn,"15,000","$15,975.00 ",Dressage - Eventing - Jumping - Leisure ,
11493,Oldenburg,Mare,7 years,"16,3 hh",Chestnut-Red,Büttelborn,"40,000","$42,601.00 ",Eventing - Jumping - Leisure - Dressage ,
11494,Westphalian,Gelding,5 years,16 hh,Gray,Büttelborn,"25,000","$26,626.00 ",Jumping - Eventing - Leisure - Dressage ,
11495,Quarter Pony,Gelding,9 years,"11,1 hh",Buckskin,"Buffalo, MO",N/A,N/A,Trail - Show - Western - Leisure ,
11496,Friesian horses,Mare,6 years,"16,1 hh",Black,Harlingen,"17,500","$18,638.00 ",Dressage ,
11497,Lusitano,Stallion,3 years,"15,2 hh",Gray,Las Piñas,"20,000","$21,301.00 ",Dressage ,
11498,PRE,Stallion,,N/A,N/A,Las Piñas,"10,000","$10,650.00 ",Dressage ,
11499,Westphalian,Gelding,11 years,"16,2 hh",Chestnut,Velbert,"29,800","$31,738.00 ",Dressage - Eventing - Jumping,
11500,Hanoverian,Mare,17 years,"16,2 hh",Gray,Gärtringen,N/A,N/A,Breeding - Jumping,
11501,KWPN,Gelding,4 years,"16,1 hh",Black,Neuss,"30,000","$31,951.00 ",Dressage - Eventing - Jumping - Leisure,
11502,Zangersheider,Mare,1 year,N/A,N/A,Wudzyn,N/A,N/A,Jumping - Breeding - Eventing ,
11503,American Miniature Horse Mix,Stallion,13 years,N/A,N/A,Sulzriegel,"2,000","$2,130.00 ",Breeding ,
11504,Belgian Warmblood,Gelding,7 years,"16,2 hh",Chestnut-Red,Oud Gastel,"9,500","$10,118.00 ",Dressage - Leisure ,
11505,KWPN,Gelding,5 years,"16,1 hh",Bay-Dark,Oud Gastel,"5,750","$6,124.00 ",Jumping - Leisure - Dressage ,
11506,PRE,Mare,7 years,N/A,N/A,Vilaplana,N/A,N/A,Dressage - Leisure - Mating ,
11507,Oldenburg,Mare,4 years,"15,1 hh",Brown,Bad Schussenried,N/A,N/A,Dressage - Leisure ,
11508,Oldenburg,Mare,5 years,"16,2 hh",Bay-Dark,Rosdorf,"15,000","$15,975.00 ",Dressage - Eventing - Hunter - Leisure ,
11509,German Riding Pony,Gelding,8 years,"14,2 hh",Dun,Kempen,"20,000","$21,301.00 ",Dressage - Jumping - Hunter - Leisure ,
11510,Polish Warmblood,Gelding,5 years,"15,2 hh",Brown,Leer (Ostfriesland),"7,700","$8,201.00 ",Leisure - Dressage ,
11511,Haflinger,Mare,4 years,"14,3 hh",N/A,Sankt Leonhard in Passeier,"10,000","$10,650.00 ",Leisure ,
11512,Lipizzaner,Mare,16 years,16 hh,Gray,Kamnik,"5,000","$5,325.00 ",Baroque - Working Equitation - Breeding - Dressage,
11513,Oldenburg,Mare,17 years,N/A,N/A,"Hoffman, NC",N/A,N/A,Trail - Hunting - Jumping ,
11514,Friesian horses,Mare,5 years,16 hh,Black,Harlingen,N/A,N/A,Dressage ,
11515,Mule,Mare,13 years,"17,2 hh",Bay-Dark,"Fort Collins, CO",N/A,N/A,Trail - English Pleasure - Western Pleasure - Jumping ,
11516,Belgian Draft,Gelding,4 years,16 hh,Bay,"Sheldon, MO",N/A,N/A,Trail - Jumping - Driving ,
11517,German Sport Horse,Stallion,4 years,"16,1 hh",Chestnut-Red,Kleßen-Görne,"40,000","$42,601.00 ",Jumping - Eventing ,
11518,PRE,Stallion,1 year,"15,2 hh",Champagne,Archena,"10,000","$10,650.00 ",Leisure - Dressage ,
11519,PRE,Stallion,1 year,N/A,N/A,Archena,N/A,N/A,Dressage ,
11520,PRE,Stallion,1 year,16 hh,Bay-Dark,Archena,"5,000","$5,325.00 ",Working Equitation - Leisure ,
11521,KWPN,Mare,7 years,"16,1 hh",Bay-Dark,Meterik,"23,000","$24,496.00 ",Dressage ,
11522,American Quarter Horse,Mare,5 years,N/A,N/A,Sankt Leonhard in Passeier,"10,000","$10,650.00 ",Western ,
11523,Hanoverian,Mare,13 years,"16,2 hh",Chestnut-Red,Rhinow,"5,000","$5,325.00 ",Dressage ,
11524,Icelandic Horse,Gelding,7 years,"13,3 hh",Palomino,Schneverdingen,"15,000","$15,975.00 ",Gaited - Leisure ,
11525,Hanoverian,Mare,4 years,"15,3 hh",Chestnut,Nottuln,"20,000","$21,301.00 ",Dressage ,
11526,Oldenburg,Mare,9 years,"16,3 hh",Black,Hardegsen,"6,000","$6,390.00 ",Breeding,
11527,German Sport Horse,Mare,12 years,17 hh,Gray,Rhinow,"5,000","$5,325.00 ",Jumping ,
11528,German Riding Pony,Stallion,2 years,N/A,N/A,Stuhr,"10,000","$10,650.00 ",Dressage - Eventing - Jumping - Leisure,
11529,Westphalian,Mare,4 years,"16,1 hh",Smoky-Black,Nottuln,"20,000","$21,301.00 ",Jumping ,
11530,Westphalian,Mare,6 years,17 hh,Gray,Ebensee,N/A,N/A,Jumping ,
11531,Trakehner,Gelding,4 years,"16,1 hh",Brown,Emmerthal,"40,000","$42,601.00 ",Dressage,
11532,PRE,Gelding,7 years,16 hh,Gray,Sutullena,"11,500","$12,248.00 ",Vaulting - Gaited - Show,
11533,German Sport Horse,Stallion,9 years,"16,1 hh",Gray,Betriebshof A-2483 Ebreichsdorf Niederösterreich,N/A,N/A,Jumping ,
11534,Ukrainian Riding Horse,Mare,10 years,16 hh,Bay,Arezzo,"18,000","$19,170.00 ",Leisure - Breeding - Jumping ,
11535,PRE,Mare,3 years,"16,1 hh",Perlino,Trebujena,"20,000","$21,301.00 ",Gaited - Baroque - Breeding - Dressage ,
11536,PRE,Stallion,3 years,"16,1 hh",Gray,Trebujena,"15,000","$15,975.00 ",Baroque - Working Equitation - Breeding - Dressage ,
11537,PRE,Mare,3 years,16 hh,Brown-Light,Trebujena,"15,000","$15,975.00 ",Gaited - Working Equitation - Baroque - Dressage ,
11538,PRE,Stallion,3 years,"16,1 hh",Gray,Trebujena,"20,000","$21,301.00 ",Baroque - Gaited - Mating - Dressage ,
11539,French riding pony,Stallion,16 years,"14,1 hh",Chestnut,Tök,N/A,N/A,Jumping - Breeding - Eventing ,
11540,Belgian Riding Pony,Gelding,12 years,"14,2 hh",Chestnut,Tök,N/A,N/A,Jumping - Eventing - Hunter ,
11541,French Trotter,Mare,6 years,"16,1 hh",Bay-Dark,Lembach,"6,000","$6,390.00 ",Leisure - Eventing - Jumping - Dressage,
11542,Swiss Warmblood,Gelding,10 years,17 hh,Black,Hohentannen,N/A,"$27,560.00 ",Jumping - Eventing - Leisure - Dressage ,
11543,Swiss Warmblood,Mare,14 years,"17,1 hh",Brown,Hohentannen,N/A,N/A,Jumping - Breeding - Leisure - Dressage ,
11544,Welsh A (Mountain Pony),Stallion,4 years,12 hh,Buckskin,Wildeshausen,250,$266.00 ,Dressage - Jumping - Driving - Mating ,
11545,Westphalian,Gelding,5 years,"16,1 hh",Smoky-Black,Langenberg,"60,000","$63,902.00 ",Dressage ,
11546,Anglo-Arab,Mare,21 years,"15,2 hh",Chestnut-Red,alcorcon,"1,000","$1,065.00 ",Working Equitation - Jumping - Leisure ,
11547,German Riding Pony,Gelding,3 years,14 hh,Cremello,Vettweiß,"10,000","$10,650.00 ",Dressage - Jumping - Leisure ,
11548,German Riding Pony,Stallion,3 years,14 hh,Chestnut-Red,Vettweiß,"10,000","$10,650.00 ",Dressage ,
11549,Lusitano,Stallion,4 years,16 hh,Cremello,Martfeld,"16,999","$18,104.00 ",Dressage - Working Equitation - Baroque - Leisure ,
11550,Oldenburg,Mare,4 years,"15,2 hh",Bay-Dark,Groß Twülpstedt,"16,500","$17,573.00 ",Dressage ,
11551,PRE Mix,Stallion,4 years,"15,2 hh",Gray-Dapple,Martfeld,"10,000","$10,650.00 ",Baroque - Working Equitation - Leisure - Dressage ,
11552,PRE Mix,Stallion,10 years,16 hh,Gray-Dapple,Martfeld,"13,500","$14,378.00 ",Baroque - Show - Leisure - Dressage ,
11553,Other Breeds Mix,Stallion,8 years,"16,1 hh",Palomino,Navas Del Madroño,N/A,N/A,Eventing ,
11554,PRE Mix,Stallion,8 years,"15,3 hh",Buckskin,Martfeld,"16,500","$17,573.00 ",Dressage - Show - Baroque - Leisure ,
11555,German Riding Pony,Gelding,11 years,"14,3 hh",Brown,"Recke, bei Osnabrück","70,000","$74,552.00 ",Dressage - Jumping - Leisure ,
11556,Westphalian,Mare,10 years,"16,1 hh",Chestnut-Red,Hüllhorst,"49,000","$52,186.00 ",Jumping,
11557,Oldenburg,Stallion,2 years,N/A,N/A,Löningen,"10,000","$10,650.00 ",Dressage ,
11558,Oldenburg,Stallion,1 year,N/A,N/A,Löningen,N/A,N/A,Dressage ,
11559,Oldenburg,Mare,2 years,N/A,N/A,Löningen,"10,000","$10,650.00 ",Dressage ,
11560,Oldenburg,Mare,1 year,N/A,N/A,Löningen,N/A,N/A,Dressage ,
11561,Zangersheider,Mare,6 years,"16,1 hh",N/A,Greven,"20,000","$21,301.00 ",Dressage - Breeding - Eventing - Jumping ,
11562,Swiss Warmblood,Gelding,13 years,N/A,N/A,Sax,"40,000","$42,601.00 ",Jumping - Dressage,
11563,Irish Sport Horse,Gelding,6 years,17 hh,Brown,Sligo,"3,750","$3,994.00 ",Jumping - Hunting - Leisure - Dressage ,
11564,Irish Sport Horse,Mare,11 years,16 hh,Brown,Sligo,"3,750","$3,994.00 ",Jumping - Hunter - Leisure - Mating ,
11565,Irish Sport Horse,Mare,8 years,"15,3 hh",Brown,Sligo,"4,250","$4,526.00 ",Eventing - Hunting - Jumping - Dressage ,
11566,Shetland Ponies,Stallion,1 year,"9,2 hh",Chestnut-Red,La Vespière-Friardel,"1,490","$1,587.00 ",Leisure - Show - Breeding - Driving ,
11567,German Riding Pony,Gelding,5 years,14 hh,Cremello,"Recke, bei Osnabrück","40,000","$42,601.00 ",Dressage - Jumping - Leisure ,
11568,Lusitano Mix,Gelding,12 years,"16,1 hh",Gray,Sevilla,"15,000","$15,975.00 ",Dressage - Leisure ,
11569,Other Breeds Mix,Gelding,5 years,16 hh,Gray,Gijon,"10,000","$10,650.00 ",Dressage - Leisure ,
11570,PRE Mix,Mare,4 years,16 hh,Bay,MADRID,"10,000","$10,650.00 ",Dressage - Leisure ,
11571,American Quarter Horse,Stallion,,"14,2 hh",Roan-Blue,Hernstein,"8,900","$9,479.00 ",Western - Versatility Ranch Horse - Cowhorse - Leisure,
11572,PRE Mix,Gelding,4 years,"16,2 hh",Black,Warendorf,"15,000","$15,975.00 ",Dressage - Show - Leisure,
11573,Lusitano Mix,Mare,3 years,"15,1 hh",Gray,Gijon,"10,000","$10,650.00 ",Dressage - Leisure ,
11574,Spanish Sporthorse Mix,Mare,6 years,15 hh,Gray,Gijon,"15,000","$15,975.00 ",Dressage - Leisure ,
11575,PRE Mix,Stallion,6 years,"16,2 hh",Bay,29001,"20,000","$21,301.00 ",Dressage - Leisure ,
11576,PRE Mix,Gelding,6 years,16 hh,Bay,MADRID,"20,000","$21,301.00 ",Dressage - Leisure ,
11577,Other Breeds Mix,Gelding,4 years,16 hh,Overo-all-colors,MADRID,"10,000","$10,650.00 ",Dressage - Leisure ,
11578,Lusitano Mix,Stallion,10 years,16 hh,Black,Gijon,"40,000","$42,601.00 ",Leisure - Dressage ,
11579,PRE,Stallion,3 years,16 hh,Brown,RANST,"10,000","$10,650.00 ",Baroque - Equitation Portugesa - Doma Vaquera - Dressage ,
11580,PRE,Mare,4 years,"15,2 hh",Chestnut-Red,Ranst,"10,000","$10,650.00 ",Baroque - Equitation Portugesa - Doma Vaquera - Dressage ,
11581,Trakehner,Mare,5 years,16 hh,Chestnut-Red,Burgkirchen an der Alz,"40,000","$42,601.00 ",Breeding - Eventing - Dressage,
11582,Other Warmbloods,Mare,12 years,"16,1 hh",Brown,Schönau an der Triesting,"15,000","$15,975.00 ",Dressage - Leisure,
11583,Hanoverian,Mare,5 years,16 hh,Brown,Hoya,"20,000","$21,301.00 ",Jumping ,
11584,Hanoverian,Gelding,5 years,"16,1 hh",Brown,Schwarmstedt,"15,000","$15,975.00 ",Dressage - Eventing - Hunter,
11585,Oldenburg,Gelding,8 years,"17,2 hh",Black,Barenburg,"25,000","$26,626.00 ",Dressage - Hunting - Jumping - Leisure ,
11586,American Quarter Horse,Gelding,5 years,"14,3 hh",Roan-Red,Millersburg,N/A,N/A,Trail - Leisure ,
11587,Gypsy Horse,Mare,4 years,"12,1 hh",Black,Bogaarden,"2,500","$2,663.00 ",Leisure - Driving ,
11588,Draft Horse,Gelding,9 years,15 hh,Sorrel,"Sheldon, MO",N/A,"$12,000.00 ",Driving - Western allround - Trail ,
11589,Icelandic Horse,Gelding,6 years,"14,1 hh",Pinto,Schneverdingen,"20,000","$21,301.00 ",Gaited - Leisure ,
11590,Draft Horse Mix,Gelding,8 years,"15,2 hh",N/A,"Dublin, TX",N/A,N/A,Trail - English Pleasure - Versatility Ranch Horse - Show ,
11591,Andalusian,Stallion,2 years,15 hh,Gray,Menorca,"6,000","$6,390.00 ",Leisure - Working Equitation - Baroque - Eventing ,
11592,Westphalian,Mare,7 years,"16,1 hh",Brown,Ascheberg,"7,500","$7,988.00 ",Breeding - Dressage ,
11593,American Quarter Horse,Gelding,11 years,15 hh,Roan-Red,"New River, AZ",N/A,N/A,Reining - Versatility Ranch Horse - Trail - Show ,
11594,PRE,Stallion,5 years,"16,1 hh",Gray,Fuendetodos,"15,000","$15,975.00 ",Dressage ,
11595,Paint Horse,Gelding,11 years,"14,2 hh",N/A,"Granbury, TX",N/A,N/A,Trail - Versatility Ranch Horse - Show - Western ,
11596,Oldenburg,Gelding,7 years,"16,1 hh",Black,Altenstadt,"17,600","$18,744.00 ",Dressage ,
11597,Hanoverian,Mare,11 years,"16,1 hh",Chestnut-Red,Altenstadt,"16,900","$17,999.00 ",Dressage ,
11598,Westphalian,Mare,5 years,16 hh,Gray,Altenstadt,"25,500","$27,158.00 ",Jumping - Dressage ,
11599,Hanoverian,Gelding,5 years,"16,1 hh",Bay-Dark,Altenstadt,"21,800","$23,218.00 ",Dressage ,
11600,Palomino,Stallion,3 years,"16,1 hh",Cremello,Altenstadt,"15,000","$15,975.00 ",Dressage - Mating ,
11601,Hanoverian,Gelding,4 years,"16,1 hh",Black,Altenstadt,"25,200","$26,839.00 ",Dressage ,
11602,Icelandic Horse,Gelding,9 years,"13,2 hh",Black,Schneverdingen,"20,000","$21,301.00 ",Gaited - Leisure ,
11603,Friesian horses Mix,Gelding,6 years,16 hh,Black,"Ranchester, WY",N/A,N/A,Trail - Leisure - Driving - Dressage ,
11604,Quarter Pony,Gelding,12 years,12 hh,N/A,"Carthage, TX",N/A,N/A,Trail - Versatility Ranch Horse - Show - Leisure ,
11605,German Riding Pony,Mare,5 years,"13,3 hh",Dun,Haselbachtal,"6,500","$6,923.00 ",Dressage - Eventing - Jumping - Leisure,
11606,Draft Horse Mix,Gelding,7 years,"15,2 hh",Roan-Red,Millersburg,N/A,N/A,Trail - Versatility Ranch Horse ,
11607,KWPN,Mare,6 years,"16,2 hh",Bay-Dark,Aalsmeer,N/A,N/A,Dressage ,
11608,Holstein,Gelding,9 years,"16,3 hh",Brown,Feldbach,"100,000","$106,503.00 ",Jumping ,
11609,Classic Pony Mix,Mare,4 years,"11,2 hh",Pearl,Anchuelonchuelo,"5,000","$5,325.00 ",Jumping - Driving,
11610,American Quarter Horse,Mare,8 years,"15,1 hh",Brown,Waldbröl,"18,000","$19,170.00 ",Western allround - Breeding - Western - Leisure ,
11611,German Sport Horse,Gelding,8 years,"17,1 hh",Chestnut,Ebreichsdorf Niederösterreich,N/A,N/A,Jumping ,
11612,Hanoverian,Gelding,6 years,"16,1 hh",Bay-Dark,Königslutter,"12,000","$12,780.00 ",Dressage ,
11613,Danish Warmblood,Mare,15 years,"16,1 hh",Brown,Dallgow-Döberitz,"5,500","$5,858.00 ",Breeding - Leisure,
11614,German Sport Horse,Gelding,3 years,"16,2 hh",Chestnut-Red,Niederstetten,"20,000","$21,301.00 ",Dressage - Leisure ,
11615,KWPN,Gelding,3 years,"16,3 hh",Chestnut-Red,Oosterhout,"20,000","$21,301.00 ",Dressage ,
11616,PRE Mix,Gelding,11 years,"15,2 hh",Bay-Dark,Reutte,N/A,N/A,Leisure ,
11617,American Quarter Horse,Gelding,8 years,15 hh,Brown,Fort Worth Texas,N/A,"$2,700.00 ",Driving - Endurance ,
11618,Appaloosa,Gelding,5 years,"13,3 hh",Roan-Red,Weatherford TX,N/A,"$3,500.00 ",Trail - Versatility Ranch Horse ,
11619,American Quarter Horse,Gelding,5 years,"13,3 hh",Roan-Red,Weatherford TX,N/A,"$3,500.00 ",Trail - Versatility Ranch Horse ,
11620,American Quarter Horse,Gelding,6 years,"14,2 hh",Roan-Red,Sonora KY,N/A,"$3,500.00 ",Trail - Versatility Ranch Horse ,
11621,American Quarter Horse,Gelding,10 years,15 hh,Dun,Paicines CA,N/A,"$3,500.00 ",Trail - Versatility Ranch Horse ,
11622,Paint Horse,Gelding,9 years,"15,1 hh",Tobiano-all-colors,Lipan TX,N/A,"$3,500.00 ",Trail - Versatility Ranch Horse ,
11623,Friesian horses Mix,Gelding,11 years,"15,2 hh",Black,Castuera,"6,500","$6,923.00 ",Leisure - Baroque - Dressage ,
11624,American Quarter Horse,Gelding,9 years,"15,1 hh",Tobiano-all-colors,Lipan TX,N/A,"$3,500.00 ",Trail - Versatility Ranch Horse ,
11625,Palomino,Mare,19 years,14 hh,Palomino,Neuenhaus,"5,950","$6,337.00 ",Jumping - Leisure - Dressage,
11626,American Quarter Horse,Gelding,2 years,"14,2 hh",Palomino,Alfeld (Leine),"13,500","$14,378.00 ",Reining - Western allround - Cowhorse - Western ,
11627,American Quarter Horse,Gelding,2 years,15 hh,Chestnut-Red,Duingen,"11,500","$12,248.00 ",Reining - Western allround - Cowhorse - Western ,
11628,American Quarter Horse,Gelding,2 years,15 hh,Buckskin,Duingen,"9,500","$10,118.00 ",Reining - Western allround - Western ,
11629,American Quarter Horse,Mare,2 years,"14,3 hh",Red Dun,Alfeld (Leine),"12,500","$13,313.00 ",Reining - Breeding ,
11630,American Quarter Horse,Mare,2 years,15 hh,Buckskin,Alfeld (Leine),"14,500","$15,443.00 ",Reining - Western allround - Breeding - Western ,
11631,American Quarter Horse,Mare,2 years,"14,2 hh",Chestnut-Red,Alfeld (Leine),"15,500","$16,508.00 ",Reining - Cowhorse - Breeding - Western ,
11632,American Quarter Horse,Stallion,2 years,"15,1 hh",Brown,Alfeld (Leine),"11,500","$12,248.00 ",Reining - Breeding ,
11633,American Quarter Horse,Mare,1 year,"15,1 hh",Black,Alfeld (Leine),"11,500","$12,248.00 ",Reining - Western allround - Breeding ,
11634,American Quarter Horse,Gelding,10 years,"15,2 hh",Chestnut,Pleasant Grove CA,N/A,"$3,500.00 ",Trail - Versatility Ranch Horse ,
11635,American Quarter Horse,Gelding,11 years,"14,2 hh",Palomino,Weatherford TX,N/A,"$3,500.00 ",Trail - Versatility Ranch Horse ,
11636,American Quarter Horse,Gelding,8 years,15 hh,Bay,Lisbon IA,N/A,"$3,500.00 ",Trail - Versatility Ranch Horse ,
11637,American Quarter Horse,Gelding,9 years,"15,1 hh",Chestnut,Weatherford TX,N/A,"$3,500.00 ",Trail - Versatility Ranch Horse ,
11638,Belgian Warmblood,Mare,4 years,16 hh,Brown,Neuried,"17,000","$18,105.00 ",Jumping - Breeding - Leisure ,
11639,American Quarter Horse,Gelding,10 years,"15,2 hh",Bay,"Fort Collins, CO",N/A,"$3,500.00 ",Trail - Versatility Ranch Horse ,
11640,Oldenburg,Gelding,14 years,"16,3 hh",Brown,Bleiswijk,"40,000","$42,601.00 ",Jumping - Dressage,
11641,German Sport Horse,Mare,1 year,N/A,N/A,Oelsnitz,"6,000","$6,390.00 ",Dressage - Jumping,
11642,Paint Horse,Gelding,12 years,"14,2 hh",Tobiano-all-colors,Weatherford Tx,N/A,"$3,500.00 ",Trail - Versatility Ranch Horse ,
11643,Hispano Arabian,Mare,6 years,"15,1 hh",Chestnut-Red,Chiclana de la Fronterra,N/A,N/A,Leisure ,
11644,Andalusian,Stallion,4 years,"15,1 hh",Palomino,Chiclana de la Frontera,N/A,N/A,Leisure ,
11645,Baroque Pinto Mix,Stallion,3 years,N/A,N/A,Chiclana de la Frontra,N/A,N/A,Baroque - Leisure ,
11646,Knabstrup Mix,Mare,5 years,"15,1 hh",Black,Chiclana de la Frontera,N/A,N/A,Leisure - Breeding ,
11647,PRE Mix,Mare,15 years,"15,3 hh",N/A,Chiclana de la Frontera,"2,880","$3,067.00 ",Leisure - Baroque - Breeding ,
11648,Baroque Pinto Mix,Stallion,,N/A,N/A,Chiclana de la Frontera,N/A,N/A,Baroque ,
11649,Andalusian,Gelding,3 years,"15,1 hh",Black,Chiclana de la Frontera,"5,900","$6,284.00 ",Leisure - Working Equitation ,
11650,Lusitano,Mare,4 years,"15,1 hh",Cremello,Chiclana de la Frontera,"4,300","$4,580.00 ",Leisure - Breeding ,
11651,American Quarter Horse,Gelding,12 years,N/A,N/A,Weatherford TX,N/A,"$3,500.00 ",Trail - Versatility Ranch Horse ,
11652,Rhinelander,Mare,7 years,"16,3 hh",Brown,Lohmar,"35,000","$37,276.00 ",Jumping,
11653,PRE Mix,Stallion,1 year,"16,1 hh",Chestnut-Red,Valorbiquet,"5,990","$6,379.00 ",Leisure - Dressage ,
11654,Paint Horse,Gelding,4 years,16 hh,Tobiano-all-colors,Flemingsburg KY,N/A,"$3,500.00 ",Trail - Versatility Ranch Horse ,
11655,KWPN,Stallion,6 years,"16,1 hh",Chestnut,Neuried,"37,000","$39,406.00 ",Jumping - Breeding - Hunter - Leisure ,
11656,American Quarter Horse,Gelding,4 years,16 hh,Tobiano-all-colors,"Flemingsburg, Ky",N/A,"$3,500.00 ",Trail - Versatility Ranch Horse ,
11657,Icelandic Horse,Mare,18 years,N/A,N/A,Straßwalchen,"10,000","$10,650.00 ",Gaited - Breeding - Leisure ,
11658,American Quarter Horse,Gelding,15 years,15 hh,Buckskin,Lisbon Ia,N/A,"$3,500.00 ",Trail - Versatility Ranch Horse ,
11659,American Quarter Horse,Gelding,11 years,"15,2 hh",Black,"Fort Collins, CO",N/A,"$3,500.00 ",Trail - Versatility Ranch Horse ,
11660,KWPN,Mare,2 years,N/A,N/A,Grury,"15,000","$15,975.00 ",Dressage - Breeding ,
11661,KWPN,Mare,1 year,N/A,N/A,Grury,"10,000","$10,650.00 ",Dressage - Breeding ,
11662,KWPN,Stallion,4 years,"16,2 hh",Brown,Marly-sous-Issy,"3,000","$3,195.00 ",Mating - Leisure ,
11663,PRE,Stallion,3 years,"15,1 hh",Perlino,Valderrubio,"15,000","$15,975.00 ",Baroque - Leisure ,
11664,PRE,Stallion,3 years,"15,1 hh",Bay-Dark,Valderrubio,"10,000","$10,650.00 ",Baroque - Leisure ,
11665,PRE,Stallion,3 years,"16,1 hh",Brown,Valderrubio,"12,000","$12,780.00 ",Baroque - Dressage ,
11666,PRE,Stallion,2 years,15 hh,Cremello,Valderrubio,"15,000","$15,975.00 ",Baroque - Leisure ,
11667,PRE Mix,Stallion,3 years,"15,2 hh",Cremello,Valderrubio,"4,500","$4,793.00 ",Baroque - Leisure ,
11668,Half Arabs,Gelding,9 years,"15,1 hh",Bay-Dark,Lörrach,"6,000","$6,390.00 ",Endurance - Jumping - Leisure ,
11669,Zangersheider,Mare,8 years,"15,2 hh",Bay-Dark,Poussignac,"18,500","$19,703.00 ",Jumping - Breeding - Hunter,
11670,Zangersheider,Gelding,14 years,"16,2 hh",Bay-Dark,Poussignac,"15,000","$15,975.00 ",Jumping - English Pleasure - Hunter ,
11671,Other Warmbloods,Gelding,13 years,"16,1 hh",Chestnut,Marmande,"2,800","$2,982.00 ",Leisure - Dressage ,
11672,Zangersheider,Gelding,7 years,"16,1 hh",Gray,Mulhouse,"20,000","$21,301.00 ",Jumping ,
11673,Zangersheider,Gelding,6 years,"16,2 hh",Gray,Marmande,"14,000","$14,910.00 ",Jumping ,
11674,Zangersheider,Mare,7 years,"16,2 hh",Chestnut-Red,Poussignac,"35,000","$37,276.00 ",Jumping - Breeding ,
11675,Selle Français,Gelding,12 years,16 hh,Smoky-Black,Saint-Pardoux-du-Breuil,"5,000","$5,325.00 ",Jumping - Eventing ,
11676,Zangersheider,Gelding,14 years,"16,1 hh",Smoky-Black,Marmande,"6,000","$6,390.00 ",Jumping ,
11677,Classic Pony,Mare,6 years,"14,1 hh",Gray,Saint-Pardoux-du-Breuil,"4,000","$4,260.00 ",Leisure - Jumping ,
11678,PRE,Stallion,2 years,N/A,N/A,Caumont,N/A,N/A,Mating - Baroque - Breeding - Leisure ,
11679,PRE,Stallion,5 years,16 hh,Black,CAUMONT,N/A,N/A,Dressage ,
11680,PRE,Mare,4 years,16 hh,Black,CAUMONT,N/A,N/A,Dressage - Baroque - Leisure ,
11681,PRE,Stallion,2 years,N/A,N/A,BetchatCAUMONT,N/A,N/A,Mating - Show - Baroque - Breeding ,
11682,PRE,Mare,3 years,"15,2 hh",Black,Caumont,N/A,N/A,Dressage - Show - Breeding - Leisure ,
11683,PRE,Stallion,3 years,"16,2 hh",Chestnut-Red,CAUMONT,N/A,N/A,Dressage - Doma Vaquera - Working Equitation - Breeding ,
11684,PRE,Stallion,3 years,"15,2 hh",Black,Caumont,N/A,N/A,Dressage - Working Equitation - Show - Leisure ,
11685,PRE,Mare,4 years,"15,2 hh",Dun,Caumont,N/A,N/A,Dressage - Show - Breeding - Leisure ,
11686,German Riding Horse,Stallion,1 year,"16,2 hh",Brown,Westerstede,"4,600","$4,899.00 ",Jumping - Leisure - Dressage,
11687,Hanoverian,Stallion,2 years,"16,3 hh",Bay-Dark,Mühlenberge,"8,500","$9,053.00 ",Dressage - Eventing - Leisure - Driving,
11688,Hanoverian,Mare,6 years,"16,2 hh",Brown,Bremervörde,"15,000","$15,975.00 ",Jumping - Leisure - Dressage ,
11689,Friesian horses,Stallion,5 years,16 hh,Black,Britswert,"40,000","$42,601.00 ",Dressage ,
11690,Friesian horses,Stallion,4 years,"15,3 hh",Black,Britswert,"15,000","$15,975.00 ",Dressage - Driving ,
11691,Friesian horses,Gelding,4 years,"16,1 hh",Black,Britswert,"15,000","$15,975.00 ",Dressage - Driving ,
11692,Friesian horses,Gelding,9 years,"16,2 hh",Black,Britswert,"20,000","$21,301.00 ",Dressage ,
11693,Friesian horses,Stallion,4 years,16 hh,Black,Britswert,"40,000","$42,601.00 ",Dressage ,
11694,Friesian horses,Stallion,5 years,"16,1 hh",Black,Britswert,"40,000","$42,601.00 ",Dressage - Driving ,
11695,Friesian horses,Stallion,5 years,"16,1 hh",Black,Britswert,"40,000","$42,601.00 ",Dressage - Driving ,
11696,Friesian horses,Gelding,9 years,16 hh,Black,Britswert,"20,000","$21,301.00 ",Dressage - Driving ,
11697,American Quarter Horse,Mare,4 years,"14,2 hh",Chestnut-Red,Weiden in der Oberpfalz,"22,500","$23,963.00 ",Reining,
11698,Oldenburg,Mare,6 years,17 hh,Brown,Blunk,"40,000","$42,601.00 ",Dressage - Breeding ,
11699,Bavarian Warmblood,Mare,8 years,"16,2 hh",Brown,Moosburg,"9,000","$9,585.00 ",Jumping ,
11700,Bavarian Warmblood,Mare,13 years,"16,2 hh",Bay-Dark,Moosburg,"15,000","$15,975.00 ",Jumping - Breeding ,
11701,German Sport Horse,Mare,9 years,16 hh,Gray,Altenberge,"15,500","$16,508.00 ",Jumping ,
11702,Haflinger,Mare,1 year,N/A,N/A,Hillesheim,"3,199","$3,407.00 ",Leisure - Jumping - Driving - Dressage,
11703,Other Warmbloods,Stallion,4 years,"15,1 hh",Bay,Chachalnia,N/A,"$5,783.00 ",Racing horses - Show - Breeding,
11704,Oldenburg-International (OS),Mare,12 years,N/A,N/A,Hückelhoven,"21,500","$22,898.00 ",Jumping ,
11705,Oldenburg,Mare,4 years,"16,3 hh",Chestnut-Red,Wülfrath,"21,500","$22,898.00 ",Dressage - Breeding ,
11706,Haflinger,Stallion,3 years,"14,3 hh",Chestnut-Red,Bozen/Südtirol,"9,600","$10,224.00 ",Leisure - Breeding ,
11707,Westphalian,Mare,3 years,"15,3 hh",Brown,Hamm,"9,500","$10,118.00 ",Jumping - Dressage ,
11708,Hanoverian,Gelding,5 years,"16,1 hh",Bay-Dark,Verl,"5,800","$6,177.00 ",Dressage ,
11709,Arabian horses Mix,Gelding,23 years,15 hh,Brown,Fort Worth Texas,N/A,"$2,200.00 ",Driving - Hunter ,
11710,Quarter Pony Mix,Mare,8 years,15 hh,Brown,Fort Worth Texas,N/A,"$2,200.00 ",Driving - Hunter ,
11711,American Quarter Horse,Gelding,6 years,14 hh,Brown,Fort Worth Texas,N/A,"$3,100.00 ",Driving - Hunter ,
11712,American Quarter Horse Mix,Gelding,8 years,15 hh,Pinto,Fort Worth Texas,N/A,"$3,999.00 ",Driving - English Pleasure ,
11713,Hanoverian,Mare,5 years,16 hh,N/A,Neunkirchen-Seelscheid,"30,000","$31,951.00 ",Dressage ,
11714,Mule,Gelding,4 years,15 hh,Roan-Red,Maryville,N/A,"$10,000.00 ",Driving - Western allround - Versatility Ranch Horse - Trail ,
11715,Westphalian,Mare,11 years,16 hh,Gray,Oberaula,"11,500","$12,248.00 ",Jumping,
11716,Oldenburg,Gelding,4 years,"16,1 hh",Black,Klagenfurt,"40,000","$42,601.00 ",Dressage,
11717,Oldenburg,Gelding,4 years,"16,1 hh",Bay-Dark,Westerstede,"14,500","$15,443.00 ",Dressage ,
11718,More ponies/small horses Mix,Mare,1 year,"14,1 hh",Buckskin,Daleiden,"3,300","$3,515.00 ",Leisure ,
11719,New Forest Pony,Stallion,3 years,"13,1 hh",Buckskin,Heemskerk,"3,750","$3,994.00 ",Dressage - Trail - Jumping - Leisure ,
11720,PRE Mix,Mare,3 years,"15,2 hh",Palomino,Alcoi/Alcoy,"10,000","$10,650.00 ",Working Equitation - Show - Breeding - Leisure ,
11721,Oldenburg,Mare,4 years,"16,1 hh",Smoky-Black,Westerstede,"15,000","$15,975.00 ",Dressage ,
11722,Gypsy Horse,Mare,11 years,"12,1 hh",Black,Bogaarden,"2,500","$2,663.00 ",Leisure ,
11723,Polish Warmblood,Gelding,7 years,"15,3 hh",Chestnut-Red,Forst,"13,000","$13,845.00 ",Dressage - Leisure ,
11724,Hanoverian,Mare,18 years,16 hh,Chestnut-Red,Lehrberg,"1,000","$1,065.00 ",Breeding - Leisure ,
11725,KWPN,Mare,17 years,"16,1 hh",Brown,Barneveld,"3,000","$3,195.00 ",Breeding - Leisure ,
11726,Shagya Arabian,Gelding,9 years,"14,3 hh",Gray,Versmold,"2,700","$2,876.00 ",Leisure - Endurance - Dressage ,
11727,Bavarian Warmblood,Mare,17 years,"16,2 hh",Gray,Ebensee,N/A,N/A,Mating - Leisure ,
11728,American Quarter Horse,Gelding,10 years,14 hh,Brown,Fort worth Texas,N/A,"$2,800.00 ",Driving - English Pleasure ,
11729,Hanoverian,Mare,5 years,"15,2 hh",Gray-Dapple,Grevenbroich,"20,000","$21,301.00 ",Jumping - Leisure - Dressage ,
11730,Hanoverian,Gelding,5 years,16 hh,Gray-Dapple,Grevenbroich,"15,000","$15,975.00 ",Jumping - Leisure - Dressage ,
11731,Zangersheider,Gelding,6 years,"17,1 hh",Chestnut-Red,Schlins,"30,000","$31,951.00 ",Jumping - Eventing - Dressage ,
11732,Lusitano,Mare,7 years,"15,2 hh",Brown,Martfeld,"20,000","$21,301.00 ",Dressage - Working Equitation - Baroque - Leisure ,
11733,Other Warmbloods,Mare,13 years,N/A,N/A,Tuszyn,"50,000","$53,251.00 ",Jumping - Dressage,
11734,German Riding Pony,Mare,2 years,N/A,N/A,Stuhr,"5,000","$5,325.00 ",Dressage - Eventing - Jumping - Leisure,
11735,German Sport Horse,Mare,6 years,"16,2 hh",Brown,Weißenburg in Bayern,"20,000","$21,301.00 ",Jumping - Breeding - Eventing ,
11736,Arabian horses,Mare,3 years,"14,3 hh",Gray,Reichraming,"5,000","$5,325.00 ",Breeding - Endurance - Western - Leisure,
11737,Anglo European Studbook,Mare,4 years,"16,2 hh",Chestnut,"Cañiza, A (Casco Urbano)","20,000","$21,301.00 ",Jumping - Eventing - Dressage,
11738,Noriker,Gelding,5 years,"15,3 hh",Chestnut-Red,Riedlingen,N/A,N/A,Driving - Leisure ,
11739,Paint Horse,Mare,6 years,"14,3 hh",Grullo,Barneveld,"6,500","$6,923.00 ",Reining - Cutting - Cowhorse - Leisure ,
11740,American Quarter Horse,Stallion,3 years,"14,1 hh",Palomino,Barneveld,"9,500","$10,118.00 ",Reining - Cutting - Leisure ,
11741,Trakehner,Mare,2 years,N/A,N/A,Brodersdorf,"13,500","$14,378.00 ",Dressage - Breeding,
11742,Hanoverian,Stallion,2 years,"16,2 hh",Black,Ratekau,"10,000","$10,650.00 ",Dressage - Eventing ,
11743,American Quarter Horse,Gelding,7 years,N/A,N/A,"Camp Verde, AZ",N/A,"$3,500.00 ",Trail - Versatility Ranch Horse ,
11744,Slovak Warmblood,Mare,6 years,"16,1 hh",Bay,Presov,"40,000","$42,601.00 ",Jumping,
11745,Oldenburg,Mare,5 years,"16,1 hh",Smoky-Black,Günselsdorf,"40,000","$42,601.00 ",Dressage - Breeding - Leisure - Mating,
11746,Trakehner,Mare,5 years,"16,1 hh",Chestnut,Ruila,"10,000","$10,650.00 ",Jumping - Breeding ,
11747,German Sport Horse,Mare,6 years,"16,1 hh",Chestnut-Red,Königheim,"70,000","$74,552.00 ",Dressage ,
11748,Andalusian,Stallion,7 years,16 hh,Gray-Dapple,Cheste,"10,000","$10,650.00 ",Dressage ,
11749,Mecklenburg Warmblood,Gelding,5 years,"16,2 hh",Chestnut-Red,Ganschow,N/A,N/A,Dressage - Hunter - Leisure - Driving ,
11750,PRE Mix,Stallion,5 years,16 hh,Black,wien,"25,000","$26,626.00 ",Dressage - Working Equitation - Baroque - Leisure ,
11751,PRE Mix,Stallion,6 years,16 hh,Black,Huelva,"16,000","$17,040.00 ",Dressage - Working Equitation - Baroque - Leisure ,
11752,Andalusian,Stallion,3 years,"15,2 hh",Cremello,Caceres,"3,900","$4,154.00 ",Working Equitation - Baroque - Leisure - Dressage ,
11753,PRE Mix,Stallion,4 years,"16,2 hh",Perlino,Malága,"40,000","$42,601.00 ",Breeding - Working Equitation - Leisure - Dressage ,
11754,More ponies/small horses Mix,Gelding,11 years,"14,2 hh",Bay-Dark,Galenberg,"6,400","$6,816.00 ",Leisure ,
11755,Menorquin,Stallion,5 years,"15,3 hh",Black,Menorca,N/A,N/A,Leisure - Working Equitation - Driving - Dressage ,
11756,Trakehner,Mare,5 years,"16,2 hh",Brown,Ganschow,N/A,N/A,Dressage - Eventing - Jumping - Leisure ,
11757,German Riding Horse,Mare,9 years,"16,2 hh",Bay-Dark,Dorsten,"40,000","$42,601.00 ",Dressage - Eventing ,
11758,Lusitano,Gelding,8 years,"14,2 hh",Dun,Santarém,"16,000","$17,040.00 ",Equitation Portugesa - Leisure ,
11759,Spanish Sporthorse,Gelding,7 years,"16,2 hh",Brown,Cardedeu,"7,500","$7,988.00 ",Dressage - Leisure,
11760,Austrian Warmblood,Mare,7 years,N/A,N/A,Gössendorf,"100,000","$106,503.00 ",Dressage ,
11761,Hanoverian,Mare,1 year,N/A,N/A,Breddorf,"10,000","$10,650.00 ",Eventing - Breeding - Jumping - Dressage,
11762,Lusitano,Gelding,3 years,"15,2 hh",Bay-Dark,Montecorto,"10,000","$10,650.00 ",Dressage ,
11763,Lusitano,Stallion,9 years,"16,2 hh",Gray-Red-Tan,Montecorto,"100,000","$106,503.00 ",Dressage ,
11764,Other Warmbloods,Mare,6 years,"16,2 hh",Brown,Wellheim,N/A,N/A,Jumping - Leisure - Dressage ,
11765,German Sport Horse,Gelding,3 years,"16,1 hh",Brown,Krumke,"10,000","$10,650.00 ",Dressage - Jumping - Leisure ,
11766,PRE Mix,Stallion,3 years,16 hh,Brown,Vejer de la Frontera,"10,000","$10,650.00 ",Leisure - Working Equitation - Dressage ,
11767,PRE Mix,Stallion,3 years,"15,3 hh",Brown,Vejer de la Frontera,"15,000","$15,975.00 ",Leisure ,
11768,Austrian Warmblood,Mare,10 years,17 hh,Gray,Linz,"24,900","$26,519.00 ",Jumping - Dressage,
11769,Selle Français,Gelding,5 years,"16,1 hh",Brown,Linz,"21,900","$23,324.00 ",Jumping - Hunter - Leisure - Dressage,
11770,Polish Warmblood,Gelding,24 years,16 hh,Chestnut,Achern,"1,000","$1,065.00 ",Dressage - Leisure ,
11771,Andalusian,Stallion,6 years,"15,2 hh",Gray,Pilas,"5,000","$5,325.00 ",Dressage ,
11772,Icelandic Horse,Mare,13 years,"12,3 hh",Black,Ribbesbüttel,"3,700","$3,941.00 ",Leisure ,
11773,Westphalian,Mare,7 years,16 hh,Bay-Dark,Lummen,"20,000","$21,301.00 ",Dressage - Breeding - Eventing - Jumping,
11774,Tennessee walking horse,Mare,9 years,15 hh,Bay,"Barbourville, KY",N/A,"$12,000.00 ",Trail ,
11775,Paint Horse,Mare,11 years,14 hh,Sorrel,"Potosi, MO",N/A,"$15,000.00 ",Trail - Western allround - Western Pleasure - Cowhorse ,
11776,Welsh B Mix,Mare,3 years,"13,1 hh",Brown,Halle,"5,750","$6,124.00 ",Driving - Dressage ,
11777,Hanoverian,Gelding,3 years,"15,2 hh",Brown,Schellerten,"10,000","$10,650.00 ",Dressage - Leisure,
11778,Haflinger,Stallion,2 years,N/A,N/A,Niederzier,"5,000","$5,325.00 ",Dressage - Breeding ,
11779,Other Breeds,Gelding,7 years,"10,1 hh",Pinto,Oberweis,"2,500","$2,663.00 ",Leisure ,
11780,Austrian Warmblood,Mare,5 years,N/A,N/A,Gössendorf,"40,000","$42,601.00 ",Dressage ,
11781,Oldenburg,Mare,7 years,"16,1 hh",Black,Sassenberg,"19,500","$20,768.00 ",Dressage - Eventing - Jumping - Leisure,
11782,Austrian Warmblood,Mare,9 years,"16,1 hh",Brown,Maria Alm,"70,000","$74,552.00 ",Jumping ,
11783,Shire Horse,Stallion,1 year,"17,2 hh",Brown,BergeBippen,"7,500","$7,988.00 ",Leisure - Driving,
11784,Asil Arabian,Gelding,3 years,"15,1 hh",Gray,Achenkirch,"5,000","$5,325.00 ",Endurance - Leisure ,
11785,Oldenburg,Gelding,8 years,"16,1 hh",Smoky-Black,Hanstedt,"40,000","$42,601.00 ",Dressage - Jumping - Leisure,
11786,Hanoverian,Gelding,5 years,"16,3 hh",Brown,Gablingen,"14,500","$15,443.00 ",Jumping - Leisure - Dressage ,
11787,German Sport Horse,Mare,8 years,"16,3 hh",Smoky-Black,Ubstadt-Weiher,"100,000","$106,503.00 ",Dressage ,
11788,German Sport Horse,Mare,4 years,"16,1 hh",Chestnut-Red,Ubstadt-Weiher,"40,000","$42,601.00 ",Dressage ,
11789,Oldenburg,Gelding,5 years,"16,2 hh",Bay-Dark,Ubstadt-Weiher,"40,000","$42,601.00 ",Dressage ,
11790,Rhinelander,Gelding,7 years,"16,1 hh",Smoky-Black,Bremen,"11,500","$12,248.00 ",Leisure,
11791,Oldenburg-International (OS),Mare,5 years,"16,1 hh",Smoky-Black,Rietz Neuendorf,"10,000","$10,650.00 ",Dressage - Jumping ,
11792,Anglo European Studbook,Mare,7 years,"16,1 hh",Bay-Dark,Bretten,"70,000","$74,552.00 ",Dressage ,
11793,Lusitano Mix,Stallion,6 years,"15,2 hh",Roan-Bay,Rio Maior,"12,000","$12,780.00 ",Working Equitation - Show - Leisure - Dressage ,
11794,German Riding Pony,Stallion,7 years,"14,1 hh",Brown,Süderlügum,N/A,N/A,Jumping - Mating - Dressage ,
11795,Mecklenburg Warmblood,Mare,4 years,"15,2 hh",Smoky-Black,Ganschow,N/A,N/A,Dressage - Breeding - Eventing - Leisure ,
11796,Westphalian,Gelding,6 years,17 hh,Bay-Dark,Calatayud,"40,000","$42,601.00 ",Dressage - Leisure,
11797,Lusitano Mix,Gelding,6 years,"16,1 hh",Brown,Arruda dos Vinhos,"40,000","$42,601.00 ",Dressage ,
11798,American Quarter Horse,Mare,4 years,"14,2 hh",Chestnut-Red,Alfeld (Leine),"12,500","$13,313.00 ",Western - Reining - Breeding - Leisure ,
11799,Trakehner,Stallion,3 years,"16,1 hh",Bay-Dark,Paderborn,"20,000","$21,301.00 ",Dressage - Hunter - Leisure ,
11800,German Riding Pony,Stallion,3 years,"14,2 hh",Brown,Paderborn,N/A,N/A,Dressage - Jumping - Hunter - Leisure ,
11801,Lusitano,Gelding,2 years,N/A,N/A,"Stockton, NJ",N/A,"$12,000.00 ",Dressage - Equitation Portugesa - Working Equitation - Eventing ,
11802,Hanoverian,Mare,1 year,N/A,N/A,Hagen,"3,850","$4,100.00 ",Dressage,
11803,Paint Horse,Mare,7 years,"14,2 hh",Tobiano-all-colors,"Cannon Falls, MN",N/A,N/A,Trail - Versatility Ranch Horse - Show - Leisure ,
11804,Westphalian,Mare,4 years,16 hh,Bay-Dark,Lippetal,"23,000","$24,496.00 ",Dressage ,
11805,Draft Horse Mix,Gelding,8 years,15 hh,N/A,"Somerset, KY",N/A,N/A,Trail - English Pleasure - Show - Western ,
11806,Oldenburg-International (OS),Stallion,1 year,"16,1 hh",Brown,Seedorf,"7,800","$8,307.00 ",Jumping - Breeding ,
11807,Quarter Pony Mix,Mare,8 years,13 hh,N/A,Corsica,N/A,N/A,Trail - Show - Leisure - Driving ,
11808,Hungarian Sport Horse,Gelding,6 years,"15,2 hh",Gray,Trautskirchen,"27,000","$28,756.00 ",Jumping - Working Equitation - Hunter - Dressage,
11809,American Quarter Horse,Mare,6 years,15 hh,Roan-Bay,"Fredericksburg, OH",N/A,N/A,Versatility Ranch Horse - Trail - Breeding - Western ,
11810,Hanoverian,Gelding,6 years,"16,1 hh",Bay-Dark,Elmlohe,"20,000","$21,301.00 ",Dressage ,
11811,American Quarter Horse,Gelding,13 years,15 hh,Gray,"Camp Verde, AZ",N/A,N/A,Versatility Ranch Horse - Trail - Show - Western ,
11812,Friesian horses,Gelding,5 years,16 hh,Black,"Street, MD",N/A,N/A,Trail - English Pleasure - Western - Dressage ,
11813,American Quarter Horse,Mare,9 years,"14,3 hh",Red Dun,"Rebersburg, PA",N/A,N/A,Versatility Ranch Horse - Trail - Show - Western ,
11814,American Quarter Horse,Gelding,13 years,"15,2 hh",Sorrel,"Camp Verde, AZ",N/A,N/A,Versatility Ranch Horse - Trail - Show - Western ,
11815,Paint Horse,Gelding,6 years,"16,2 hh",Sorrel,"New River, AZ",N/A,N/A,Trail - Versatility Ranch Horse - Western Pleasure - Show ,
11816,Hanoverian,Mare,7 years,"16,1 hh",Brown,Frankfurt am Main,"27,500","$29,288.00 ",Dressage ,
11817,Westphalian,Gelding,7 years,"16,1 hh",Brown,Frankfurt am Main,"40,000","$42,601.00 ",Dressage ,
11818,Haflinger Mix,Gelding,7 years,"14,3 hh",Palomino,"Killeen, TX",N/A,N/A,Trail - Versatility Ranch Horse - Show - Dressage ,
11819,Pony of the Americas,Gelding,6 years,11 hh,N/A,"Brownstown, IL",N/A,N/A,Driving - Trail - Show - Leisure ,
11820,Haflinger Mix,Mare,10 years,13 hh,Chestnut,"Cleburne, TX",N/A,N/A,Trail - English Pleasure - Versatility Ranch Horse - Leisure ,
11821,Other Breeds,Gelding,7 years,16 hh,Brown,Achtmaal,"3,950","$4,207.00 ",Leisure ,
11822,Other Breeds,Mare,7 years,16 hh,Brown,Nettersheim,"12,500","$13,313.00 ",Dressage - Working Equitation - Jumping - Leisure,"is lunged, Reliable for trail riding, is allrounder"
11823,KWPN,Mare,5 years,"16,2 hh",Brown,MOL,"4,900","$5,219.00 ",Breeding,
11824,NRPS,Mare,5 years,16 hh,Bay-Dark,Wuppertal,"20,000","$21,301.00 ",Dressage - Breeding - Jumping - Leisure,
11825,Westphalian,Mare,9 years,"16,2 hh",Smoky-Black,Lage,"40,000","$42,601.00 ",Jumping - Dressage ,
11826,Belgian Riding Pony,Mare,5 years,"14,1 hh",Chestnut-Red,Saarbrücken,"10,000","$10,650.00 ",Dressage - Breeding - Jumping - Leisure ,
11827,Westphalian,Stallion,,N/A,N/A,Marktschellenberg,"12,000","$12,780.00 ",Dressage ,
11828,Other Warmbloods,Gelding,9 years,"15,2 hh",Chestnut-Red,Bayerbach,"7,500","$7,988.00 ",Leisure - Trail - Western - Driving ,
11829,More ponies/small horses,Gelding,6 years,"14,3 hh",Chestnut-Red,Bayerbach,"6,000","$6,390.00 ",Leisure - Trail - Western ,
11830,Oldenburg-International (OS),Mare,6 years,"16,1 hh",Brown,Zernien,"15,000","$15,975.00 ",Jumping - Leisure - Dressage,
11831,Friesian horses Mix,Stallion,3 years,"15,2 hh",Chestnut,Guerledan,"15,000","$15,975.00 ",Dressage - Show - Breeding - Leisure,
11832,Hanoverian,Gelding,11 years,17 hh,Bay-Dark,Ulrichstein,"13,000","$13,845.00 ",Jumping - Dressage,
11833,Hessian Warmblood,Mare,21 years,17 hh,Brown,Meppen,"2,500","$2,663.00 ",Jumping ,
11834,Westphalian,Gelding,4 years,"16,2 hh",Chestnut-Red,Lage,"40,000","$42,601.00 ",Jumping ,
11835,Westphalian,Gelding,7 years,"16,3 hh",Chestnut-Red,Rheda-Wiedenbrück,"40,000","$42,601.00 ",Jumping - Dressage ,
11836,Welsh A (Mountain Pony),Gelding,9 years,"11,3 hh",Gray,Eberdingen,"10,000","$10,650.00 ",Dressage - Jumping,
11837,KWPN,Gelding,12 years,"16,2 hh",Bay-Dark,Kwadijk,N/A,N/A,Dressage ,
11838,PRE Mix,Stallion,6 years,"16,1 hh",Brown-Light,Granollers,"15,000","$15,975.00 ",Dressage - Equitation Portugesa - Working Equitation - Leisure ,
11839,Shetland Ponies,Mare,9 years,"10,2 hh",Black,Ursensollen,"1,850","$1,970.00 ",Leisure ,
11840,Arabian horses,Stallion,1 year,N/A,N/A,Riedlingsdorf,"4,500","$4,793.00 ",Western allround - Working Equitation - Western Pleasure - Breeding,
11841,Arabian horses,Stallion,2 years,N/A,N/A,Grünbach am Schneeberg,"4,000","$4,260.00 ",Western - Breeding,
11842,German Sport Horse,Gelding,4 years,17 hh,Chestnut-Red,Phöben,"15,000","$15,975.00 ",Dressage - Leisure,
11843,More ponies/small horses,Gelding,9 years,"13,2 hh",Pinto,Rechnitz,"4,500","$4,793.00 ",Leisure - Driving - Dressage,"suitable as school horse/pony, suitable for therapeutic riding, suitable for beginners"
11844,Other Breeds,Mare,6 years,"14,1 hh",Chestnut-Red,Oytier-Saint-Oblas,"13,000","$13,845.00 ",Dressage,"Green, is easy to load, Stands for the farrier"
11845,Shagya Arabian,Mare,9 years,"14,3 hh",Brown,Deuerling,"7,000","$7,455.00 ",Eventing - Endurance - Leisure,"suitable for therapeutic riding, suitable for beginners, is broken-in"
11846,Anglo European Studbook,Gelding,1 year,N/A,N/A,Hampshire,N/A,"$24,488.00 ",Jumping,
11847,Hanoverian,Mare,5 years,16 hh,Black,Wysin,"33,000","$35,146.00 ",Jumping - Dressage ,
11848,Trakehner,Stallion,1 year,"16,1 hh",Chestnut-Red,Ruila,"4,500","$4,793.00 ",Jumping - Eventing ,
11849,Trakehner,Stallion,1 year,N/A,N/A,Ruila,"10,000","$10,650.00 ",Dressage ,
11850,Trakehner,Stallion,1 year,N/A,N/A,Ruila,"5,000","$5,325.00 ",Jumping - Eventing ,
11851,Trakehner,Stallion,3 years,16 hh,Chestnut-Red,Ruila,"6,000","$6,390.00 ",Jumping - Eventing ,
11852,Trakehner,Stallion,1 year,N/A,N/A,Ruila,"10,000","$10,650.00 ",Jumping - Eventing ,
11853,Thoroughbred,Mare,7 years,16 hh,Buckskin,Ruila,"10,000","$10,650.00 ",Eventing - Breeding ,
11854,Thoroughbred,Stallion,4 years,"15,1 hh",Cremello,Ruila,"10,000","$10,650.00 ",Eventing - Breeding ,
11855,Other Warmbloods,Stallion,1 year,"16,1 hh",Buckskin,Ruila,"15,000","$15,975.00 ",Jumping - Eventing ,
11856,Other Warmbloods,Mare,10 years,"15,1 hh",Palomino,Ruila,"6,000","$6,390.00 ",Leisure - Breeding ,
11857,Lusitano,Gelding,6 years,16 hh,Buckskin,Gössendorf,"30,000","$31,951.00 ",Dressage - Equitation Portugesa - Working Equitation - Baroque,
11858,German Riding Horse,Mare,4 years,"17,1 hh",Smoky-Black,Winsen (Aller),"13,500","$14,378.00 ",Dressage - Leisure - Driving,
11859,Oldenburg,Mare,15 years,"16,1 hh",Bay-Dark,Heistenbach,"6,900","$7,349.00 ",Breeding - Leisure - Dressage,
11860,Oldenburg-International (OS),Mare,1 year,N/A,N/A,Rietz Neuendorf,"10,000","$10,650.00 ",Jumping ,
11861,Oldenburg-International (OS),Mare,1 year,N/A,N/A,Rietz Neuendorf,"10,000","$10,650.00 ",Jumping ,
11862,Oldenburg-International (OS),Mare,1 year,N/A,N/A,Rietz Neuendorf,"10,000","$10,650.00 ",Jumping ,
11863,Zangersheider,Gelding,7 years,"16,2 hh",Gray-Dapple,Schwalmtal,"25,000","$26,626.00 ",Jumping - Eventing - Leisure - Dressage,
11864,PRE,Stallion,1 year,16 hh,Dun,Waldhölzbach,"10,000","$10,650.00 ",Dressage - Working Equitation - Show - Leisure ,
11865,PRE,Stallion,2 years,"15,3 hh",Brown,Waldhölzbach,"15,000","$15,975.00 ",Dressage - Working Equitation - Baroque - Leisure ,
11866,PRE,Stallion,2 years,"15,2 hh",Brown,Waldhölzbach,"15,000","$15,975.00 ",Working Equitation - Baroque - Leisure - Dressage ,
11867,PRE,Stallion,2 years,"15,3 hh",Brown,Waldhölzbach,"10,000","$10,650.00 ",Working Equitation - Baroque - Leisure - Dressage ,
11868,KWPN,Gelding,6 years,"16,1 hh",Chestnut-Red,Meppen,"40,000","$42,601.00 ",Jumping ,
11869,KWPN,Gelding,7 years,"16,1 hh",Gray,Meppen,"40,000","$42,601.00 ",Jumping ,
11870,German Sport Horse,Mare,7 years,16 hh,Brown,Lehrberg,"5,000","$5,325.00 ",Jumping - Leisure ,
11871,Oldenburg,Gelding,5 years,16 hh,Brown,Martfeld,"15,000","$15,975.00 ",Dressage - Jumping - Hunter - Leisure ,
11872,Oldenburg-International (OS),Mare,15 years,"16,2 hh",Chestnut,Löningen,"12,500","$13,313.00 ",Breeding - Jumping ,
11873,Hanoverian,Mare,7 years,"16,1 hh",Chestnut-Red,Mehrnbach,"5,500","$5,858.00 ",Dressage ,
11874,Andalusian,Mare,4 years,"15,2 hh",Brown,Tabernas Almeria,"4,900","$5,219.00 ",Dressage - Leisure ,
11875,Austrian Warmblood,Stallion,2 years,N/A,N/A,Ilz,"9,900","$10,544.00 ",Jumping,
11876,Westphalian,Gelding,4 years,"16,1 hh",Bay-Dark,Lehrberg,"32,500","$34,613.00 ",Dressage ,
11877,Hanoverian,Gelding,8 years,"16,2 hh",Brown,Soltendieck,"17,500","$18,638.00 ",Dressage - Eventing - Hunter - Leisure ,
11878,German Riding Pony,Stallion,3 years,"14,1 hh",Cremello,Wolfsbach,"15,000","$15,975.00 ",Dressage - Jumping,
11879,Austrian Warmblood,Mare,6 years,"16,1 hh",Brown,Mehrnbach,"20,000","$21,301.00 ",Dressage ,
11880,German Sport Horse,Gelding,9 years,"16,2 hh",Brown,Lengenfeld,"70,000","$74,552.00 ",Jumping,
11881,American Quarter Horse,Stallion,2 years,N/A,N/A,München,N/A,N/A,Western - Western allround - Cutting - Reining ,
11882,Appaloosa,Gelding,3 years,"15,1 hh",Black,Neustadt (Wied),"18,900","$20,129.00 ",Dressage - Working Equitation - Western - Leisure ,
11883,Cob,Mare,5 years,N/A,N/A,Leitrim,"10,500","$11,183.00 ",English Pleasure - Hunter - Leisure ,
11884,Irish Sport Horse,Gelding,5 years,"16,1 hh",Brown,Lage,"4,750","$5,059.00 ",Leisure - Hunting - Jumping - Dressage,
11885,German Sport Horse,Gelding,7 years,"16,3 hh",Black,Offingen,"37,500","$39,938.00 ",Dressage - Jumping,
11886,Czech sports pony,Mare,11 years,12 hh,Black,Amsterdam,"14,000","$14,910.00 ",Jumping ,
11887,Irish Sport Horse,Mare,12 years,"15,2 hh",Brown,Lage,"3,500","$3,728.00 ",Leisure - Breeding - Jumping - Dressage,
11888,Other Breeds,Mare,5 years,"15,3 hh",Chestnut-Red,Hopsten,N/A,N/A,Jumping ,
11889,Hanoverian,Gelding,14 years,17 hh,Bay-Dark,Weitersweiler,"100,000","$106,503.00 ",Dressage,
11890,German Riding Pony,Gelding,3 years,"14,1 hh",Palomino,Hopsten,"4,800","$5,112.00 ",Dressage - Jumping ,
11891,PRE Mix,Stallion,4 years,"15,1 hh",Brown,Hoogeloon,"20,000","$21,301.00 ",Dressage - Working Equitation,
11892,Icelandic Horse,Mare,13 years,"13,1 hh",Chestnut,Südlohn,"3,800","$4,047.00 ",Breeding - Leisure ,
11893,Holstein,Mare,6 years,"16,1 hh",Chestnut-Red,Herzlake,"15,000","$15,975.00 ",Jumping - Leisure ,
11894,Arabian horses,Stallion,7 years,15 hh,Brown,Lodz,N/A,N/A,Breeding - Show ,
11895,Arabian horses,Mare,5 years,"15,1 hh",Gray,Lodz,N/A,N/A,Breeding - Show ,
11896,Arabian horses,Mare,2 years,"14,2 hh",Brown,Lodz,"5,000","$5,325.00 ",Breeding - Show ,
11897,Arabian horses,Mare,2 years,"14,2 hh",Brown,Lodz,"2,500","$2,663.00 ",Breeding - Show ,
11898,Arabian horses,Mare,11 years,"14,2 hh",Bay-Dark,Lodz,"5,000","$5,325.00 ",Breeding - Show ,
11899,Arabian horses,Mare,6 years,"14,3 hh",Brown,Lodz,"7,000","$7,455.00 ",Show - Breeding ,
11900,Icelandic Horse,Mare,9 years,"13,1 hh",Perlino,Saarland,"8,500","$9,053.00 ",Gaited - Breeding - Leisure - Driving,
11901,German Riding Pony,Mare,7 years,14 hh,Gray,Achern,"11,500","$12,248.00 ",Jumping - Hunter - Leisure - Dressage ,
11902,Trakehner,Stallion,1 year,"16,3 hh",Brown,Harsefeld,"4,500","$4,793.00 ",Dressage - Breeding - Eventing - Leisure,
11903,Icelandic Horse,Gelding,13 years,"14,1 hh",Chestnut-Red,Schneverdingen,"20,000","$21,301.00 ",Gaited - Leisure ,
11904,German Riding Pony,Mare,5 years,14 hh,Dun,Achern,"15,000","$15,975.00 ",Dressage - Jumping - Hunter - Leisure ,
11905,Icelandic Horse,Gelding,8 years,"14,2 hh",Black,Schneverdingen,"20,000","$21,301.00 ",Gaited - Leisure ,
11906,Icelandic Horse,Stallion,1 year,"13,3 hh",Perlino,Saarland,"3,500","$3,728.00 ",Gaited - Endurance - Leisure - Driving,
11907,Icelandic Horse,Mare,6 years,"13,1 hh",Brown,Saarland,"10,000","$10,650.00 ",Gaited - Breeding - Leisure - Driving,
11908,Lusitano,Mare,4 years,"15,1 hh",Cremello,Martfeld,"5,500","$5,858.00 ",Baroque - Show - Leisure - Dressage ,
11909,Westphalian,Mare,16 years,"16,1 hh",Chestnut,Horn-Bad Meinberg,"9,000","$9,585.00 ",Breeding - Dressage,
11910,Icelandic Horse,Mare,3 years,"13,2 hh",Dun,Wissen,"10,000","$10,650.00 ",Gaited - Breeding - Leisure,
11911,Lusitano,Stallion,4 years,"15,3 hh",Buckskin,Martfeld,"10,000","$10,650.00 ",Baroque - Show - Leisure - Dressage ,
11912,Czech Warmblood,Mare,14 years,"16,3 hh",Chestnut-Red,Prag,"100,000","$106,503.00 ",Jumping ,
11913,Hanoverian,Mare,6 years,16 hh,Chestnut-Red,Unterschneidheim,"28,500","$30,353.00 ",Dressage - Breeding,
11914,Irish Sport Horse,Mare,6 years,"16,1 hh",Chestnut-Red,Lage,"4,500","$4,793.00 ",Dressage - Breeding - Jumping - Leisure,
11915,Hanoverian,Gelding,5 years,16 hh,Black,Adelheidsdorf,"25,000","$26,626.00 ",Dressage - Leisure,
11916,KWPN,Mare,9 years,"16,3 hh",Chestnut-Red,Cuxhaven,"20,000","$21,301.00 ",Dressage - Jumping - Leisure,
11917,Oldenburg,Gelding,6 years,"16,2 hh",Bay,Kroatisch Minihof / Mjenovo,"9,500","$10,118.00 ",Dressage - Leisure,
11918,Baden Wuerttemberg,Gelding,5 years,17 hh,Brown,Hamburg,"40,000","$42,601.00 ",Dressage,
11919,Trakehner,Gelding,12 years,"16,1 hh",Brown,Wartenberg,"25,000","$26,626.00 ",Dressage ,
11920,Hanoverian,Gelding,7 years,"16,1 hh",Brown,Wartenberg,"40,000","$42,601.00 ",Dressage ,
11921,Westphalian,Mare,3 years,"15,1 hh",Brown,Dorsten,"2,900","$3,089.00 ",Dressage - Breeding - Leisure ,
11922,German Sport Horse,Gelding,4 years,16 hh,N/A,Dorsten,"11,500","$12,248.00 ",Dressage - Jumping - Leisure ,
11923,German Sport Horse,Gelding,4 years,"16,1 hh",N/A,Dorsten,"9,900","$10,544.00 ",Dressage - Jumping - Leisure ,
11924,Arabian horses,Gelding,10 years,16 hh,Brown,Penthaz,"20,000","$21,301.00 ",Endurance - English Pleasure - Trail - Leisure,
11925,Irish Sport Horse,Mare,7 years,"15,2 hh",Brown,Lage,"2,950","$3,142.00 ",Leisure - Jumping - Dressage,
11926,Hanoverian,Mare,6 years,"15,2 hh",Chestnut-Red,Niederlangen,"5,000","$5,325.00 ",Breeding ,
11927,Friesian horses,Stallion,7 years,16 hh,Black,Harlingen,N/A,N/A,Dressage ,
11928,German Riding Pony,Stallion,6 years,"14,1 hh",Palomino,Wetter (Ruhr),"100,000","$106,503.00 ",Dressage ,
11929,Oldenburg,Mare,5 years,"16,1 hh",Chestnut-Red,Heidesheim am Rhein,"35,000","$37,276.00 ",Dressage - Breeding ,
11930,PRE Mix,Gelding,5 years,16 hh,Gray,Sm,N/A,N/A,Dressage - Leisure ,
11931,PRE Mix,Stallion,5 years,"15,3 hh",Gray,Sm,N/A,N/A,Dressage - Leisure ,
11932,PRE Mix,Gelding,9 years,"16,1 hh",Gray,Sm,N/A,N/A,Dressage ,
11933,KWPN,Mare,5 years,"15,2 hh",Dun,Sm,N/A,N/A,Dressage - Leisure ,
11934,German Riding Pony Mix,Gelding,5 years,"14,2 hh",Cremello,Sm,N/A,N/A,Dressage - Jumping ,
11935,PRE Mix,Stallion,4 years,16 hh,Black,Sm,N/A,N/A,Dressage - Leisure ,
11936,Oldenburg,Gelding,6 years,17 hh,Brown,Haftenkamp,"20,000","$21,301.00 ",Dressage - Leisure ,
11937,Westphalian,Mare,9 years,"16,1 hh",Brown,Haftenkamp,"40,000","$42,601.00 ",Dressage - Leisure ,
11938,Oldenburg,Gelding,9 years,"17,2 hh",Brown,Haftenkamp,"40,000","$42,601.00 ",Dressage - Vaulting - Leisure ,
11939,Thoroughbred,Gelding,4 years,"15,2 hh",Brown,Krefeld,"5,200","$5,538.00 ",Leisure - Hunting - Endurance - Eventing,
11940,Westphalian,Mare,5 years,"16,3 hh",Bay-Dark,Wysin,"70,000","$74,552.00 ",Dressage ,
11941,Westphalian,Mare,10 years,"16,2 hh",Gray,Wysin,"40,000","$42,601.00 ",Jumping ,
11942,Oldenburg,Stallion,5 years,"17,3 hh",Black,Sant Gregori (Municipio),"20,000","$21,301.00 ",Dressage,
11943,Hanoverian,Stallion,1 year,N/A,N/A,Rees,"10,000","$10,650.00 ",Dressage - Breeding - Leisure ,
11944,Polish Coldblood,Mare,6 years,16 hh,Chestnut-Red,Kirchbichl,"4,900","$5,219.00 ",Leisure - Western - Driving ,
11945,American Quarter Horse,Mare,3 years,"14,2 hh",N/A,Hürtgenwald,"16,500","$17,573.00 ",Reining - Western allround - Breeding,
11946,Tennessee walking horse,Gelding,13 years,15 hh,Black,"Hustonville, KY",N/A,"$6,500.00 ",Gaited - Trail ,
11947,German Sport Horse,Mare,5 years,"16,1 hh",Bay-Dark,Pausin,"17,500","$18,638.00 ",Jumping - Hunter - Leisure - Dressage ,
11948,Hispano Arabian,Gelding,4 years,"14,2 hh",Buckskin,Daleiden,"8,599","$9,158.00 ",Leisure - Working Equitation - Trail - Dressage ,
11949,Tennessee walking horse,Gelding,17 years,15 hh,Tobiano-all-colors,"Lewisburg, TN",N/A,"$5,000.00 ",Gaited - Trail ,
11950,Lusitano,Stallion,5 years,"15,3 hh",Gray,Rio Maior,"15,000","$15,975.00 ",Dressage - Working Equitation - Show - Leisure ,
11951,Tennessee walking horse,Gelding,10 years,14 hh,Black,"Lewisburg, TN",N/A,"$4,999.00 ",Gaited - Western allround ,
11952,Tennessee walking horse,Mare,4 years,16 hh,Sorrel,Lewisburg,N/A,"$15,000.00 ",Gaited - Trail ,
11953,Hanoverian,Gelding,2 years,"16,1 hh",Black,Kutenholz,"7,500","$7,988.00 ",Dressage - Leisure ,
11954,German Riding Pony,Stallion,6 years,"14,1 hh",Smoky-Black,Süderlügum,N/A,N/A,Jumping - Dressage ,
11955,Cob,Gelding,4 years,"14,2 hh",Brown,Mountrath,"7,950","$8,467.00 ",Hunting - Eventing - Leisure ,
11956,Tennessee walking horse,Gelding,4 years,15 hh,Tobiano-all-colors,"Lewisburg, TN",N/A,"$12,000.00 ",Gaited - Trail ,
11957,PRE,Gelding,7 years,16 hh,Gray-Red-Tan,Den Haag,N/A,N/A,Dressage - Doma Vaquera - Show - Baroque ,
11958,PRE,Gelding,5 years,"15,3 hh",Brown,Den Haag,N/A,N/A,Dressage - Working Equitation - Show - Baroque ,
11959,Andalusian Mix,Gelding,6 years,"15,2 hh",Dun,Den Haag,N/A,N/A,Dressage - Doma Vaquera - Working Equitation - Baroque ,
11960,PRE,Stallion,8 years,"16,2 hh",Bay-Dark,Den Haag,N/A,N/A,Dressage ,
11961,PRE,Gelding,7 years,16 hh,Bay-Dark,'s-Gravenhage,N/A,N/A,Leisure ,
11962,PRE Mix,Gelding,6 years,"15,2 hh",Brown,Barcelona,N/A,N/A,Dressage - Working Equitation - Baroque - Leisure ,
11963,Other Heavy Horses,Gelding,6 years,"16,2 hh",Chestnut,Obertilliach,"4,900","$5,219.00 ",Driving ,
11964,German Sport Horse,Gelding,4 years,16 hh,Brown,Schönwalde,"12,000","$12,780.00 ",Jumping - Hunter under saddle - Leisure - Dressage,
11965,German Sport Horse,Mare,6 years,"16,2 hh",Chestnut,Karlsfeld,"14,999","$15,974.00 ",Dressage - Leisure,
11966,PRE,Stallion,4 years,"15,2 hh",Black,Mallorca,"10,000","$10,650.00 ",Dressage - Working Equitation - Baroque - Eventing ,
11967,Menorquin Mix,Mare,,"15,2 hh",Black,Menorca,"1,210","$1,289.00 ",Leisure - Working Equitation - Driving - Dressage ,
11968,Westphalian,Gelding,12 years,17 hh,Brown,Altenberge,"15,000","$15,975.00 ",Jumping - Leisure ,
11969,PRE Mix,Stallion,4 years,16 hh,Gray,Navas Del Madroño,N/A,N/A,Eventing ,
11970,PRE,Gelding,5 years,16 hh,Smoky-Black,Windhagen,"17,500","$18,638.00 ",Dressage - Working Equitation - Leisure ,
11971,PRE,Stallion,4 years,"15,2 hh",Brown,Tabernas Almeria,"5,000","$5,325.00 ",Dressage - Working Equitation ,
11972,PRE,Stallion,7 years,"16,1 hh",Gray,Vejer de la Frontera,"40,000","$42,601.00 ",Dressage ,
11973,More ponies/small horses,Mare,5 years,"14,1 hh",Pinto,Linkenbach,"5,900","$6,284.00 ",Leisure - Trail - Western - Dressage ,
11974,PRE Mix,Stallion,5 years,"16,1 hh",Gray,Navas Del Madroño,N/A,N/A,Eventing ,
11975,PRE Mix,Gelding,5 years,"16,1 hh",Black,Traventhal,"15,900","$16,934.00 ",Baroque - Working Equitation - Show - Dressage ,
11976,PRE Mix,Mare,4 years,"15,2 hh",Gray,Wellheim,"10,000","$10,650.00 ",Leisure ,
11977,Oldenburg-International (OS),Gelding,5 years,"17,2 hh",Black,Ceske Budejovice,"35,000","$37,276.00 ",Dressage - Jumping - Hunter ,
11978,Holstein,Gelding,5 years,"16,1 hh",Brown,Süderlügum,"9,900","$10,544.00 ",Eventing - Jumping - Dressage,"is broken-in, is allrounder, "
11979,Oldenburg-International (OS),Gelding,5 years,16 hh,Brown,Ceske Budejovice,"17,975","$19,144.00 ",Jumping - Hunter ,
11980,Hanoverian,Stallion,3 years,"16,2 hh",Chestnut,Gersten,"10,000","$10,650.00 ",Dressage ,
11981,German Sport Horse,Gelding,5 years,16 hh,Chestnut,Gerstetten,"40,000","$42,601.00 ",Jumping - Hunter under saddle - Eventing ,
11982,Trakehner,Gelding,4 years,"16,1 hh",Dun,Lage,"7,500","$7,988.00 ",Dressage - Jumping - Leisure,
11983,German Sport Horse,Gelding,6 years,"16,1 hh",Gray-Dapple,Gerstetten,"40,000","$42,601.00 ",Jumping - Hunter under saddle - Eventing - Dressage ,
11984,German Sport Horse,Gelding,9 years,"16,1 hh",Brown,Schwäbisch Gmünd,"10,000","$10,650.00 ",Jumping - Hunting - Leisure ,
11985,Holstein,Gelding,4 years,"16,2 hh",Brown,Rickling,"10,500","$11,183.00 ",Jumping - Leisure - Dressage ,
11986,German Sport Horse,Mare,2 years,16 hh,Black,Lehrberg,"5,500","$5,858.00 ",Dressage - Breeding - Leisure ,
11987,Trakehner,Gelding,4 years,"16,1 hh",Brown,Lage,"7,500","$7,988.00 ",Dressage - Jumping - Leisure,
11988,German Sport Horse,Mare,6 years,17 hh,Gray,Gerstetten,"40,000","$42,601.00 ",Jumping - Eventing - Dressage ,
11989,Lusitano,Mare,5 years,"15,2 hh",Brown,Xabia/,"15,000","$15,975.00 ",Dressage - Working Equitation - Leisure ,
11990,Spotted Saddle Horse,Gelding,9 years,14 hh,Tobiano-all-colors,"Spencer, TN",N/A,"$15,000.00 ",Gaited - Western allround - Trail ,
11991,American Quarter Horse,Mare,7 years,15 hh,Dun,"Park Hills, MO",N/A,"$15,000.00 ",Trail - Western ,
11992,Oldenburg,Mare,4 years,"16,2 hh",Brown,Lage,"9,500","$10,118.00 ",Dressage - Breeding - Jumping - Leisure,
11993,Oldenburg-International (OS),Stallion,15 years,"16,3 hh",Bay,Prague,N/A,N/A,Breeding - Jumping - Leisure - Dressage ,
11994,Oldenburg-International (OS),Mare,5 years,"16,1 hh",Bay,Zduchovice,"40,000","$42,601.00 ",Jumping - Breeding - Dressage ,
11995,Trakehner,Mare,4 years,17 hh,Brown,Lage,"12,500","$13,313.00 ",Dressage - Breeding - Jumping - Leisure,
11996,German Riding Horse,Mare,4 years,"16,2 hh",Brown,Fuldatal,"17,500","$18,638.00 ",Dressage - Breeding - Jumping - Leisure,
11997,Ukrainian Riding Horse,Gelding,5 years,"16,3 hh",Chestnut,Arezzo,N/A,N/A,Eventing - Jumping ,
11998,Paint Horse Mix,Stallion,,"15,1 hh",Brown,Velpke,"3,500","$3,728.00 ",Leisure - Western,"Halter accustomed, Barefoot, Equine Passport available"
11999,Ukrainian Riding Horse,Mare,8 years,16 hh,N/A,Arezzo,"20,000","$21,301.00 ",Jumping ,
12000,Ukrainian Riding Horse,Gelding,6 years,16 hh,Bay-Dark,Arezzo,"20,000","$21,301.00 ",Jumping - Hunter ,
12001,German Sport Horse,Mare,7 years,16 hh,Chestnut,Arezzo,N/A,N/A,Jumping - Hunter ,
12002,Ukrainian Riding Horse,Mare,7 years,16 hh,Bay-Dark,Arezzo,"18,000","$19,170.00 ",Jumping - Hunter ,
12003,Hanoverian,Stallion,1 year,N/A,N/A,Scheeßel,"5,750","$6,124.00 ",Jumping - Breeding - Eventing,
12004,German Sport Horse,Gelding,11 years,"16,3 hh",Brown,Krefeld,"13,000","$13,845.00 ",Dressage - Jumping,
12005,Oldenburg Mix,Gelding,10 years,17 hh,Chestnut-Red,Nice,"27,000","$28,756.00 ",Dressage,
12006,American Quarter Horse,Gelding,7 years,15 hh,Chestnut,"Parkers Lake, KY",N/A,N/A,Trail - Cowhorse ,
12007,Friesian horses Mix,Gelding,5 years,16 hh,Bay,Millersburg,N/A,N/A,Trail - Driving ,
12008,Friesian horses,Stallion,7 years,"16,2 hh",Black,Aalsmeer,N/A,N/A,Dressage ,
12009,Lusitano,Gelding,6 years,16 hh,Bay-Dark,Rio Maior,"14,500","$15,443.00 ",Dressage - Working Equitation - Show - Leisure ,
12010,Welsh D (Cob),Gelding,9 years,"14,1 hh",Black,Oberwaltersdorf,"4,800","$5,112.00 ",Jumping - Leisure - Dressage,
12011,KWPN,Mare,10 years,17 hh,Black,Ganschow,N/A,N/A,Dressage - Breeding ,
12012,PRE Mix,Stallion,5 years,N/A,N/A,Agost,"30,000","$31,951.00 ",Dressage - Baroque ,
12013,PRE,Stallion,5 years,16 hh,Chestnut-Red,Agost,"15,000","$15,975.00 ",Baroque ,
12014,PRE,Stallion,6 years,17 hh,Brown,Agost,"30,000","$31,951.00 ",Dressage - Baroque ,
12015,PRE,Stallion,7 years,"15,2 hh",Gray,Agost,"5,000","$5,325.00 ",Dressage - Baroque ,
12016,PRE,Stallion,11 years,"16,2 hh",Brown,Agost,"12,000","$12,780.00 ",Dressage - Baroque - Leisure ,
12017,PRE,Stallion,5 years,17 hh,Black,Agost,"22,000","$23,431.00 ",Dressage ,
12018,More ponies/small horses,Gelding,6 years,"12,2 hh",N/A,"Rebersburg, PA",N/A,N/A,Trail - English Pleasure - Western - Jumping ,
12019,Percheron,Gelding,4 years,"17,1 hh",Black,"Middleburg, PA",N/A,N/A,Trail - Hunting - Show - Leisure ,
12020,German Riding Pony,Gelding,5 years,"14,1 hh",Brown,Mülheim an der Ruhr,"8,500","$9,053.00 ",Jumping - Eventing - Leisure - Dressage ,
12021,Rhinelander,Mare,11 years,"16,3 hh",Brown,Übach-Palenberg,"15,000","$15,975.00 ",Jumping - Dressage,
12022,American Quarter Horse,Gelding,7 years,15 hh,Sorrel,"Okemah, OK",N/A,N/A,Cutting - Versatility Ranch Horse - Cowhorse - Show ,
12023,Noriker,Mare,4 years,"16,3 hh",Black,Daleiden,"6,899","$7,348.00 ",Leisure - Breeding - Driving ,
12024,Westphalian,Mare,19 years,"15,2 hh",Chestnut-Red,Zolling,"2,500","$2,663.00 ",Leisure - Breeding ,
12025,Hanoverian,Gelding,3 years,N/A,N/A,Aulosen,"10,000","$10,650.00 ",Dressage ,
12026,KWPN,Gelding,6 years,"16,2 hh",Chestnut-Red,Darmstadt,"20,000","$21,301.00 ",Dressage - Leisure ,
12027,Westphalian,Mare,4 years,16 hh,Brown,Einbeck,"15,900","$16,934.00 ",Jumping - Leisure - Dressage ,
12028,PRE Mix,Gelding,11 years,"15,3 hh",Bay-Dark,Sottrum,"15,000","$15,975.00 ",Dressage - Working Equitation - Baroque - Leisure ,
12029,Connemara Mix,Mare,8 years,"13,2 hh",Gray,Wijk en Aalburg,"7,250","$7,721.00 ",Jumping - Eventing - Leisure - Dressage ,
12030,German Sport Horse,Stallion,3 years,"16,1 hh",Bay-Dark,Walchum,"9,500","$10,118.00 ",Jumping - Eventing ,
12031,German Riding Pony,Gelding,17 years,"14,1 hh",Bay-Dark,Selsingen,"4,000","$4,260.00 ",Leisure - Dressage ,
12032,KWPN,Stallion,6 years,"16,3 hh",Chestnut-Red,Torre Pacheco,"100,000","$106,503.00 ",Dressage ,
12033,PRE,Stallion,6 years,"16,2 hh",Perlino,Torre Pacheco,"70,000","$74,552.00 ",Dressage - Mating ,
12034,PRE,Gelding,4 years,"15,2 hh",Palomino,Torre Pacheco,"10,000","$10,650.00 ",Dressage ,
12035,Oldenburg,Stallion,3 years,"16,1 hh",Chestnut,Walchum,"9,500","$10,118.00 ",Dressage - Eventing ,
12036,Hanoverian,Stallion,3 years,"16,3 hh",Chestnut-Red,Walchum,"9,500","$10,118.00 ",Dressage ,
12037,Hanoverian,Mare,4 years,"16,1 hh",Brown,Zülpich,"15,000","$15,975.00 ",Jumping - Breeding - Hunter ,
12038,Other Breeds,Mare,5 years,16 hh,Bay,PAUPIS,N/A,N/A,Jumping ,
12039,Other Breeds,Gelding,5 years,"16,1 hh",Bay,Paupis,N/A,N/A,Jumping - Eventing - Dressage ,
12040,Trakehner,Gelding,11 years,"16,1 hh",Bay-Dark,Osnabrück,"100,000","$106,503.00 ",Dressage - Jumping - Leisure,
12041,Leonhard,Stallion,2 years,"15,2 hh",Brown,Grabenstätt,N/A,N/A,Leisure - Working Equitation ,
12042,Hanoverian,Gelding,4 years,"16,2 hh",Bay-Dark,Selsingen,"40,000","$42,601.00 ",Dressage ,
12043,Hanoverian,Mare,4 years,"16,1 hh",Chestnut-Red,Wentorf bei Hamburg,"23,500","$25,028.00 ",Dressage - Eventing - Jumping - Leisure,
12044,PRE,Stallion,7 years,16 hh,Cremello,Arcos de la Frontera,"70,000","$74,552.00 ",Dressage - Working Equitation - Breeding - Leisure ,
12045,PRE,Stallion,10 years,"17,1 hh",Gray-Dapple,Jerez De La Frontera,"70,000","$74,552.00 ",Dressage - Leisure ,
12046,PRE,Mare,3 years,N/A,N/A,Arcos de la Frontera,"10,000","$10,650.00 ",Dressage - Working Equitation - Breeding - Leisure ,
12047,Noriker,Gelding,3 years,16 hh,Gray-Dark-Tan,Nettersheim,N/A,N/A,Driving - Leisure ,
12048,German Riding Pony,Gelding,3 years,"14,1 hh",Brown,Nettersheim,N/A,N/A,Leisure ,
12049,Haflinger,Gelding,4 years,"14,1 hh",Chestnut-Red,Mainbernheim,N/A,N/A,Leisure - Western - Eventing - Dressage ,
12050,Hanoverian,Mare,11 years,"16,1 hh",Gray,Sigtuna,"26,000","$27,691.00 ",Dressage - Jumping ,
12051,Noriker,Mare,2 years,N/A,N/A,Küssaberg,"5,700","$6,071.00 ",Leisure - Breeding - Driving ,
12052,German Riding Pony,Gelding,4 years,"14,1 hh",Palomino,"Recke, bei Osnabrück","20,000","$21,301.00 ",Dressage - Eventing - Jumping - Leisure ,
12053,Leonhard,Stallion,2 years,"15,2 hh",Brown,Grabenstätt,N/A,N/A,Leisure - Working Equitation ,
12054,Hanoverian,Gelding,5 years,"16,2 hh",Black,Bodenstein,"25,000","$26,626.00 ",Jumping ,
12055,Hanoverian,Mare,7 years,"16,1 hh",Chestnut-Red,Langelsheim,"23,000","$24,496.00 ",Jumping ,
12056,Hanoverian,Mare,5 years,"16,2 hh",Bay-Dark,Langelsheim,"20,000","$21,301.00 ",Dressage ,
12057,Hanoverian,Mare,5 years,"16,2 hh",Brown,Langelsheim,"17,000","$18,105.00 ",Dressage ,
12058,Hanoverian,Gelding,5 years,"16,2 hh",Black,Langelsheim,"36,000","$38,341.00 ",Dressage ,
12059,Draft Horse Mix,Gelding,10 years,"15,3 hh",Bay,"Somerset, KY",N/A,N/A,Trail - Versatility Ranch Horse - Driving - Dressage ,
12060,American Morgan Horse,Gelding,7 years,N/A,N/A,"Piedmont, SD",N/A,N/A,Trail - Versatility Ranch Horse - Hunting - Dressage ,
12061,American Morgan Horse Mix,Gelding,5 years,"15,1 hh",Bay,"Piedmont, SD",N/A,N/A,Trail - Versatility Ranch Horse ,
12062,Westphalian,Gelding,6 years,"16,1 hh",Bay-Dark,Schenklengsfeld,"20,000","$21,301.00 ",Dressage - Jumping - Leisure ,
12063,Hanoverian,Mare,5 years,"15,3 hh",Bay-Dark,Schenklengsfeld,"15,000","$15,975.00 ",Jumping - Eventing - Dressage ,
12064,Icelandic Horse,Mare,11 years,"13,3 hh",Dun,Lochen am See,"15,000","$15,975.00 ",Gaited - Show - Leisure - Dressage ,
12065,German Sport Horse,Mare,7 years,"15,3 hh",Brown,Kamenz,"40,000","$42,601.00 ",Jumping ,
12066,German Sport Horse,Gelding,10 years,17 hh,Chestnut-Red,Parsdorf,"100,000","$106,503.00 ",Dressage,
12067,Shire Horse,Stallion,6 years,"18,1 hh",Gray,Bad Füssing,"20,000","$21,301.00 ",Breeding - Leisure ,
12068,Icelandic Horse,Mare,12 years,"13,1 hh",Pinto,Saarland,"7,500","$7,988.00 ",Gaited - Endurance - Breeding - Leisure,
12069,Hungarian Sport Horse,Gelding,6 years,"14,1 hh",Brown Falb mold,Süderlügum,"10,000","$10,650.00 ",Leisure - Jumping - Hunter - Dressage,"is a companion, suitable as school horse/pony, is lunged"
12070,German Riding Horse,Mare,6 years,16 hh,Brown,Süderlügum,"20,000","$21,301.00 ",Jumping - Endurance - Leisure - Dressage,"is broken-in, is lunged, is worked on the ground"
12071,German Riding Horse,Mare,5 years,"16,1 hh",Brown,Süderlügum,"20,000","$21,301.00 ",Jumping - Hunter - Dressage,"is broken-in, is lunged, is worked on the ground"
12072,Haflinger,Mare,3 years,"14,1 hh",Chestnut-Red,Bozen/Südtirol,"5,800","$6,177.00 ",Leisure - Breeding - Racing horses ,
12073,Lusitano,Stallion,4 years,16 hh,Bay-Dark,Vejer de la Frontera,"10,000","$10,650.00 ",Leisure - Working Equitation - Baroque ,
12074,Menorquin,Mare,2 years,16 hh,Black,Menorca,N/A,N/A,Leisure - Working Equitation - Eventing - Dressage ,
12075,PRE Mix,Gelding,7 years,"16,1 hh",Gray,Navas Del Madroño,N/A,N/A,Eventing ,
12076,Westphalian,Gelding,4 years,"17,1 hh",Chestnut-Red,Warendorf,"20,000","$21,301.00 ",Dressage - Leisure,
12077,Lusitano,Gelding,2 years,N/A,N/A,"Sierra, La (Benadalid)montecorto","15,000","$15,975.00 ",Dressage ,
12078,Hanoverian,Mare,5 years,16 hh,Brown,Vechta,"24,000","$25,561.00 ",Dressage ,
12079,More ponies/small horses,Mare,7 years,"14,1 hh",Chestnut,Bad Laer,"4,200","$4,473.00 ",Leisure ,
12080,Trakehner,Stallion,7 years,"16,2 hh",Bay-Dark,"Paupis, Sk Mustangas",N/A,N/A,Jumping - Eventing - Dressage ,
12081,Westphalian,Mare,3 years,"15,3 hh",Chestnut,Mettmann,"17,500","$18,638.00 ",Dressage - Breeding - Leisure ,
12082,Arabian horses,Mare,3 years,"15,2 hh",Black,Santok,"15,000","$15,975.00 ",Breeding - Endurance - Leisure - Dressage ,
12083,Arabian horses,Gelding,5 years,"15,2 hh",Gray,santok,"10,000","$10,650.00 ",Endurance - Trail - Leisure ,
12084,Arabian horses,Mare,4 years,"15,2 hh",Gray,Santok,"8,000","$8,520.00 ",Endurance - Trail - Racing horses - Leisure ,
12085,Hanoverian,Mare,11 years,"16,3 hh",Black,Freiensteinau,"40,000","$42,601.00 ",Dressage ,
12086,Bavarian Warmblood,Gelding,12 years,"16,3 hh",Smoky-Black,Freiensteinau,"40,000","$42,601.00 ",Dressage ,
12087,Hanoverian,Gelding,11 years,"16,2 hh",Brown,Freiensteinau,"70,000","$74,552.00 ",Dressage ,
12088,Heavy Warmblood,Gelding,12 years,17 hh,Black,Kamenz,"5,500","$5,858.00 ",Driving - Leisure ,
12089,Westphalian,Gelding,12 years,"17,1 hh",Bay-Dark,Billerbeck,"50,000","$53,251.00 ",Dressage - Jumping,
12090,German Riding Pony,Mare,14 years,"14,2 hh",Smoky-Black,Witten,"18,500","$19,703.00 ",Jumping - Hunter - Leisure - Dressage,
12091,PRE Mix,Stallion,5 years,16 hh,Gray,Navas Del Madroño,N/A,N/A,Eventing ,
12092,German Riding Horse,Gelding,5 years,"16,2 hh",Chestnut,Bielefeld,"40,000","$42,601.00 ",Dressage ,
12093,Hanoverian,Mare,5 years,"16,2 hh",Brown,Zülpich,"14,000","$14,910.00 ",Dressage - Breeding - Jumping ,
12094,Hanoverian,Mare,7 years,16 hh,Black,Fredenbeck,"20,000","$21,301.00 ",Dressage - Breeding - Leisure ,
12095,Knabstrup Mix,Mare,1 year,"15,2 hh",Leopard-Piebald,Bornhöved,"10,000","$10,650.00 ",Dressage - Show - Baroque - Jumping,
12096,German Sport Horse,Gelding,5 years,16 hh,Black,Meinerzhagen,"15,000","$15,975.00 ",Jumping - Eventing - Leisure - Dressage ,
12097,Gypsy Horse,Mare,11 years,15 hh,Pinto,Linkenbach,"5,900","$6,284.00 ",Leisure - Trail - Baroque - Western ,
12098,PRE Mix,Gelding,5 years,"15,2 hh",Black,Hamburg,"10,000","$10,650.00 ",Dressage - Working Equitation - Baroque - Leisure ,
12099,Trakehner,Stallion,2 years,"16,1 hh",Brown,Günzburg,"15,000","$15,975.00 ",Eventing - Leisure - Dressage ,
12100,Welsh PB (Partbred),Mare,3 years,"14,1 hh",Black,Sint Hubert,"6,250","$6,656.00 ",Dressage - Show - Breeding - Jumping,
12101,Trakehner,Gelding,7 years,"17,1 hh",Brown,Laubach,"22,500","$23,963.00 ",Dressage - Hunting - Jumping - Leisure,
12102,Trakehner,Stallion,2 years,16 hh,Black,Günzburg,"15,000","$15,975.00 ",Dressage - Eventing - Leisure ,
12103,KWPN,Mare,16 years,"16,1 hh",Chestnut-Red,Vierpolders,"8,500","$9,053.00 ",Dressage,
12104,KWPN,Mare,16 years,17 hh,Bay-Dark,Vierpolders,"8,500","$9,053.00 ",Dressage,
12105,Holstein,Stallion,1 year,N/A,N/A,Kaiser-Wilhelm-Koog,"5,000","$5,325.00 ",Jumping ,
12106,Holstein,Stallion,1 year,N/A,N/A,Kaiser-Wilhelm-Koog,"5,000","$5,325.00 ",Jumping ,
12107,Trakehner,Stallion,2 years,16 hh,Brown,Günzburg,800,$852.00 ,Leisure ,
12108,Lusitano,Stallion,7 years,"15,2 hh",Perlino,Navas Del Madroño,"40,000","$42,601.00 ",Eventing ,
12109,Tennessee walking horse,Gelding,3 years,13 hh,Sorrel,"Campbellsville, KY",N/A,"$5,000.00 ",Trail - Western allround ,
12110,Trakehner,Stallion,1 year,"15,2 hh",Bay-Dark,Günzburg,"5,000","$5,325.00 ",Leisure ,
12111,Trakehner,Mare,3 years,16 hh,Black,Günzburg,"15,000","$15,975.00 ",Dressage - Eventing - Leisure ,
12112,Icelandic Horse,Mare,2 years,N/A,N/A,Aichtal,"5,000","$5,325.00 ",Gaited - Breeding - Leisure ,
12113,Appaloosa,Mare,7 years,N/A,N/A,Paicines CA,N/A,"$3,500.00 ",Trail - Versatility Ranch Horse ,
12114,American Quarter Horse,Mare,7 years,N/A,N/A,Paicines CA,N/A,"$3,500.00 ",Trail - Versatility Ranch Horse ,
12115,Trakehner,Stallion,2 years,"16,2 hh",Chestnut-Red,Günzburg,"15,000","$15,975.00 ",Dressage - Eventing - Leisure ,
12116,American Quarter Horse,Gelding,14 years,"14,3 hh",Roan-Bay,"Carrolton, Mo",N/A,"$3,500.00 ",Trail - Versatility Ranch Horse ,
12117,Trakehner,Mare,4 years,16 hh,Brown,Langenfeld,"15,000","$15,975.00 ",Eventing - Breeding - Jumping - Dressage ,
12118,Paint Horse,Gelding,7 years,"14,2 hh",Tobiano-all-colors,Weatherford TX,N/A,"$3,500.00 ",Trail - Versatility Ranch Horse ,
12119,American Quarter Horse,Gelding,7 years,"14,2 hh",Tobiano-all-colors,Weatherford TX,N/A,"$3,500.00 ",Trail - Versatility Ranch Horse ,
12120,Menorquin,Stallion,1 year,"15,3 hh",Black,Menorca,"7,500","$7,988.00 ",Leisure - Working Equitation - Baroque - Eventing ,
12121,Andalusian,Stallion,4 years,"15,3 hh",Brown Falb mold,Vejer de la Frontera,"10,000","$10,650.00 ",Leisure - Working Equitation - Dressage ,
12122,Appaloosa,Gelding,6 years,"14,2 hh",Roan-Red,Sonora Ky,N/A,"$3,500.00 ",Trail - Versatility Ranch Horse ,
12123,PRE,Stallion,6 years,16 hh,Smoky-Black,Vejer de la Frontera,"15,000","$15,975.00 ",Leisure - Baroque ,
12124,PRE,Stallion,5 years,"16,2 hh",Brown,Vejer de la Frontera,"40,000","$42,601.00 ",Dressage - Baroque - Leisure ,
12125,American Quarter Horse,Gelding,6 years,"14,2 hh",Roan-Red,Sonora kY,N/A,"$3,500.00 ",Trail - Versatility Ranch Horse ,
12126,Mule,Mare,8 years,14 hh,Chestnut,Brooksville KY,N/A,"$3,500.00 ",Trail - Gaited ,
12127,Oldenburg-International (OS),Mare,8 years,16 hh,Brown,Berne,"15,000","$15,975.00 ",Jumping - Eventing - Leisure - Dressage,
12128,Missouri Foxtrotter,Mare,8 years,14 hh,Chestnut,Brooksville Ky,N/A,"$3,500.00 ",Trail - Gaited ,
12129,Tennessee walking horse,Gelding,8 years,14 hh,Chestnut,Brooksville Ky,N/A,"$3,500.00 ",Trail - Versatility Ranch Horse ,
12130,Oldenburg,Stallion,1 year,17 hh,Black,Bramsche,"15,000","$15,975.00 ",Dressage - Hunter under saddle - Breeding - Jumping,
12131,Austrian Warmblood,Gelding,9 years,17 hh,Brown,Graz,"100,000","$106,503.00 ",Dressage - Eventing - Jumping,
12132,Westphalian,Gelding,4 years,"16,1 hh",Chestnut-Red,Overath,"15,000","$15,975.00 ",Jumping - Dressage ,
12133,Other Warmbloods,Gelding,3 years,"15,1 hh",Black,Dorsten,"6,900","$7,349.00 ",Leisure - Dressage ,
12134,Westphalian,Gelding,4 years,16 hh,Sorrel,Lindlar,"15,000","$15,975.00 ",Jumping - Dressage,
12135,PRE,Stallion,5 years,"16,2 hh",Dun,Sigmarszell,"40,000","$42,601.00 ",Leisure - Working Equitation - Baroque - Dressage ,
12136,PRE,Stallion,3 years,16 hh,Palomino,Barcelona,"15,000","$15,975.00 ",Dressage - Working Equitation - Baroque - Leisure ,
12137,Oldenburg,Gelding,16 years,"16,1 hh",Brown,Krefeld,"3,900","$4,154.00 ",Dressage ,
12138,PRE,Gelding,6 years,"15,1 hh",Gray,Barcelona,"10,000","$10,650.00 ",Dressage - Working Equitation - Baroque - Leisure ,
12139,PRE,Stallion,4 years,"16,1 hh",Gray,Manacor,"15,000","$15,975.00 ",Baroque - Dressage ,
12140,PRE,Gelding,4 years,"16,1 hh",Gray-Dapple,"El Real De La Jara, Sevilla","15,000","$15,975.00 ",Dressage - Leisure ,
12141,PRE,Stallion,5 years,16 hh,Gray-Dapple,"El Real De La Jara, Sevilla","15,000","$15,975.00 ",Dressage - Breeding - Leisure ,
12142,Icelandic Horse,Mare,23 years,N/A,N/A,Obertilliach,N/A,N/A,Eventing ,
12143,Pintos Mix,Mare,21 years,"14,2 hh",Pinto,Glödnitz,700,$746.00 ,Leisure ,
12144,Oldenburg,Mare,13 years,"16,3 hh",Chestnut-Red,Hatzfeld (Eder),"10,500","$11,183.00 ",Breeding - Dressage,
12145,Hanoverian,Gelding,7 years,"16,1 hh",Brown,Siedenburg,"20,000","$21,301.00 ",Jumping ,
12146,PRE Mix,Mare,4 years,16 hh,N/A,Kubschütz,"10,000","$10,650.00 ",Dressage - Baroque - Leisure - Mating ,
12147,PRE,Stallion,6 years,"15,2 hh",Pearl,Grubditz,"15,000","$15,975.00 ",Baroque - Eventing - Leisure - Mating ,
12148,PRE Mix,Stallion,3 years,"15,2 hh",Gray,Kubschütz,"10,000","$10,650.00 ",Baroque ,
12149,PRE Mix,Mare,3 years,"15,2 hh",Gray,Kubschütz,"10,000","$10,650.00 ",Dressage - Baroque - Leisure - Mating ,
12150,PRE Mix,Stallion,3 years,"16,1 hh",Pearl,Kubschütz,"40,000","$42,601.00 ",Mating ,
12151,Lusitano,Stallion,4 years,"15,2 hh",Gray,Valdecaballeros,"8,000","$8,520.00 ",Equitation Portugesa - Baroque - Dressage ,
12152,Belgian Warmblood,Gelding,5 years,"16,1 hh",Gray,Sint-Amands,"6,500","$6,923.00 ",Jumping - Working Equitation - Leisure - Dressage,
12153,PRE,Stallion,8 years,"15,3 hh",Gray,Barcelona,N/A,N/A,Dressage - Working Equitation - Baroque - Leisure ,
12154,Zangersheider,Mare,6 years,"16,1 hh",Brown,Schwäbisch Gmünd,"20,000","$21,301.00 ",Jumping - Hunting - Breeding - Leisure ,
12155,Icelandic Horse,Stallion,1 year,"13,2 hh",Dun,Südlohn,"3,000","$3,195.00 ",Gaited ,
12156,Icelandic Horse,Stallion,1 year,"13,2 hh",Dun,Südlohn,"3,800","$4,047.00 ",Gaited ,
12157,Icelandic Horse,Stallion,1 year,"13,2 hh",Pinto,Südlohn,"3,800","$4,047.00 ",Gaited ,
12158,Andalusian,Gelding,4 years,"16,2 hh",Perlino,Navalcan,"7,500","$7,988.00 ",Dressage - Show - Baroque - Leisure ,
12159,Baden Wuerttemberg,Gelding,5 years,"16,1 hh",Chestnut-Red,Hamburg,"40,000","$42,601.00 ",Dressage,
12160,Oldenburg,Gelding,12 years,N/A,N/A,Brest,"70,000","$74,552.00 ",Jumping ,
12161,Hanoverian,Gelding,6 years,"16,1 hh",Chestnut,Brest,"25,000","$26,626.00 ",Dressage - Jumping ,
12162,Zangersheider,Gelding,9 years,"16,2 hh",Brown,Brest,"70,000","$74,552.00 ",Jumping ,
12163,Appaloosa,Mare,9 years,"13,2 hh",Roan-Red,Dennison IL,N/A,"$3,500.00 ",Trail - Versatility Ranch Horse ,
12164,American Quarter Horse,Gelding,9 years,"13,2 hh",Roan-Red,Dennison IL,N/A,"$3,500.00 ",Trail - Versatility Ranch Horse ,
12165,Holstein,Mare,3 years,"16,2 hh",Brown,Ravensberg,"6,500","$6,923.00 ",Dressage - Eventing - Jumping - Leisure ,
12166,Icelandic Horse,Stallion,2 years,"13,2 hh",Palomino,Südlohn,"4,500","$4,793.00 ",Gaited ,
12167,Icelandic Horse,Mare,2 years,"13,2 hh",Pearl,Südlohn,"4,200","$4,473.00 ",Gaited - Leisure ,
12168,Hanoverian,Gelding,5 years,"16,1 hh",Bay-Dark,Goslar,"19,800","$21,087.00 ",Dressage,
12169,Tennessee walking horse,Gelding,15 years,"14,3 hh",Black,"Moscow, OH",N/A,"$3,500.00 ",Trail - Versatility Ranch Horse ,
12170,Mule,Gelding,15 years,"14,3 hh",Black,"Moscow, OH",N/A,"$3,500.00 ",Trail - Versatility Ranch Horse ,
12171,Missouri Foxtrotter,Gelding,15 years,"14,3 hh",Black,Moscow Oh,N/A,"$3,500.00 ",Trail - Versatility Ranch Horse ,
12172,Icelandic Horse,Mare,1 year,"13,2 hh",Buckskin,Südlohn,"3,800","$4,047.00 ",Gaited ,
12173,American Quarter Horse,Gelding,7 years,15 hh,Bay,Paicines CA,N/A,"$3,497.00 ",Trail - Versatility Ranch Horse ,
12174,American Quarter Horse,Gelding,6 years,N/A,N/A,Weatherford TX,N/A,"$3,500.00 ",Trail - Versatility Ranch Horse ,
12175,American Quarter Horse,Gelding,10 years,15 hh,Chestnut,Camp Verde AZ,N/A,"$3,500.00 ",Trail - Versatility Ranch Horse,
12176,Hispano Arabian,Gelding,9 years,16 hh,Gray,Sevilla,"40,000","$42,601.00 ",Dressage ,
12177,American Quarter Horse,Gelding,14 years,15 hh,Palomino,Camp Verde AZ,N/A,"$3,499.00 ",Trail - Versatility Ranch Horse ,
12178,American Quarter Horse,Gelding,9 years,"15,1 hh",Roan-Blue,Sweet Springs Mo,N/A,"$3,500.00 ",Trail - Versatility Ranch Horse ,
12179,American Quarter Horse,Gelding,5 years,N/A,N/A,Carrolton MO,N/A,"$3,500.00 ",Trail - Versatility Ranch Horse ,
12180,American Quarter Horse,Gelding,6 years,"14,1 hh",Buckskin,Sweet Springs MO,N/A,"$3,500.00 ",Trail - Versatility Ranch Horse ,
12181,American Quarter Horse,Mare,15 years,15 hh,Palomino,Carrolton MO,N/A,"$3,500.00 ",Trail - Versatility Ranch Horse ,
12182,Friesian horses,Mare,6 years,15 hh,Buckskin,Vincent Al,N/A,"$3,500.00 ",Trail - Versatility Ranch Horse ,
12183,American Quarter Horse,Gelding,5 years,"15,2 hh",Dun,Jackson MI,N/A,"$3,500.00 ",Trail - Versatility Ranch Horse ,
12184,Icelandic Horse,Mare,7 years,"12,2 hh",Pinto,Südlohn,"4,800","$5,112.00 ",Gaited - Leisure ,
12185,Hanoverian,Mare,11 years,"16,2 hh",Black,Wedemark,"11,500","$12,248.00 ",Dressage - Breeding,
12186,Icelandic Horse,Mare,1 year,"14,1 hh",Pinto,Südlohn,"3,800","$4,047.00 ",Gaited - Breeding - Leisure ,
12187,Oldenburg-International (OS),Mare,6 years,"16,2 hh",Gray-Dapple,Berne,"15,000","$15,975.00 ",Jumping - Eventing - Leisure,
12188,Mecklenburg Warmblood,Gelding,8 years,"16,1 hh",Chestnut,Petersberg,N/A,N/A,Jumping,
12189,Mecklenburg Warmblood,Gelding,6 years,"17,2 hh",Brown,Lüdersdorf,"15,000","$15,975.00 ",Jumping - Vaulting - Leisure,
12190,German Riding Pony,Stallion,7 years,"14,1 hh",Bay-Dark,Süderlügum,N/A,N/A,Jumping - Leisure - Mating - Dressage ,
12191,Rhinelander,Gelding,11 years,"16,3 hh",Chestnut-Red,Hartenstein,"10,000","$10,650.00 ",Dressage,
12192,Icelandic Horse,Mare,2 years,"14,1 hh",Roan-Blue,Südlohn,"5,800","$6,177.00 ",Gaited - Breeding - Leisure ,
12193,Danish Warmblood,Mare,5 years,"16,1 hh",Bay-Dark,Süderlügum,"15,000","$15,975.00 ",Dressage - Jumping - Hunter ,
12194,Bavarian Warmblood,Mare,9 years,"16,1 hh",Bay-Dark,Neubeuern,"10,500","$11,183.00 ",Leisure - Breeding - Jumping - Dressage,
12195,Noriker,Gelding,4 years,N/A,N/A,Niedere Börde,"1,500","$1,598.00 ",Leisure ,
12196,Rhenisch-German Heavy Draft,Mare,16 years,"15,2 hh",Brown Falb mold,Nordkirchen,"2,500","$2,663.00 ",Leisure - Breeding - Driving,
12197,Rhenisch-German Heavy Draft,Mare,16 years,"15,2 hh",Brown Falb mold,Nordkirchen,"2,500","$2,663.00 ",Leisure - Breeding - Driving ,
12198,Icelandic Horse,Mare,6 years,"13,2 hh",Pinto,Südlohn,"7,500","$7,988.00 ",Gaited - Breeding - Leisure ,
12199,Icelandic Horse,Mare,3 years,"14,1 hh",Pinto,Südlohn,"6,500","$6,923.00 ",Gaited - Breeding - Leisure ,
12200,American Indian Horse,Stallion,10 years,N/A,N/A,Georgsmarienhütte,"4,996","$5,321.00 ",Endurance ,
12201,Icelandic Horse,Mare,1 year,"13,3 hh",Brown,Südlohn,"3,800","$4,047.00 ",Gaited - Breeding - Leisure ,
12202,Czech Warmblood,Mare,19 years,"16,2 hh",Chestnut-Red,Mittergoggitsch,"2,500","$2,663.00 ",Breeding ,
12203,Icelandic Horse,Mare,1 year,"13,2 hh",Pinto,Südlohn,"3,800","$4,047.00 ",Gaited - Breeding - Leisure ,
12204,Oldenburg,Mare,11 years,"16,2 hh",Chestnut,GehrdeGehrde,"10,000","$10,650.00 ",Breeding ,
12205,Icelandic Horse,Mare,1 year,"13,2 hh",Palomino,Südlohn,"3,800","$4,047.00 ",Gaited - Breeding - Leisure ,
12206,Other Breeds,Mare,5 years,"16,2 hh",Chestnut,Jasiunai,N/A,N/A,Jumping - Eventing ,
12207,Arabian horses,Mare,7 years,"15,1 hh",Chestnut-Red,Pastetten,"8,900","$9,479.00 ",Leisure - Endurance - Western - Dressage ,
12208,Lusitano,Gelding,15 years,16 hh,Black,Hemmental,N/A,"$8,819.00 ",Leisure - Dressage,
12209,Swiss Warmblood,Gelding,11 years,"17,1 hh",Smoky-Black,Sonnefeld,"7,950","$8,467.00 ",Leisure - Jumping - Dressage ,
12210,Shetland Ponies,Mare,9 years,"7,3 hh",Brown,Norderstedt,"1,200","$1,278.00 ",Leisure ,
12211,PRE,Stallion,2 years,"16,2 hh",Black,"El Real De La Jara, Sevilla","10,000","$10,650.00 ",Dressage - Baroque - Breeding - Leisure ,
12212,PRE,Stallion,2 years,16 hh,Palomino,"El Real De La Jara, Sevilla","10,000","$10,650.00 ",Baroque - Breeding - Leisure - Dressage ,
12213,Oldenburg,Gelding,4 years,17 hh,Smoky-Black,Melle,N/A,N/A,Dressage ,
12214,Hanoverian,Gelding,5 years,17 hh,Smoky-Black,Hammah,"40,000","$42,601.00 ",Dressage ,
12215,KWPN,Mare,14 years,17 hh,Sorrel,Aspach le bas,"15,000","$15,975.00 ",Dressage - Breeding - Leisure,
12216,Westphalian,Stallion,3 years,"16,3 hh",Bay,Gieten,"9,000","$9,585.00 ",Dressage ,
12217,Oldenburg,Mare,5 years,"16,1 hh",Brown,Löningen,"40,000","$42,601.00 ",Dressage,
12218,Other Warmbloods,Gelding,3 years,"15,2 hh",Gray-Dark-Tan,Wellheim,"10,000","$10,650.00 ",Jumping - Leisure - Dressage ,
12219,Arabian horses,Gelding,2 years,15 hh,Gray,Ammerbuch,"10,000","$10,650.00 ",Leisure - Endurance - Western - Dressage,
12220,Arabian horses,Gelding,2 years,15 hh,Gray,AmmerbuchAmmerbuch,"10,000","$10,650.00 ",Endurance - Western - Leisure - Dressage,
12221,PRE Mix,Gelding,4 years,16 hh,Brown,Barcelona,"15,000","$15,975.00 ",Dressage - Working Equitation - Leisure ,
12222,German Sport Horse,Gelding,2 years,"16,2 hh",Bay-Dark,Ibbenbüren,"10,000","$10,650.00 ",Dressage - Leisure,
12223,Holstein,Mare,13 years,"16,2 hh",Brown,Torhout,"10,000","$10,650.00 ",Breeding - Eventing - Jumping - Hunter,
12224,PRE Mix,Stallion,10 years,17 hh,Gray,Pilas,"55,000","$58,576.00 ",Dressage ,
12225,PRE,Gelding,9 years,"15,2 hh",Cremello,Pilas,"15,000","$15,975.00 ",Dressage - Baroque ,
12226,PRE,Mare,4 years,"15,2 hh",Gray,Pilas,"10,000","$10,650.00 ",Dressage ,
12227,PRE,Stallion,6 years,16 hh,Gray-Dapple,Vejer de la Frontera,"15,000","$15,975.00 ",Dressage - Working Equitation - Leisure ,
12228,PRE,Stallion,5 years,"16,1 hh",Black,Vejer de la Frontera,"20,000","$21,301.00 ",Dressage - Working Equitation - Leisure ,
12229,German Riding Pony,Stallion,2 years,N/A,N/A,Erwitte,"2,500","$2,663.00 ",Dressage ,
12230,KWPN,Gelding,10 years,16 hh,Brown,Kradolf,"20,000","$21,301.00 ",Dressage - Working Equitation - Leisure ,
12231,Icelandic Horse,Stallion,3 years,"13,1 hh",N/A,Blunk,"9,800","$10,437.00 ",Leisure ,
12232,Westphalian,Stallion,3 years,"16,3 hh",Gray-Dark-Tan,Reichenwalde,"8,000","$8,520.00 ",Dressage - Endurance - Eventing - Jumping ,
12233,Hanoverian,Gelding,7 years,"17,1 hh",Chestnut-Red,Sottrum,"40,000","$42,601.00 ",Jumping - Vaulting,
12234,PRE Mix,Gelding,7 years,"16,1 hh",Gray-Dapple,HassendorfSottrum,"20,000","$21,301.00 ",Dressage - Baroque - Vaulting - Eventing ,
12235,German Sport Horse,Gelding,3 years,17 hh,Brown,Priestewitz,"1,500","$1,598.00 ",Leisure,
12236,Knabstrup,Stallion,2 years,"14,3 hh",Leopard-Piebald,Reichenwalde,"7,000","$7,455.00 ",Dressage - Breeding - Eventing - Jumping ,
12237,KWPN,Mare,6 years,"16,2 hh",Brown,Wijk en Aalburg,"25,000","$26,626.00 ",Jumping - Breeding - Eventing - Dressage ,
12238,Westphalian,Stallion,1 year,N/A,N/A,Reichenwalde,"10,000","$10,650.00 ",Dressage - Breeding - Eventing - Leisure ,
12239,German Riding Pony,Stallion,5 years,"14,1 hh",Black,Süderlügum,"4,990","$5,314.00 ",Jumping - Dressage,"Green, is allrounder, "
12240,Mecklenburg Warmblood,Mare,1 year,N/A,N/A,Röbel,"10,000","$10,650.00 ",Dressage - Eventing,
12241,Mecklenburg Warmblood,Mare,1 year,N/A,N/A,Röbel,N/A,N/A,Dressage ,
12242,German Sport Horse,Gelding,8 years,"16,3 hh",Gray,Altusried,"70,000","$74,552.00 ",Jumping - Hunter - Leisure - Dressage ,
12243,Austrian Warmblood,Mare,7 years,"16,2 hh",Bay-Dark,Altusried,"40,000","$42,601.00 ",Jumping - Breeding - Eventing - Dressage ,
12244,More ponies/small horses,Gelding,8 years,"8,1 hh",N/A,"Cisco, TX",N/A,N/A,Driving - Trail - Show - Leisure ,
12245,American Quarter Horse,Gelding,6 years,"15,1 hh",Buckskin,"Canyon, TX",N/A,N/A,Versatility Ranch Horse - Trail - Show - Western ,
12246,American Quarter Horse,Gelding,5 years,"14,2 hh",Grullo,"Auburn, KY",N/A,N/A,Trail - English Pleasure - Show - Western ,
12247,American Quarter Horse,Gelding,5 years,15 hh,Palomino,"Marshall, MO",N/A,N/A,Reining - Versatility Ranch Horse - Trail - Show ,
12248,American Quarter Horse,Gelding,10 years,15 hh,Buckskin,"Whitesboro, TX",N/A,N/A,Cutting - Versatility Ranch Horse - Trail - Show ,
12249,American Quarter Horse,Gelding,12 years,"14,3 hh",Bay,"Camp Verde, AZ",N/A,N/A,Versatility Ranch Horse - Trail - Show - Western ,
12250,More ponies/small horses,Gelding,10 years,N/A,N/A,"Rebersburg, PA",N/A,N/A,Trail - Show - Leisure - Driving ,
12251,American Quarter Horse,Gelding,10 years,"15,3 hh",Roan-Red,"Clarion, PA",N/A,N/A,Versatility Ranch Horse - Trail - Show - Western ,
12252,Paint Horse,Gelding,11 years,"15,3 hh",N/A,"Amarillo, TX",N/A,N/A,Trail - Versatility Ranch Horse - Show - Western ,
12253,American Quarter Horse,Gelding,4 years,15 hh,Black,"Whitesboro, TX",N/A,N/A,Versatility Ranch Horse - Trail - Show - Western ,
12254,American Quarter Horse,Gelding,5 years,"14,3 hh",Buckskin,"Canistota, SD",N/A,N/A,Versatility Ranch Horse - Trail - Show - Western ,
12255,American Quarter Horse,Gelding,7 years,15 hh,Palomino,"Canyon, TX",N/A,N/A,Versatility Ranch Horse - Trail - Show - Western ,
12256,American Quarter Horse,Gelding,6 years,"14,2 hh",Sorrel,"Waco, TX",N/A,N/A,Cowhorse - Versatility Ranch Horse - Trail - Show ,
12257,American Quarter Horse,Gelding,12 years,"14,3 hh",Roan-Red,"Marshall, MO",N/A,N/A,Versatility Ranch Horse - Trail - Show - Western ,
12258,American Quarter Horse,Gelding,4 years,15 hh,Roan-Blue,"Clover, SC",N/A,N/A,Trail - English Pleasure - Show - Western ,
12259,American Quarter Horse,Mare,9 years,"14,2 hh",Sorrel,"Canyon, TX",N/A,N/A,Versatility Ranch Horse - Trail - Show - Western ,
12260,American Quarter Horse,Gelding,6 years,"15,1 hh",Palomino,"Holland, IA",N/A,N/A,Versatility Ranch Horse - Trail - Show - Western ,
12261,American Quarter Horse,Mare,3 years,"13,3 hh",Sorrel,"La Grange, MO",N/A,N/A,Cutting - Versatility Ranch Horse - Trail - Cowhorse ,
12262,American Quarter Horse,Gelding,12 years,15 hh,Gray,"Camp Verde, AZ",N/A,N/A,Versatility Ranch Horse - Trail - Show - Western ,
12263,American Quarter Horse,Mare,4 years,"14,1 hh",Bay,"Carrollton, KY",N/A,N/A,Versatility Ranch Horse - Trail - Show - Western ,
12264,American Quarter Horse,Gelding,10 years,15 hh,Chestnut,"Fredericksburg, OH",N/A,N/A,Trail - English Pleasure - Versatility Ranch Horse - Western ,
12265,Friesian horses Mix,Gelding,4 years,16 hh,N/A,"Clover, SC",N/A,N/A,Trail - Show - Leisure ,
12266,American Quarter Horse,Mare,6 years,"15,1 hh",Black,"Carrollton, KY",N/A,N/A,Versatility Ranch Horse - Trail - Show - Western ,
12267,American Quarter Horse,Gelding,10 years,15 hh,Bay,"Lufkin, TX",N/A,N/A,Versatility Ranch Horse - Trail - Show - Western ,
12268,American Quarter Horse,Gelding,4 years,"14,2 hh",Palomino,"Madill, OK",N/A,N/A,Versatility Ranch Horse - Trail - Cutting - Show ,
12269,Percheron Mix,Mare,3 years,"15,2 hh",Gray,"Auburn, KY",N/A,N/A,Trail - English Pleasure - Show - Western ,
12270,American Quarter Horse,Gelding,3 years,"14,3 hh",Sorrel,"Waco, TX",N/A,N/A,Cutting - Versatility Ranch Horse - Cowhorse - Reining ,
12271,American Quarter Horse,Mare,3 years,15 hh,Bay,"Waco, TX",N/A,N/A,Reining - Versatility Ranch Horse - Trail - Show ,
12272,Gypsy Horse Mix,Gelding,13 years,15 hh,Tobiano-all-colors,"Clarion, PA",N/A,N/A,Trail - Show - Western - Leisure ,
12273,Appaloosa,Mare,6 years,"14,2 hh",N/A,"Uvalde, TX",N/A,N/A,Trail - Versatility Ranch Horse - Show - Leisure ,
12274,American Quarter Horse,Gelding,12 years,"15,1 hh",Buckskin,"Quitman, AR",N/A,N/A,Versatility Ranch Horse - Trail - Show - Western ,
12275,American Quarter Horse,Gelding,13 years,15 hh,Grullo,"Beaver Springs, PA",N/A,N/A,Versatility Ranch Horse - Trail - Show - Western ,
12276,American Quarter Horse,Gelding,8 years,"14,3 hh",Gray-Dapple,"Ponder, TX",N/A,N/A,Versatility Ranch Horse - Trail - Show - Western ,
12277,American Quarter Horse,Gelding,8 years,15 hh,Sorrel,"Waco, tx",N/A,N/A,Versatility Ranch Horse - Trail - Show - Western ,
12278,American Quarter Horse,Gelding,6 years,"14,3 hh",Gray,"Camp Verde, AZ",N/A,N/A,Versatility Ranch Horse - Trail - Show - Western ,
12279,American Quarter Horse,Gelding,11 years,"14,2 hh",Buckskin,"Ponder, TX",N/A,N/A,Versatility Ranch Horse - Trail - Show - Western ,
12280,American Quarter Horse,Gelding,11 years,15 hh,Roan-Red,"Rebersburg, PA",N/A,N/A,Versatility Ranch Horse - Trail - Show - Western ,
12281,American Quarter Horse,Gelding,9 years,"14,3 hh",Buckskin,"Casa Grande, AZ",N/A,N/A,Versatility Ranch Horse - Trail - Show - Western ,
12282,American Quarter Horse,Gelding,12 years,15 hh,Palomino,"Clarion, PA",N/A,N/A,Versatility Ranch Horse - Trail - Show - Western ,
12283,American Quarter Horse,Mare,9 years,"14,3 hh",Sorrel,"Marshall, MO",N/A,N/A,Versatility Ranch Horse - Trail - Cutting - Breeding ,
12284,Cleveland Bay Mix,Gelding,5 years,16 hh,Bay,"Lagrange, IN",N/A,N/A,Trail - English Pleasure - Western - Jumping ,
12285,Draft Horse Mix,Gelding,15 years,16 hh,Roan-Bay,"Marana, AZ",N/A,N/A,Trail - English Pleasure - Western - Dressage ,
12286,American Quarter Horse,Gelding,9 years,"14,2 hh",Gray,"Amarillo, TX",N/A,N/A,Versatility Ranch Horse - Trail - Show - Western ,
12287,American Quarter Horse,Gelding,10 years,15 hh,Buckskin,"Shippenville, PA",N/A,N/A,Versatility Ranch Horse - Trail - Show - Western ,
12288,American Quarter Horse,Gelding,4 years,15 hh,Palomino,"Orrville, OH",N/A,N/A,Versatility Ranch Horse - Trail - Show - Western ,
12289,American Quarter Horse,Gelding,4 years,"14,1 hh",Sorrel,"Auburn, KY",N/A,N/A,Versatility Ranch Horse - Trail - Show - Western ,
12290,American Quarter Horse,Gelding,9 years,"15,1 hh",Roan-Red,"Casa Grande, AZ",N/A,N/A,Versatility Ranch Horse - Trail - Show - Western ,
12291,American Quarter Horse,Gelding,6 years,"15,1 hh",Bay,"Cannon Falls, MN",N/A,N/A,Reining - Versatility Ranch Horse - Trail - Western ,
12292,American Quarter Horse,Gelding,8 years,15 hh,Sorrel,"Camp Verde, AZ",N/A,N/A,Versatility Ranch Horse - Trail - Show - Western ,
12293,Gypsy Horse Mix,Gelding,5 years,12 hh,Sorrel,"Mount Vernon, MO",N/A,N/A,Trail - Show - Leisure - Driving ,
12294,Friesian horses Mix,Gelding,5 years,"15,2 hh",Black,"Sturgis, MI",N/A,N/A,Trail - English Pleasure - Western - Leisure ,
12295,American Quarter Horse Mix,Mare,11 years,"15,1 hh",Palomino,"Zearing, IA",N/A,N/A,Trail - English Pleasure - Western - Dressage ,
12296,American Quarter Horse,Gelding,10 years,"14,2 hh",Palomino,"Bloomfield, IA",N/A,N/A,Versatility Ranch Horse - Trail - Show - Western ,
12297,American Quarter Horse,Gelding,10 years,"14,3 hh",Buckskin,"Sanger, TX",N/A,N/A,Versatility Ranch Horse - Trail - Show - Western ,
12298,American Quarter Horse Mix,Gelding,9 years,"13,2 hh",Buckskin,"Sandston, VA",N/A,N/A,Trail - Versatility Ranch Horse - Show - Jumping ,
12299,Friesian horses Mix,Gelding,13 years,"15,3 hh",Roan-Bay,"Fayetteville, TN",N/A,N/A,Trail - English Pleasure - Western - Jumping ,
12300,American Quarter Horse,Gelding,8 years,"14,3 hh",Sorrel,"Peosta, IA",N/A,N/A,Versatility Ranch Horse - Trail - Show - Western ,
12301,Friesian horses,Gelding,4 years,16 hh,Black,"Cincinnati, IA",N/A,N/A,Trail - Jumping - Leisure - Dressage ,
12302,Paint Horse,Gelding,10 years,15 hh,N/A,"Corsica, SD",N/A,N/A,Trail - Show - Western - Leisure ,
12303,Draft Horse Mix,Gelding,9 years,"15,2 hh",Bay,"Madill, OK",N/A,"$10,000.00 ",Trail - Versatility Ranch Horse - Show - Leisure ,
12304,American Quarter Horse,Gelding,13 years,15 hh,Gray,"Baldwyn, MS",N/A,N/A,Versatility Ranch Horse - Trail - Show - Western ,
12305,American Quarter Horse,Gelding,5 years,"14,1 hh",Sorrel,"Carthage, TX",N/A,N/A,Versatility Ranch Horse - Trail - Show - Western ,
12306,American Quarter Horse,Gelding,4 years,15 hh,Roan-Blue,"Lebanon, PA",N/A,N/A,Versatility Ranch Horse - Trail - Reining - Show ,
12307,Draft Horse Mix,Gelding,5 years,"15,3 hh",Roan-Red,"Peosta, IA",N/A,N/A,Trail - English Pleasure - Western - Dressage ,
12308,American Quarter Horse,Gelding,6 years,"14,3 hh",Bay,"Clearmont, MO",N/A,N/A,Versatility Ranch Horse - Trail - Show - Western ,
12309,Paint Horse,Gelding,8 years,15 hh,Tovero-all-colors,"Cannon Falls, MN",N/A,N/A,Trail - Versatility Ranch Horse - Show - Western ,
12310,American Quarter Horse,Gelding,12 years,"14,3 hh",Red Dun,"Rebersburg, PA",N/A,N/A,Versatility Ranch Horse - Trail - Show - Western ,
12311,American Quarter Horse,Mare,4 years,"14,2 hh",Sorrel,"Marshfield, MO",N/A,N/A,Reining - Versatility Ranch Horse - Trail - Show ,
12312,American Quarter Horse,Gelding,12 years,"14,3 hh",Bay,"Cannon Falls, MN",N/A,N/A,Versatility Ranch Horse - Trail - Show - Western ,
12313,Appaloosa,Gelding,9 years,"14,1 hh",Bay,"Henderson, KY",N/A,N/A,Trail - English Pleasure - Show - Jumping ,
12314,American Quarter Horse,Gelding,11 years,14 hh,Sorrel,"Joshua, TX",N/A,N/A,Cutting - Versatility Ranch Horse - Trail - Show ,
12315,Hanoverian,Gelding,5 years,16 hh,Brown,Neuhaus an der Oste,"25,000","$26,626.00 ",Dressage - Leisure ,
12316,Oldenburg,Mare,18 years,"16,2 hh",Bay-Dark,Osterburken,"2,000","$2,130.00 ",Mating,
12317,Westphalian,Stallion,3 years,"15,3 hh",Brown,Dorsten,"13,800","$14,697.00 ",Jumping ,
12318,German Sport Horse,Gelding,5 years,17 hh,Gray,Pirmasens,"6,000","$6,390.00 ",Jumping - Leisure ,
12319,Westphalian,Mare,3 years,"15,2 hh",N/A,Dorsten,"13,000","$13,845.00 ",Jumping - Breeding ,
12320,Westphalian,Mare,3 years,"16,1 hh",Gray,Dorsten,"14,000","$14,910.00 ",Jumping - Breeding ,
12321,Spanish Sporthorse,Mare,14 years,"16,1 hh",Brown,Villanueva Del Pardillo,"16,000","$17,040.00 ",Working Equitation - Jumping,
12322,PRE Mix,Gelding,9 years,N/A,N/A,Aiken,N/A,"$55,000.00 ",Dressage - Working Equitation - Trail - Baroque ,
12323,PRE Mix,Mare,1 year,N/A,N/A,"Fenwick, Ontario",N/A,"$15,000.00 ",Dressage - Show - Breeding - Eventing ,
12324,Menorquin,Mare,5 years,"15,1 hh",Black,Menorca,N/A,N/A,Leisure - Working Equitation - Baroque - Eventing ,
12325,Westphalian,Mare,11 years,"16,1 hh",Brown,Ibbenbüren,"40,000","$42,601.00 ",Jumping,
12326,Anglo European Studbook,Gelding,8 years,"16,1 hh",Brown,Fredenbeck,N/A,N/A,Jumping ,
12327,Zangersheider,Mare,7 years,17 hh,Brown,Dätgen,"19,990","$21,290.00 ",Dressage - Breeding - Jumping - Leisure ,
12328,Hanoverian,Gelding,6 years,"16,1 hh",Brown,Fredenbeck,"25,000","$26,626.00 ",Jumping - Eventing - Hunter - Leisure ,
12329,PRE Mix,Stallion,5 years,"15,2 hh",Bay-Dark,Martfeld,"40,000","$42,601.00 ",Dressage - Show - Baroque - Leisure ,
12330,American Quarter Horse,Mare,2 years,N/A,N/A,Neuwied,"20,000","$21,301.00 ",Reining - Western allround - Versatility Ranch Horse - Cowhorse ,
12331,American Quarter Horse,Mare,2 years,N/A,N/A,Neuwied,"20,000","$21,301.00 ",Reining - Western allround - Versatility Ranch Horse - Cowhorse ,
12332,American Quarter Horse,Gelding,3 years,N/A,N/A,Neuwied,"40,000","$42,601.00 ",Reining - Western allround - Versatility Ranch Horse - Cowhorse ,
12333,German Sport Horse,Stallion,2 years,16 hh,Chestnut-Red,Viöl,"4,500","$4,793.00 ",Dressage - Leisure ,
12334,PRE Mix,Stallion,9 years,"15,2 hh",Gray,Valencia,"15,000","$15,975.00 ",Dressage - Working Equitation - Baroque - Leisure ,
12335,Belgian Sport Horse,Gelding,10 years,"16,2 hh",Brown,Viernheim,"40,000","$42,601.00 ",Jumping,
12336,Brandenburg Warmblood,Gelding,5 years,"16,1 hh",Chestnut-Red,Riedlingen,N/A,N/A,Dressage - Eventing - Leisure ,
12337,Trakehner,Stallion,1 year,"16,2 hh",Bay-Dark,Ruila,"4,500","$4,793.00 ",Jumping ,
12338,Trakehner,Mare,1 year,"16,2 hh",Pinto,Ruila,"10,000","$10,650.00 ",Jumping - Eventing ,
12339,Thoroughbred,Mare,6 years,"15,2 hh",Palomino,Ruila,"5,000","$5,325.00 ",Leisure - Breeding ,
12340,Hanoverian,Mare,4 years,"16,1 hh",Brown,Nienhagen,"40,000","$42,601.00 ",Dressage,
12341,Haflinger,Stallion,1 year,N/A,N/A,Bereborn,"1,600","$1,704.00 ",Leisure ,
12342,Noriker,Stallion,2 years,N/A,N/A,Birkenfeld,"2,000","$2,130.00 ",Leisure ,
12343,Oldenburg,Gelding,8 years,17 hh,N/A,Ziemięcice,"100,000","$106,503.00 ",Dressage ,
12344,Ardennes,Stallion,3 years,N/A,N/A,Nettersheim,N/A,N/A,Driving - Leisure ,
12345,American Quarter Horse,Mare,6 years,"14,3 hh",Palomino,"Millersburg, OH",N/A,N/A,Versatility Ranch Horse - Trail - Show - Western ,
12346,German Sport Horse,Gelding,4 years,16 hh,Black,Holzheim,"15,000","$15,975.00 ",Dressage - Eventing - Jumping - Leisure ,
12347,Haflinger,Gelding,4 years,"14,2 hh",Chestnut-Red,Linkenbach,"5,300","$5,645.00 ",Leisure - Trail - Western ,
12348,Oldenburg-International (OS),Stallion,3 years,"15,2 hh",Chestnut-Red,Werlte,"15,000","$15,975.00 ",Jumping,
12349,Oldenburg,Mare,5 years,"16,2 hh",Brown,Fuldabrück,"25,000","$26,626.00 ",Dressage ,
12350,Trakehner,Mare,1 year,N/A,N/A,Ruila,"4,500","$4,793.00 ",Jumping - Eventing ,
12351,Hanoverian,Stallion,2 years,"16,2 hh",Brown,Ratekau,"5,000","$5,325.00 ",Dressage - Trail - Jumping ,
12352,Hanoverian,Mare,6 years,17 hh,Black,Wanna,"25,000","$26,626.00 ",Jumping - Eventing - Dressage,
12353,Oldenburg,Gelding,5 years,"17,2 hh",Smoky-Black,Kloster Lehnin,"40,000","$42,601.00 ",Dressage - Leisure,
12354,Haflinger,Mare,5 years,"14,3 hh",Chestnut-Red,Linkenbach,"5,500","$5,858.00 ",Leisure - Trail - Western ,
12355,Hanoverian,Mare,5 years,"16,1 hh",Brown,Lohne (Oldenburg),"26,000","$27,691.00 ",Dressage - Breeding - Jumping - Leisure ,
12356,Noriker,Mare,5 years,N/A,N/A,Klettgau,"6,500","$6,923.00 ",Leisure - Breeding - Driving ,
12357,Icelandic Horse,Mare,7 years,N/A,N/A,Straßwalchen,"15,000","$15,975.00 ",Gaited - Leisure ,
12358,Hanoverian,Mare,11 years,"16,1 hh",Smoky-Black,Fredenbeck,"12,500","$13,313.00 ",Dressage - Leisure ,
12359,Zangersheider,Mare,9 years,"16,2 hh",Brown,Gerstetten,"40,000","$42,601.00 ",Jumping ,
12360,Polo Pony,Mare,7 years,"14,3 hh",Palomino,Mainbernheim,N/A,N/A,Polo - Leisure ,
12361,Trakehner,Gelding,3 years,"16,1 hh",Gray,Hergenrath,"8,000","$8,520.00 ",Jumping - Leisure - Dressage ,
12362,Polo Pony,Mare,8 years,"14,3 hh",Gray,"General Belgrano, Provincia Buenos Aires",N/A,N/A,Polo - Leisure ,
12363,Holstein,Stallion,5 years,17 hh,Brown,Wittlich,"8,000","$8,520.00 ",Jumping - Dressage,
12364,Other Warmbloods,Mare,11 years,17 hh,Gray,Warendorf,"40,000","$42,601.00 ",Jumping ,
12365,Noriker,Stallion,3 years,16 hh,Black,Nettersheim,N/A,N/A,Driving - Leisure ,
12366,Czech Warmblood,Mare,17 years,"16,2 hh",Chestnut-Red,Glödnitz,"4,500","$4,793.00 ",Leisure - Eventing - Jumping - Dressage ,
12367,PRE,Stallion,15 years,"16,3 hh",Bay,HEUVELLAND,N/A,N/A,Dressage - Working Equitation - Baroque - Breeding ,
12368,German Riding Pony,Gelding,9 years,"14,2 hh",Palomino,Königswinter,"20,000","$21,301.00 ",Dressage - Working Equitation - Jumping - Leisure ,
12369,German Sport Horse,Stallion,5 years,"16,1 hh",Chestnut-Red,Uelzen,"15,000","$15,975.00 ",Dressage - Jumping,
12370,Heavy Warmblood,Mare,6 years,16 hh,Black,Pyrbaum,"10,000","$10,650.00 ",Leisure ,
12371,Hanoverian,Gelding,4 years,"16,2 hh",Black,Meerbusch,"40,000","$42,601.00 ",Dressage ,
12372,Freiberger,Mare,4 years,15 hh,Brown,Rümmingen,N/A,N/A,Leisure ,
12373,Freiberger,Gelding,4 years,"14,3 hh",Brown,Rümmingen,N/A,N/A,Leisure ,
12374,Lipizzaner,Gelding,3 years,15 hh,Brown,Kozina,"7,000","$7,455.00 ",Dressage - Working Equitation - Baroque ,
12375,KWPN,Mare,7 years,17 hh,Brown,De Heurne,"20,000","$21,301.00 ",Jumping - Breeding - Eventing - Dressage,
12376,Oldenburg,Gelding,5 years,"15,2 hh",Chestnut-Red,Krumbach,"15,000","$15,975.00 ",Dressage - Jumping - Leisure ,
12377,German Riding Pony,Gelding,5 years,14 hh,Palomino,Marsberg,N/A,N/A,Dressage ,
12378,Hanoverian,Mare,5 years,16 hh,Brown,Drackenstein,"12,500","$13,313.00 ",Dressage - Breeding - Leisure ,
12379,Holstein,Mare,6 years,17 hh,Brown,Sangerhausen,N/A,N/A,Jumping - Hunter under saddle - Hunting - Dressage ,
12380,Icelandic Horse,Mare,6 years,"13,1 hh",Black,Kumberg,"10,000","$10,650.00 ",Gaited - Breeding - Eventing - Mating,
12381,Polo Pony,Gelding,7 years,"15,1 hh",Brown,Mainbernheim,N/A,N/A,Polo - Leisure ,
12382,Hanoverian,Stallion,3 years,"16,3 hh",Bay-Dark,Kölln reisiek,"45,000","$47,926.00 ",Dressage - Eventing ,
12383,Oldenburg,Mare,6 years,"16,1 hh",Brown,Damme,"16,000","$17,040.00 ",Dressage ,
12384,Other Breeds Mix,Mare,10 years,"15,2 hh",Gray-Dapple,Lübeck,"8,000","$8,520.00 ",Leisure - Baroque - Dressage,
12385,Other Breeds,Gelding,5 years,"15,1 hh",Gray-Dapple,Linkenbach,"6,200","$6,603.00 ",Baroque - Leisure ,
12386,Belgian Riding Pony Mix,Mare,11 years,"11,2 hh",Black,Dessel,"3,900","$4,154.00 ",Dressage ,
12387,American Quarter Horse,Mare,15 years,"14,2 hh",Brown,Dessel,"8,500","$9,053.00 ",Leisure - Western allround - Breeding ,
12388,German Riding Pony,Gelding,3 years,"14,2 hh",Buckskin,Alkersum,"7,300","$7,775.00 ",Dressage - Jumping - Leisure ,
12389,Pintos,Gelding,4 years,"15,1 hh",Pinto,Alkersum,"7,500","$7,988.00 ",Leisure - Jumping - Dressage ,
12390,Zangersheider,Mare,1 year,N/A,N/A,Tök,"10,000","$10,650.00 ",Jumping ,
12391,Friesian horses,Mare,11 years,"15,3 hh",Black,"Michigan City, IN",N/A,N/A,Trail - Dressage ,
12392,Paint Horse,Gelding,11 years,"13,1 hh",Tobiano-all-colors,"Argyle, TX",N/A,N/A,Trail - Versatility Ranch Horse - Show ,
12393,PRE Mix,Stallion,4 years,16 hh,Brown,Barcelona,"20,000","$21,301.00 ",Dressage - Working Equitation - Baroque - Leisure ,
12394,PRE Mix,Stallion,4 years,"16,2 hh",Brown,Barcelona,"20,000","$21,301.00 ",Dressage - Working Equitation - Baroque - Leisure ,
12395,Friesian horses,Stallion,4 years,"16,1 hh",Black,Ochtendung,N/A,N/A,Dressage - Leisure - Driving ,
12396,Friesian horses,Stallion,4 years,16 hh,Black,Ochtendung,"20,000","$21,301.00 ",Dressage - Leisure - Driving ,
12397,Friesian horses,Stallion,3 years,"16,2 hh",Black,Ochtendung,N/A,N/A,Dressage - Leisure - Driving ,
12398,Friesian horses,Stallion,6 years,16 hh,Black,Ochtendung,N/A,N/A,Dressage - Leisure - Driving ,
12399,German Riding Horse,Gelding,3 years,16 hh,Chestnut-Red,Niederzier,"10,000","$10,650.00 ",Leisure - Jumping - Driving - Dressage ,
12400,Mini Shetland Pony,Stallion,3 years,"8,1 hh",Pinto,Niederzier,"2,500","$2,663.00 ",Leisure ,
12401,Westphalian,Mare,1 year,N/A,N/A,Rheine,"6,500","$6,923.00 ",Dressage,
12402,American Quarter Horse,Stallion,2 years,N/A,N/A,Deggenhausertal,"15,000","$15,975.00 ",Reining ,
12403,American Quarter Horse,Stallion,2 years,N/A,N/A,Deggenhausertal,"13,000","$13,845.00 ",Reining ,
12404,American Quarter Horse,Stallion,3 years,"14,2 hh",Brown,Fichtelberg,"10,000","$10,650.00 ",Western - Show - Leisure,
12405,Polo Pony,Mare,8 years,15 hh,Gray,"General Belgrano, Provincia Buenos Aires",N/A,N/A,Polo - Western - Leisure ,
12406,Percheron,Gelding,4 years,"15,3 hh",Roan-Blue,Bristolvillle OH,N/A,"$3,500.00 ",Trail - Versatility Ranch Horse ,
12407,Polo Pony,Mare,11 years,"14,3 hh",Chestnut-Red,"General Belgrano, Provincia Buenos Aires",N/A,N/A,Polo - Western allround - Leisure ,
12408,Paint Horse,Gelding,13 years,14 hh,Tobiano-all-colors,Sallisaw OK,N/A,"$3,500.00 ",Trail - Versatility Ranch Horse ,
12409,Tennessee walking horse,Gelding,10 years,"15,2 hh",Bay,Brooksville KY,N/A,"$3,500.00 ",Trail - Versatility Ranch Horse ,
12410,Mule,Gelding,10 years,"15,2 hh",Bay,Brooksville KY,N/A,"$3,500.00 ",Trail - Versatility Ranch Horse ,
12411,American Quarter Horse,Mare,10 years,"15,2 hh",Bay,Brooksville KY,N/A,"$3,500.00 ",Trail - Versatility Ranch Horse ,
12412,Hanoverian,Mare,6 years,"16,1 hh",Chestnut-Red,Belum,"6,300","$6,710.00 ",Dressage - Breeding - Leisure ,
12413,American Quarter Horse,Gelding,13 years,14 hh,Tobiano-all-colors,Sallisaw OK,N/A,"$3,500.00 ",Trail - Versatility Ranch Horse ,
12414,American Quarter Horse,Gelding,6 years,15 hh,Cremello,Camp Verde AZ,N/A,"$3,500.00 ",Trail - Versatility Ranch Horse ,
12415,American Quarter Horse,Mare,4 years,N/A,N/A,BRistolville OH,N/A,"$3,500.00 ",Trail - Versatility Ranch Horse ,
12416,Percheron,Mare,8 years,"16,2 hh",Roan-Red,Jacksboro TX,N/A,"$3,500.00 ",Trail - Versatility Ranch Horse ,
12417,Westphalian,Mare,6 years,"16,1 hh",Chestnut-Red,Münster,"30,000","$31,951.00 ",Dressage - Jumping ,
12418,Draft Horse,Gelding,8 years,"16,2 hh",Roan-Red,Jacksboro TX,N/A,"$3,500.00 ",Trail - Versatility Ranch Horse ,
12419,American Quarter Horse,Mare,8 years,"16,2 hh",Roan-Red,Jacksboro TX,N/A,"$3,500.00 ",Trail - Versatility Ranch Horse ,
12420,Paint Horse,Gelding,13 years,15 hh,Tobiano-all-colors,Fort Collins CO,N/A,"$3,500.00 ",Trail - Jumping ,
12421,Westphalian,Mare,10 years,"16,1 hh",Gray-Dapple,Wysin,"70,000","$74,552.00 ",Jumping - Breeding ,
12422,American Quarter Horse,Gelding,13 years,15 hh,Buckskin,"Fort Collins, CO",N/A,"$3,500.00 ",Trail - Jumping ,
12423,American Quarter Horse,Gelding,8 years,N/A,N/A,Dublin TX,N/A,"$3,500.00 ",Trail - Versatility Ranch Horse ,
12424,American Quarter Horse,Gelding,13 years,"15,1 hh",Palomino,Stephenville TX,N/A,"$3,500.00 ",Trail - Versatility Ranch Horse ,
12425,KWPN,Mare,4 years,16 hh,Black,Oosterhout,"25,000","$26,626.00 ",Dressage ,
12426,KWPN,Stallion,4 years,17 hh,Bay-Dark,Oosterhout,"40,000","$42,601.00 ",Dressage ,
12427,American Quarter Horse,Gelding,7 years,15 hh,Bay,Canton TX,N/A,"$3,500.00 ",Trail - Versatility Ranch Horse ,
12428,American Quarter Horse,Gelding,5 years,"15,1 hh",Bay,"Camp Verde, AZ",N/A,"$3,500.00 ",Trail - Versatility Ranch Horse ,
12429,American Quarter Horse,Gelding,5 years,"12,3 hh",Bay,Santa Fe TN,N/A,"$3,500.00 ",Trail - Versatility Ranch Horse ,
12430,American Quarter Horse,Gelding,16 years,"14,3 hh",Champagne,Weatherford TX,N/A,"$3,500.00 ",Trail - Versatility Ranch Horse ,
12431,Mustang (american),Gelding,13 years,"15,2 hh",Dun,"Fort Collins, CO",N/A,"$3,500.00 ",Trail - Versatility Ranch Horse ,
12432,American Quarter Horse,Gelding,7 years,N/A,N/A,Paicines CA,N/A,"$3,500.00 ",Trail - Versatility Ranch Horse ,
12433,Paint Horse,Gelding,13 years,N/A,N/A,Canton TX,N/A,"$3,500.00 ",Trail - Versatility Ranch Horse ,
12434,American Quarter Horse,Gelding,13 years,"14,3 hh",Tobiano-all-colors,Canton TX,N/A,"$3,500.00 ",Trail - Versatility Ranch Horse ,
12435,Appaloosa,Gelding,12 years,14 hh,Bay,Dublin TX,N/A,"$3,500.00 ",Trail - Versatility Ranch Horse ,
12436,American Quarter Horse,Gelding,12 years,14 hh,Bay,Dublin TX,N/A,"$3,500.00 ",Trail - Versatility Ranch Horse ,
12437,Murgese,Mare,5 years,"15,3 hh",Black,MurgiaGioia del Colle,"6,000","$6,390.00 ",Baroque - Working Equitation - Trail - Leisure,
12438,Westphalian,Stallion,1 year,17 hh,Smoky-Black,Reichenwalde,"10,000","$10,650.00 ",Dressage - Breeding - Eventing - Jumping ,
12439,Appaloosa Mix,Mare,1 year,"15,1 hh",Roan-Bay,Gemmerich,"2,800","$2,982.00 ",Leisure - Western,
12440,Rocky Mountain Horse,Mare,2 years,"14,2 hh",N/A,Sendenhorst,"9,500","$10,118.00 ",Gaited - Working Equitation - Trail - Leisure,
12441,PRE Mix,Gelding,12 years,16 hh,Bay-Dark,Martfeld,"37,500","$39,938.00 ",Dressage - Show - Baroque - Leisure ,
12442,PRE Mix,Mare,12 years,16 hh,Brown,Martfeld,"29,990","$31,940.00 ",Dressage - Show - Baroque - Leisure ,
12443,PRE Mix,Stallion,9 years,"15,2 hh",Chestnut-Red,Martfeld,"40,000","$42,601.00 ",Dressage - Show - Baroque - Leisure ,
12444,Holstein,Mare,6 years,"16,1 hh",Brown,Mildstedt,"6,300","$6,710.00 ",Breeding - Jumping - Leisure ,
12445,PRE Mix,Gelding,11 years,"15,3 hh",Gray-Dapple,Martfeld,"70,000","$74,552.00 ",Dressage - Working Equitation - Baroque - Leisure ,
12446,Hanoverian,Gelding,6 years,"17,1 hh",Bay-Dark,Siedenburg,"15,000","$15,975.00 ",Jumping - Leisure ,
12447,Oldenburg-International (OS),Mare,16 years,16 hh,Brown,Burgwedel,"4,950","$5,272.00 ",Breeding - Jumping,
12448,American Miniature Horse,Mare,12 years,N/A,N/A,Reichenwalde,"8,000","$8,520.00 ",Leisure ,
12449,Oldenburg,Mare,22 years,N/A,N/A,Dassel,"2,900","$3,089.00 ",Dressage,
12450,Icelandic Horse,Gelding,11 years,N/A,N/A,Straßwalchen,"15,000","$15,975.00 ",Gaited - Leisure ,
12451,Lusitano,Stallion,3 years,16 hh,Buckskin,Ribamar,"27,000","$28,756.00 ",Working Equitation - Equitation Portugesa - Dressage ,
12452,Paint Horse,Mare,6 years,"14,1 hh",Tobiano-all-colors,Weatherford TX,N/A,"$3,500.00 ",Trail - Versatility Ranch Horse ,
12453,American Quarter Horse,Mare,6 years,"14,1 hh",Tobiano-all-colors,Weatherford TX,N/A,"$3,500.00 ",Trail - Versatility Ranch Horse ,
12454,German Riding Pony,Mare,2 years,N/A,N/A,Hamburg,"10,000","$10,650.00 ",Dressage - Eventing - Jumping - Leisure,
12455,KWPN,Gelding,8 years,"16,2 hh",Chestnut-Red,Sevilla,"40,000","$42,601.00 ",Dressage ,
12456,Andalusian,Stallion,4 years,16 hh,Gray,Madrid,"15,000","$15,975.00 ",Dressage - Working Equitation - Leisure ,
12457,Andalusian,Stallion,3 years,16 hh,Gray,Madrid,"15,000","$15,975.00 ",Dressage - Working Equitation - Leisure ,
12458,KWPN,Mare,5 years,"16,1 hh",Chestnut-Red,Zieuwent,"10,000","$10,650.00 ",Dressage - Breeding - Eventing ,
12459,PRE,Stallion,6 years,16 hh,Black,El Catllar,"15,000","$15,975.00 ",Dressage - Breeding ,
12460,PRE,Stallion,6 years,16 hh,Gray,Madrid,"15,000","$15,975.00 ",Dressage - Working Equitation - Leisure ,
12461,Shetland Ponies,Mare,20 years,"9,2 hh",Chestnut-Red,DEAUVILLE,990,"$1,054.00 ",Leisure ,
12462,Hanoverian,Gelding,8 years,"16,3 hh",Brown,Nottuln,"70,000","$74,552.00 ",Dressage,
12463,Paint Horse,Stallion,1 year,"14,2 hh",Tobiano-all-colors,Hellenthal,"5,900","$6,284.00 ",Reining,
12464,Paint Horse,Mare,1 year,"14,2 hh",Palomino,Hellenthal,"5,900","$6,284.00 ",Reining - Western - Leisure,
12465,American Quarter Horse,Mare,1 year,"14,2 hh",Palomino,Hellenthal,"5,900","$6,284.00 ",Reining - Western - Leisure,
12466,PRE Mix,Stallion,5 years,16 hh,Perlino,Sevilla,"28,000","$29,821.00 ",Baroque - Show - Leisure - Dressage ,
12467,Noriker,Gelding,6 years,17 hh,N/A,Obertilliach,"5,900","$6,284.00 ",Driving ,
12468,PRE,Stallion,5 years,"16,1 hh",Gray,Sevilla,"20,000","$21,301.00 ",Dressage - Baroque ,
12469,Icelandic Horse,Gelding,5 years,"13,3 hh",Brown,Fronreute,"12,000","$12,780.00 ",Gaited - Leisure ,
12470,Hanoverian,Mare,3 years,16 hh,Smoky-Black,Rees,"10,000","$10,650.00 ",Dressage - Breeding - Leisure - Driving ,
12471,Icelandic Horse,Mare,9 years,N/A,N/A,Straßwalchen,N/A,N/A,Gaited - Leisure ,
12472,Westphalian,Gelding,4 years,"16,2 hh",Chestnut-Red,Versmold,"15,000","$15,975.00 ",Dressage - Eventing - Jumping - Leisure ,
12473,Icelandic Horse,Mare,6 years,N/A,N/A,Straßwalchen,"15,000","$15,975.00 ",Gaited - Leisure ,
12474,PRE Mix,Gelding,10 years,16 hh,Brown,Griñon,"15,500","$16,508.00 ",Dressage - Gaited,
12475,Tennessee walking horse,Gelding,6 years,15 hh,Tobiano-all-colors,"Boonville, IN",N/A,"$7,799.00 ",Gaited - Trail ,
12476,Connemara Mix,Gelding,4 years,"15,2 hh",Pinto,Zieuwent,"4,500","$4,793.00 ",Leisure - Hunting - Jumping - Dressage ,
12477,Zangersheider,Gelding,11 years,"16,2 hh",N/A,Canterbury,N/A,"$30,609.00 ",Jumping - Working Equitation - Hunting - Eventing ,
12478,Icelandic Horse,Gelding,8 years,"13,2 hh",Palomino,Lochen am See,"15,000","$15,975.00 ",Gaited - Show - Leisure - Dressage ,
12479,Oldenburg,Mare,9 years,"16,2 hh",Chestnut-Red,Dechy,"49,000","$52,186.00 ",Dressage,
12480,NRPS,Stallion,2 years,"14,2 hh",Palomino,Daknam,"2,300","$2,450.00 ",Dressage - Jumping ,
12481,Hanoverian,Gelding,13 years,"17,1 hh",Chestnut-Red,Renningen,"20,000","$21,301.00 ",Leisure - Jumping - Dressage,
12482,German Riding Horse,Gelding,6 years,16 hh,Chestnut-Red,Drensteinfurt,"17,000","$18,105.00 ",Dressage ,
12483,Trakehner,Stallion,8 years,"16,2 hh",Gray-Dark-Tan,Feldbach,"100,000","$106,503.00 ",Eventing - Jumping - Mating - Dressage ,
12484,Austrian Warmblood,Gelding,6 years,"16,2 hh",Chestnut-Red,Schaftal,"40,000","$42,601.00 ",Dressage ,
12485,Gypsy Horse,Stallion,13 years,"14,2 hh",Palomino,Seeburg,"6,000","$6,390.00 ",Driving - Mating,
12486,Other Warmbloods,Gelding,7 years,"16,1 hh",Brown,Pelmberg,"12,800","$13,632.00 ",Reining - Leisure - Dressage ,
12487,Welsh C (of Cob Type) Mix,Mare,5 years,"13,1 hh",Brown,Perchtoldsdorf,"4,800","$5,112.00 ",Dressage - Eventing - Jumping - Leisure ,
12488,Mustang (american),Gelding,4 years,"14,2 hh",Roan-Blue,Kirchheim,"14,500","$15,443.00 ",Leisure - Trail - Endurance - Western,"Green, is allrounder, is easy to load"
12489,German Riding Pony,Mare,9 years,"14,1 hh",Chestnut-Red,Mülheim an der Ruhr,"5,500","$5,858.00 ",Dressage - Breeding - Leisure ,
12490,Holstein,Mare,7 years,16 hh,Brown,Lübeck,"14,999","$15,974.00 ",Jumping ,
12491,Holstein,Mare,7 years,16 hh,Gray,Lübeck,"12,500","$13,313.00 ",Jumping - Eventing ,
12492,Holstein,Stallion,9 years,"15,2 hh",Gray,Lübeck,"11,999","$12,779.00 ",Jumping ,
12493,German Riding Horse,Gelding,5 years,"16,2 hh",Palomino,Aachen,"40,000","$42,601.00 ",Dressage - Eventing - Jumping - Leisure ,
12494,PRE Mix,Stallion,3 years,17 hh,Chestnut-Red,Navas Del Madroño,N/A,N/A,Eventing ,
12495,Arabian horses,Stallion,2 years,"15,1 hh",Chestnut-Red,Gemünden (Felda),"10,000","$10,650.00 ",Endurance - Working Equitation - Breeding - Dressage ,
12496,German Riding Pony,Gelding,12 years,"14,1 hh",Chestnut,Glandorf,"20,000","$21,301.00 ",Dressage - Eventing - Jumping ,
12497,Oldenburg,Mare,2 years,N/A,N/A,Dassel,"10,000","$10,650.00 ",Dressage - Eventing,
12498,KWPN,Gelding,5 years,"16,1 hh",Pinto,Aachen,"40,000","$42,601.00 ",Dressage - Jumping - Hunter - Leisure ,
12499,More ponies/small horses,Gelding,5 years,"14,1 hh",N/A,Deggendorf,"3,400","$3,621.00 ",Leisure ,
12500,More ponies/small horses,Mare,4 years,"14,1 hh",N/A,Deggendorf,"3,900","$4,154.00 ",Leisure ,
12501,Icelandic Horse,Gelding,5 years,"12,3 hh",Black,Fronreute,"7,000","$7,455.00 ",Gaited - Leisure ,
12502,More ponies/small horses,Mare,5 years,"15,2 hh",N/A,Deggendorf,"4,900","$5,219.00 ",Leisure ,
12503,Icelandic Horse,Mare,7 years,"13,2 hh",Dun,Fronreute,"8,000","$8,520.00 ",Gaited - Breeding - Leisure ,
12504,PRE Mix,Stallion,5 years,"15,2 hh",Gray,Navas Del Madroño,N/A,N/A,Eventing ,
12505,PRE,Mare,7 years,"16,2 hh",Gray,Wremen,"15,000","$15,975.00 ",Dressage - Working Equitation - Breeding - Leisure ,
12506,More ponies/small horses,Mare,5 years,14 hh,N/A,Deggendorf,"3,400","$3,621.00 ",Leisure ,
12507,PRE,Mare,4 years,"15,2 hh",Brown,Wremen,"15,000","$15,975.00 ",Dressage - Working Equitation - Breeding - Leisure ,
12508,More ponies/small horses,Gelding,3 years,"14,1 hh",N/A,Deggendorf,"4,900","$5,219.00 ",Leisure ,
12509,PRE,Stallion,4 years,"15,3 hh",Perlino,Barcelona,"15,000","$15,975.00 ",Dressage - Working Equitation - Baroque - Leisure ,
12510,Murgese,Stallion,3 years,"15,2 hh",Black,Martina Franca,"7,500","$7,988.00 ",Baroque - Working Equitation - Leisure,
12511,Holstein,Gelding,15 years,"16,1 hh",Bay-Dark,Freienwill,"9,000","$9,585.00 ",Dressage - Leisure ,
12512,Brandenburg Warmblood,Gelding,5 years,"15,3 hh",Gray-Dark-Tan,Neuburg an der Donau,N/A,N/A,Leisure - Jumping - Dressage ,
12513,KWPN,Mare,10 years,"16,1 hh",Brown,Made,"11,500","$12,248.00 ",Breeding ,
12514,German Sport Horse,Stallion,1 year,N/A,N/A,Leuna OT Zweimen,"10,000","$10,650.00 ",Jumping,
12515,Trakehner,Gelding,4 years,16 hh,Smoky-Black,Wellheim,"15,000","$15,975.00 ",Dressage - Leisure ,
12516,German Riding Pony,Mare,5 years,"14,2 hh",Chestnut-Red,Bad Zwischenahn,"13,000","$13,845.00 ",Dressage - Leisure,
12517,Other Warmbloods,Mare,14 years,16 hh,Bay-Dark,Ribbesbüttel,"1,400","$1,491.00 ",Leisure ,
12518,Oldenburg,Mare,1 year,"16,2 hh",Chestnut-Red,Laag-Keppel,"10,500","$11,183.00 ",Dressage - Breeding - Jumping - Leisure,
12519,Hanoverian,Stallion,2 years,N/A,N/A,Hahn am See,"10,000","$10,650.00 ",Dressage - Breeding ,
12520,Hanoverian,Stallion,2 years,N/A,N/A,Hahn am See,"10,000","$10,650.00 ",Jumping - Breeding - Dressage ,
12521,Edelbluthaflinger,Mare,4 years,"13,2 hh",N/A,Gundernhausen (Roßdorf),"10,000","$10,650.00 ",Dressage - Eventing - Jumping - Leisure ,
12522,Belgian Warmblood,Stallion,5 years,"16,1 hh",Black,Gronau (Westfalen),"27,500","$29,288.00 ",Dressage ,
12523,Andalusian Mix,Stallion,3 years,"15,2 hh",Buckskin,Sevilla,"10,000","$10,650.00 ",Baroque - Show - Leisure ,
12524,NRPS,Gelding,10 years,"14,2 hh",Palomino,Puth,"22,500","$23,963.00 ",Dressage - Jumping,
12525,Hanoverian,Gelding,8 years,"16,3 hh",N/A,Puth,"75,000","$79,877.00 ",Dressage,
12526,Hanoverian,Mare,7 years,"17,3 hh",Chestnut-Red,Pelmberg,"14,000","$14,910.00 ",Dressage - Eventing - Jumping - Leisure ,
12527,Hanoverian,Gelding,4 years,"16,1 hh",Brown,Nottuln,"12,000","$12,780.00 ",Jumping - Dressage ,
12528,German Riding Pony,Gelding,6 years,"14,2 hh",Chestnut-Red,Landsberg,"16,000","$17,040.00 ",Dressage - Eventing - Jumping - Leisure,
12529,Holstein,Mare,5 years,16 hh,Brown,Köln,"40,000","$42,601.00 ",Jumping - Hunter - Leisure - Dressage ,
12530,Lusitano,Mare,2 years,"14,2 hh",Cremello,Valencia,"5,000","$5,325.00 ",Dressage - Working Equitation - Baroque - Leisure ,
12531,Hanoverian,Gelding,6 years,"16,1 hh",Chestnut-Red,Löningen,"21,000","$22,366.00 ",Dressage,
12532,PRE Mix,Stallion,6 years,"16,1 hh",Gray,Navas Del Madroño,"70,000","$74,552.00 ",Eventing ,
12533,Arabian Partbred,Mare,1 year,15 hh,Tobiano-all-colors,Sulingen,"5,500","$5,858.00 ",Endurance - Trail - Western - Leisure,
12534,Mecklenburg Warmblood,Mare,13 years,"16,2 hh",Chestnut-Red,Hagen im Bremischen,"9,000","$9,585.00 ",Eventing - Jumping - Dressage,
12535,Friesian horses,Mare,2 years,16 hh,Black,Oosterwolde,"6,000","$6,390.00 ",Dressage - Leisure,
12536,Portuguese Sport Horse,Mare,2 years,"15,1 hh",Buckskin,Valencia,"8,000","$8,520.00 ",Equitation Portugesa - Show - Leisure - Dressage ,
12537,Arabian horses,Mare,2 years,"15,1 hh",Gray,Gemünden (Felda),"15,000","$15,975.00 ",Leisure - Endurance - Breeding - Dressage ,
12538,Friesian horses,Stallion,4 years,"16,1 hh",Black,Mijnsheerenland,N/A,N/A,Dressage - Show - Driving - Mating ,
12539,Friesian horses,Mare,4 years,16 hh,Black,Mijnsheerenland,"15,000","$15,975.00 ",Dressage - Breeding - Leisure ,
12540,Friesian horses,Stallion,4 years,16 hh,Black,Mijnsheerenland,"18,500","$19,703.00 ",Dressage - Baroque - Leisure ,
12541,Other Heavy Horses,Gelding,12 years,"17,1 hh",Brown,Piatra neamt,"10,000","$10,650.00 ",Jumping - Working Equitation,
12542,Oldenburg,Gelding,5 years,"15,3 hh",Chestnut-Red,Kerpen,"25,000","$26,626.00 ",Dressage - Hunter under saddle - Jumping,
12543,Oldenburg-International (OS),Mare,9 years,"16,1 hh",Gray,Walchum,"25,000","$26,626.00 ",Jumping - Breeding ,
12544,Oldenburg,Mare,6 years,"16,2 hh",Black,Brünn,"38,000","$40,471.00 ",Dressage - Working Equitation,
12545,Hanoverian,Mare,7 years,"16,1 hh",Chestnut,Wingene,"5,000","$5,325.00 ",Breeding,
12546,Irish Thoroughbred,Mare,6 years,"15,2 hh",Brown,Grevenbroich,"4,500","$4,793.00 ",Leisure ,
12547,Irish Thoroughbred,Mare,8 years,"16,2 hh",Brown,Grevenbroich,"4,500","$4,793.00 ",Leisure ,
12548,Tennessee walking horse,Gelding,10 years,14 hh,Tobiano-all-colors,"Whitley City, KY",N/A,"$10,000.00 ",Gaited - Western allround - Trail - Western Pleasure ,
12549,German Sport Horse,Gelding,20 years,16 hh,Gray,Neumünster,"2,800","$2,982.00 ",Leisure ,
12550,KWPN,Mare,6 years,16 hh,Bay-Dark,Hünxe,"5,500","$5,858.00 ",Dressage - Leisure ,
12551,German Riding Horse,Mare,6 years,"15,1 hh",Chestnut-Red,Hünxe,"7,000","$7,455.00 ",Dressage - Breeding - Jumping - Leisure ,
12552,Hanoverian,Mare,4 years,"15,3 hh",Chestnut-Red,Hamm,"15,000","$15,975.00 ",Dressage - Leisure ,
12553,Westphalian,Mare,6 years,"16,2 hh",Chestnut-Red,Hünxe,"16,500","$17,573.00 ",Dressage - Breeding - Leisure ,
12554,PRE Mix,Gelding,9 years,16 hh,Brown,Sm,N/A,N/A,Dressage - Leisure ,
12555,Tennessee walking horse,Gelding,3 years,16 hh,Sorrel,"Lewisburg, TN",N/A,"$20,000.00 ",Gaited - Trail - Endurance - Western ,
12556,Oldenburg,Mare,5 years,16 hh,Chestnut-Red,Groß Kreutz,"40,000","$42,601.00 ",Dressage - Breeding ,
12557,American Quarter Horse,Gelding,8 years,"15,3 hh",Brown,Kirchbichl,"25,000","$26,626.00 ",Western Pleasure - Western allround - English Pleasure - Western ,
12558,Hanoverian,Mare,4 years,16 hh,Black,Niederkirchen,"25,000","$26,626.00 ",Dressage ,
12559,Hanoverian,Gelding,12 years,"17,1 hh",Brown,Ettringen,"9,000","$9,585.00 ",Leisure - Jumping,
12560,Other Warmbloods,Mare,1 year,"16,1 hh",Pinto,Borgentreich,N/A,N/A,Jumping - Vaulting - Leisure - Dressage ,
12561,Heavy Warmblood,Gelding,3 years,16 hh,Black,Riedlingen,N/A,N/A,Driving - Leisure ,
12562,Haflinger,Gelding,4 years,"14,3 hh",Chestnut-Red,Niederzier,"10,000","$10,650.00 ",Leisure ,
12563,Welsh B,Gelding,3 years,"12,1 hh",Gray-Dapple,Niederzier,"2,500","$2,663.00 ",Leisure - Jumping - Driving - Dressage ,
12564,Friesian horses Mix,Gelding,3 years,"14,2 hh",Bay-Dark,Niederzier,"5,000","$5,325.00 ",Leisure - Jumping - Driving - Dressage ,
12565,Noriker,Gelding,3 years,"14,1 hh",N/A,Niederzier,"5,000","$5,325.00 ",Leisure - Baroque - Driving ,
12566,Appaloosa,Gelding,10 years,15 hh,Bay,"Sheldon, MO",N/A,"$12,500.00 ",Cowhorse - Versatility Ranch Horse - Trail - Jumping ,
12567,Oldenburg-International (OS),Mare,5 years,"15,2 hh",Brown,Herford,"15,000","$15,975.00 ",Jumping - Breeding,
12568,Other Warmbloods Mix,Mare,1 year,N/A,N/A,Bad Aibling,"1,500","$1,598.00 ",Leisure - Driving - Dressage ,
12569,American Standardbred,Mare,2 years,"15,2 hh",Roan-Red,Saarland,"15,000","$15,975.00 ",Gaited - Endurance - Breeding - Leisure,
12570,Anglo European Studbook,Gelding,5 years,"16,1 hh",Chestnut,Ysselsteyn,"20,000","$21,301.00 ",Jumping - Dressage ,
12571,Welsh C (of Cob Type),Mare,17 years,13 hh,Gray,Papenhagen,"10,000","$10,650.00 ",Jumping - Eventing - Hunter - Dressage ,
12572,Polish Warmblood,Mare,18 years,"16,1 hh",Gray,Papenhagen,"10,000","$10,650.00 ",Breeding ,
12573,American Quarter Horse,Gelding,9 years,16 hh,Chestnut-Red,Burgebrach,"24,000","$25,561.00 ",Western Pleasure - Western allround - Trail ,
12574,American Quarter Horse,Mare,3 years,N/A,N/A,Eurasburg,"11,500","$12,248.00 ",Western allround - Trail - Western Pleasure - Breeding ,
12575,Zangersheider,Mare,8 years,"16,1 hh",Brown,Öblarn,"5,000","$5,325.00 ",Jumping ,
12576,Austrian Warmblood,Stallion,1 year,N/A,N/A,Öblarn,"9,500","$10,118.00 ",Jumping ,
12577,Austrian Warmblood,Stallion,1 year,N/A,N/A,Öblarn,"9,500","$10,118.00 ",Jumping ,
12578,Hanoverian,Mare,4 years,"16,1 hh",Bay-Dark,Wagenfeld,"25,000","$26,626.00 ",Jumping - Dressage ,
12579,Oldenburg,Mare,7 years,"16,1 hh",Smoky-Black,Priestewitz,"25,000","$26,626.00 ",Dressage - Breeding,
12580,Other Breeds,Mare,7 years,"15,1 hh",Chestnut-Red,Hopsten,N/A,N/A,Leisure ,
12581,Holstein,Gelding,8 years,"17,1 hh",Chestnut-Red,Danzig,"70,000","$74,552.00 ",Jumping ,
12582,German Sport Horse,Mare,7 years,"17,3 hh",Chestnut-Red,Herrenberg,"70,000","$74,552.00 ",Dressage ,
12583,PRE Mix,Stallion,3 years,"15,3 hh",Gray,Tabernas Almería,"10,000","$10,650.00 ",Dressage - Baroque ,
12584,PRE Mix,Stallion,4 years,"16,1 hh",Gray,Galaroza,"15,000","$15,975.00 ",Dressage - English Pleasure - Working Equitation - Leisure ,
12585,German Sport Horse,Gelding,11 years,"16,2 hh",Black,Herrenberg,"100,000","$106,503.00 ",Dressage ,
12586,American Quarter Horse,Mare,1 year,"15,1 hh",Roan-Bay,Helmbrechts,"12,000","$12,780.00 ",Western Pleasure - Western allround - Hunter under saddle - Western Hunter,
12587,German Sport Horse,Gelding,2 years,17 hh,Gray-Dark-Tan,Au,"10,000","$10,650.00 ",Dressage,
12588,PRE Mix,Stallion,6 years,"15,1 hh",Gray-Dapple,Bredene,"11,000","$11,715.00 ",Baroque - Breeding - Leisure - Dressage ,
12589,Hanoverian,Mare,10 years,"16,1 hh",Bay-Dark,Geestland,"7,000","$7,455.00 ",Dressage ,
12590,Hanoverian,Gelding,3 years,"16,1 hh",Brown,Geestland,"15,000","$15,975.00 ",Dressage ,
12591,KWPN,Mare,4 years,"16,2 hh",Black,Weert,"17,500","$18,638.00 ",Dressage ,
12592,Hanoverian,Mare,5 years,16 hh,Bay-Dark,Cegléd,"13,000","$13,845.00 ",Dressage,
12593,Holstein,Mare,6 years,17 hh,Brown,Korntal-Münchingen,"23,500","$25,028.00 ",Jumping - Eventing - Dressage ,
12594,KWPN,Mare,10 years,"16,1 hh",Smoky-Black,Korntal-Münchingen,"18,500","$19,703.00 ",Jumping - Dressage ,
12595,Hanoverian,Mare,2 years,N/A,N/A,Wietstock,"7,500","$7,988.00 ",Dressage - Breeding - Hunter - Leisure ,
12596,Oldenburg,Stallion,2 years,"16,2 hh",Smoky-Black,Oberkrämer,"9,000","$9,585.00 ",Dressage - Jumping - Leisure,
12597,Shire Horse,Gelding,5 years,"17,1 hh",Brown,Sonnefeld,"7,900","$8,414.00 ",Leisure - Dressage ,
12598,Donkey,Gelding,4 years,"13,1 hh",Gray,Euskirchen,"1,600","$1,704.00 ",Leisure ,
12599,Spanish Sporthorse,Gelding,12 years,"16,1 hh",Gray,Xabia/Javea,"12,000","$12,780.00 ",Dressage - Leisure ,
12600,Paint Horse,Mare,1 year,"15,1 hh",Champagne,Buchbach,"4,800","$5,112.00 ",Western - Western allround - Trail - Breeding ,
12601,Trakehner,Gelding,3 years,"16,1 hh",Chestnut-Red,Emmerthal,N/A,N/A,Dressage - Eventing - Jumping ,
12602,German Sport Horse,Mare,6 years,"16,1 hh",Chestnut-Red,Lohne (Oldenburg),"70,000","$74,552.00 ",Dressage - Breeding - Jumping - Leisure ,
12603,Hanoverian,Mare,3 years,N/A,N/A,Kaiser-Wilhelm-Koog,"5,900","$6,284.00 ",Dressage,
12604,Arabian horses,Stallion,2 years,"15,1 hh",Brown,Koprivnica,"5,000","$5,325.00 ",Endurance - Breeding - Western - Leisure ,
12605,American Quarter Horse,Stallion,1 year,"14,2 hh",Brown,Neupotz,"8,500","$9,053.00 ",Reining - Western allround - Versatility Ranch Horse - Trail,
12606,Shire Horse,Gelding,3 years,N/A,N/A,2bq,N/A,N/A,Show - Leisure - Driving ,
12607,German Riding Pony,Mare,6 years,"14,1 hh",Palomino,Rosendahl,"11,000","$11,715.00 ",Dressage - Leisure ,
12608,KWPN,Stallion,3 years,"15,3 hh",Brown,Nieuw-Vennep,"10,000","$10,650.00 ",Dressage ,
12609,Fjord Horses,Mare,10 years,"13,1 hh",Dun,Viersen,"5,000","$5,325.00 ",Driving - Leisure ,
12610,KWPN,Gelding,4 years,"15,2 hh",Brown,Nieuw-Vennep,"15,000","$15,975.00 ",Dressage ,
12611,German Sport Horse,Gelding,6 years,"16,1 hh",Brown,Süderlügum,N/A,N/A,Dressage - Jumping - Leisure ,
12612,German Sport Horse,Gelding,4 years,17 hh,Bay-Dark,Darmstadt,"15,000","$15,975.00 ",Jumping - Eventing - Leisure - Dressage ,
12613,PRE,Stallion,8 years,"15,2 hh",Gray,Vejer de la Frontera,"40,000","$42,601.00 ",Baroque ,
12614,PRE,Stallion,6 years,16 hh,Brown Falb mold,Vejer de la Frontera,"40,000","$42,601.00 ",Dressage - Working Equitation - Leisure ,
12615,PRE,Stallion,3 years,16 hh,Palomino,Barcelona,"15,000","$15,975.00 ",Dressage - Working Equitation - Baroque - Leisure ,
12616,PRE,Stallion,6 years,"15,1 hh",Brown,Tabernas Almería,"10,000","$10,650.00 ",Dressage - Working Equitation ,
12617,PRE,Gelding,4 years,15 hh,Gray-Dark-Tan,Bredared,"10,000","$10,650.00 ",Working Equitation - Dressage ,
12618,PRE,Stallion,5 years,"15,3 hh",Black,Poeldijk,"18,500","$19,703.00 ",Dressage - Working Equitation ,
12619,PRE,Stallion,3 years,N/A,N/A,Badajoz,"10,000","$10,650.00 ",Dressage - Working Equitation - Leisure ,
12620,PRE,Stallion,3 years,N/A,N/A,Badajoz,"10,000","$10,650.00 ",Leisure - Working Equitation - Dressage ,
12621,PRE,Stallion,3 years,"15,2 hh",Gray,Badajoz,"10,000","$10,650.00 ",Dressage - Working Equitation - Leisure ,
12622,Other Warmbloods,Gelding,7 years,"16,1 hh",Brown,Wellheim,N/A,N/A,Leisure ,
12623,KWPN,Mare,5 years,"16,2 hh",Black,Sint-Oedenrode,"30,000","$31,951.00 ",Dressage,
12624,Trakehner,Mare,2 years,"15,2 hh",Brown,Neuruppin - Rosenwinkel,"10,000","$10,650.00 ",Dressage - Breeding - Jumping ,
12625,Irish Sport Horse,Mare,9 years,"15,2 hh",Chestnut-Red,Lage,"4,000","$4,260.00 ",Leisure - Breeding - Jumping - Dressage,
12626,Lusitano,Gelding,5 years,15 hh,Gray,Wiebelsheim,"8,999","$9,584.00 ",Leisure - Working Equitation - Baroque - Dressage ,
12627,Irish Sport Horse,Gelding,7 years,"15,2 hh",Brown,Lage,"4,000","$4,260.00 ",Dressage - Jumping - Leisure,
12628,German Riding Pony,Mare,28 years,"14,1 hh",Chestnut-Red,Waldstetten,250,$266.00 ,Leisure ,
12629,American Quarter Horse,Mare,1 year,"14,2 hh",Dunalino,Waldshut-Tiengen,N/A,N/A,Western - Reining - Breeding - Leisure ,
12630,American Quarter Horse,Stallion,1 year,"14,2 hh",Brown,Waldshut-Tiengen,N/A,N/A,Reining - Breeding - Western - Leisure ,
12631,German Sport Horse,Stallion,3 years,"16,1 hh",Brown,Ladeburg,"25,000","$26,626.00 ",Jumping - Leisure - Dressage ,
12632,Irish Sport Horse,Mare,13 years,"16,1 hh",Gray-Dapple,Lage,"3,750","$3,994.00 ",Leisure - Breeding - Jumping - Dressage,
12633,Irish Sport Horse,Mare,4 years,"15,3 hh",Brown,Lage,"2,850","$3,035.00 ",Leisure - Breeding - Jumping - Dressage,
12634,Westphalian,Gelding,6 years,17 hh,Brown,Bergisch Gladbach,"40,000","$42,601.00 ",Jumping - Dressage,
12635,German Riding Pony,Gelding,27 years,"14,1 hh",Brown,Waldstetten,500,$533.00 ,Leisure ,
12636,More ponies/small horses,Gelding,25 years,"14,1 hh",Chestnut-Red,Waldstetten,250,$266.00 ,Leisure ,
12637,Bavarian Warmblood,Gelding,24 years,16 hh,Brown,Waldstetten,250,$266.00 ,Leisure ,
12638,KWPN,Gelding,4 years,16 hh,Brown,Weert,"22,500","$23,963.00 ",Dressage ,
12639,Lusitano Mix,Stallion,10 years,"16,1 hh",Palomino,HEUVELLAND,"15,000","$15,975.00 ",Dressage - Equitation Portugesa - Working Equitation - Baroque ,
12640,American Quarter Horse,Mare,2 years,"14,2 hh",Brown,Dietenheim,"5,500","$5,858.00 ",Western allround - Leisure ,
12641,American Quarter Horse,Mare,2 years,"14,2 hh",Buckskin,Dietenheim,"6,500","$6,923.00 ",Western allround - Leisure ,
12642,More ponies/small horses Mix,Gelding,9 years,"13,2 hh",Palomino,Neumünster,"3,900","$4,154.00 ",Leisure ,
12643,Lusitano,Gelding,6 years,"15,2 hh",Brown,Navas Del Madroño,N/A,N/A,Eventing ,
12644,Hanoverian,Mare,6 years,"16,2 hh",Black,Freiburg im Breisgau,"40,000","$42,601.00 ",Dressage - Breeding,
12645,Mule,Gelding,8 years,"14,2 hh",Tobiano-all-colors,"Buchanan, TN",N/A,N/A,Trail - Versatility Ranch Horse ,
12646,KWPN,Mare,10 years,16 hh,Brown,Langerwehe,"16,000","$17,040.00 ",Driving - Leisure,
12647,Holstein,Mare,17 years,"16,1 hh",Brown,Neumünster,600,$639.00 ,Leisure - Breeding ,
12648,Noriker,Mare,9 years,16 hh,Brown,Viersen,"5,000","$5,325.00 ",Leisure ,
12649,KWPN,Gelding,6 years,"16,1 hh",Brown,Madrid,"26,000","$27,691.00 ",Dressage,
12650,Westphalian,Gelding,15 years,"16,2 hh",Brown,La Barrosa,"80,000","$85,202.00 ",Dressage,
12651,PRE,Mare,1 year,N/A,N/A,Ciudad Real,"5,000","$5,325.00 ",Dressage,
12652,PRE,Mare,13 years,"16,2 hh",Brown,Nules,"5,000","$5,325.00 ",Breeding,
12653,Westphalian,Mare,5 years,"15,1 hh",Brown,Detmold,"8,000","$8,520.00 ",Dressage - Eventing - Jumping - Leisure,
12654,Hanoverian,Gelding,9 years,"16,1 hh",Brown,Cegléd,"10,000","$10,650.00 ",Dressage,
12655,German Sport Horse,Gelding,6 years,"16,1 hh",Brown,Cegléd,"10,000","$10,650.00 ",Dressage,
12656,Hanoverian,Gelding,7 years,"16,3 hh",Gray,Cegléd,"13,000","$13,845.00 ",Dressage,
12657,Hungarian Sport Horse,Gelding,6 years,"16,1 hh",Chestnut-Red,Cegléd,"15,000","$15,975.00 ",Dressage,
12658,KWPN,Mare,7 years,"16,2 hh",Black,Cegléd,"13,000","$13,845.00 ",Dressage,
12659,Icelandic Horse,Mare,7 years,"13,1 hh",Chestnut-Red,Ravensburg,N/A,N/A,Gaited - Breeding - Leisure ,
12660,Icelandic Horse,Gelding,9 years,14 hh,Black,Ravensburg,N/A,N/A,Leisure - Gaited ,
12661,Polish Halfbred,Mare,1 year,16 hh,Palomino,Kamieniec Wrocławski,"10,000","$10,650.00 ",Eventing - Breeding - Jumping - Dressage,
12662,German Sport Horse,Mare,5 years,"16,1 hh",Gray,Kirchenthumbach,N/A,N/A,Jumping - Eventing - Leisure - Dressage,"is broken-in, is lunged, Reliable for trail riding"
12663,German Sport Horse,Gelding,5 years,"16,2 hh",Chestnut-Red,Kirchenthumbach,N/A,N/A,Dressage - Jumping - Leisure,"is broken-in, is lunged, Reliable for trail riding"
12664,Tennessee walking horse,Mare,5 years,"14,3 hh",Tobiano-all-colors,"Parkers Lake, KY",N/A,N/A,Trail - Gaited ,
12665,Belgian Draft Mix,Mare,5 years,"16,1 hh",Tobiano-all-colors,"Greensburg, KY",N/A,N/A,Trail - Versatility Ranch Horse - Driving ,
12666,Gypsy Horse Mix,Gelding,10 years,16 hh,Chestnut,"Parkers Lake, KY",N/A,N/A,Trail - Versatility Ranch Horse ,
12667,Hanoverian,Gelding,4 years,"16,3 hh",Black,Wangerland Hohenkirchen,"20,000","$21,301.00 ",Dressage ,
12668,Holstein,Gelding,6 years,17 hh,Brown,Borsfleth,"40,000","$42,601.00 ",Jumping ,
12669,PRE Mix,Stallion,5 years,"16,2 hh",Gray,Bailen,"4,900","$5,219.00 ",Dressage,
12670,Holstein,Stallion,1 year,"16,2 hh",Brown,Borsfleth,"15,000","$15,975.00 ",Jumping - Eventing ,
12671,KWPN,Stallion,1 year,"16,1 hh",Black,Rijnsburg,"5,000","$5,325.00 ",Dressage ,
12672,Westphalian,Mare,3 years,"16,1 hh",Brown,Neuhof an der Zenn,"19,500","$20,768.00 ",Dressage,
12673,Bavarian Warmblood,Mare,16 years,17 hh,Brown,Neuburg an der Kammel,"15,000","$15,975.00 ",Jumping - Breeding ,
12674,New Forest Pony,Mare,17 years,"13,2 hh",Brown,Favria,"18,000","$19,170.00 ",Jumping,
12675,More ponies/small horses,Mare,2 years,"13,1 hh",Pinto,Daleiden,"3,000","$3,195.00 ",Leisure ,
12676,Thoroughbred,Gelding,9 years,15 hh,Brown,tunbridge wells,N/A,"$24,488.00 ",Dressage,
12677,German Sport Horse,Mare,8 years,"16,2 hh",Bay-Dark,Allershausen,"9,000","$9,585.00 ",Jumping - Breeding - Leisure ,
12678,German Riding Pony,Mare,12 years,"15,1 hh",Chestnut-Red,Wiefelstede,"8,700","$9,266.00 ",Dressage - Breeding,
12679,German Sport Horse,Mare,13 years,"16,2 hh",Smoky-Black,Allershausen,"15,000","$15,975.00 ",Jumping - Breeding - Leisure ,
12680,German Riding Pony,Stallion,20 years,"15,1 hh",Chestnut-Red,"Wien, Leopoldstadt","1,500","$1,598.00 ",Dressage - Working Equitation - Leisure,
12681,Oldenburg,Gelding,4 years,"16,1 hh",Black,Weert,N/A,N/A,Dressage ,
12682,Oldenburg,Gelding,4 years,17 hh,Black,Weert,"22,500","$23,963.00 ",Dressage ,
12683,Oldenburg,Stallion,2 years,N/A,N/A,Rosdorf,"10,000","$10,650.00 ",Dressage ,
12684,Oldenburg,Mare,2 years,"16,2 hh",Bay-Dark,Rosdorf,"15,000","$15,975.00 ",Dressage - Breeding - Leisure ,
12685,Oldenburg,Stallion,1 year,"16,2 hh",Bay-Dark,Rosdorf,"9,000","$9,585.00 ",Dressage - Leisure ,
12686,Andalusian,Gelding,5 years,15 hh,Brown,Neustadt (Wied),"8,500","$9,053.00 ",Dressage - Working Equitation - Jumping - Leisure ,
12687,Hanoverian,Stallion,3 years,"14,3 hh",Bay-Dark,Oerel,"20,000","$21,301.00 ",Jumping - Dressage ,
12688,KWPN,Gelding,9 years,"16,1 hh",Smoky-Black,Rheineck,N/A,"$43,986.00 ",Jumping ,
12689,Andalusian,Mare,4 years,"15,1 hh",Gray-Dapple,Neustadt (Wied),"7,900","$8,414.00 ",Dressage - Working Equitation - Breeding - Leisure ,
12690,PRE Mix,Gelding,5 years,"15,2 hh",Gray,Sm,N/A,N/A,Leisure - Dressage ,
12691,PRE Mix,Stallion,7 years,16 hh,Brown,Sm,N/A,N/A,Dressage - Leisure ,
12692,Kisber,Mare,4 years,"16,2 hh",Black,Haidershofen,"7,000","$7,455.00 ",Jumping - Dressage,
12693,German Riding Pony,Mare,6 years,"13,2 hh",Gray-Dapple,Grevenbroich,"10,000","$10,650.00 ",Leisure - Jumping - Dressage ,
12694,Lusitano,Gelding,5 years,"15,3 hh",Palomino,Navas Del Madroño,N/A,N/A,Eventing ,
12695,Zweibruecker,Mare,14 years,"16,2 hh",Brown,Hetzerath,"2,500","$2,663.00 ",Breeding ,
12696,Konik,Mare,2 years,"13,1 hh",Pinto,Glödnitz,"1,800","$1,917.00 ",Leisure ,
12697,Hanoverian,Mare,17 years,16 hh,Chestnut,Salem,"1,800","$1,917.00 ",Breeding,
12698,Selle Français,Gelding,9 years,"16,2 hh",Gray-Dapple,Founex,N/A,"$165,362.00 ",Jumping,
12699,Hungarian Sport Horse,Stallion,5 years,"15,2 hh",Chestnut,Bőny,"5,000","$5,325.00 ",Jumping - Eventing - Leisure - Dressage ,
12700,PRE Mix,Gelding,5 years,16 hh,Chestnut-Red,Sm,N/A,N/A,Dressage - Leisure ,
12701,PRE Mix,Mare,3 years,"15,3 hh",Brown,Sm,N/A,N/A,Dressage - Leisure ,
12702,Oldenburg,Mare,3 years,"16,1 hh",Brown,Bramsche,"15,000","$15,975.00 ",Dressage - Hunter under saddle - Jumping - Leisure,
12703,Lusitano,Stallion,3 years,"15,2 hh",Palomino,Navas Del Madroño,N/A,N/A,Eventing ,
12704,Icelandic Horse,Stallion,1 year,"13,2 hh",N/A,Ulrichsberg,"3,800","$4,047.00 ",Gaited - Leisure,"Green, is allrounder, is easy to load"
12705,German Sport Horse,Gelding,5 years,"17,1 hh",Black,Kirchenthumbach,N/A,N/A,Dressage,"is broken-in, is lunged, Reliable for trail riding"
12706,Draft Horse,Gelding,5 years,17 hh,Gray,"Sheldon, MO",N/A,"$25,000.00 ",Driving - English Pleasure - Trail - Jumping ,
12707,PRE Mix,Gelding,4 years,"15,2 hh",Brown,Sm,N/A,N/A,Dressage - Leisure ,
12708,Oldenburg,Gelding,3 years,"16,1 hh",Brown,Bramsche,"40,000","$42,601.00 ",Jumping - Hunter under saddle - Leisure,
12709,Thoroughbred,Mare,6 years,"16,1 hh",Brown,Rohrbach,"4,000","$4,260.00 ",Leisure - Breeding ,
12710,Lusitano,Stallion,4 years,"15,2 hh",Black,Navas Del Madroño,N/A,N/A,Eventing ,
12711,Trakehner,Stallion,1 year,16 hh,Brown,Günzburg,"10,000","$10,650.00 ",Eventing - Jumping - Leisure - Dressage ,
12712,Thoroughbred,Gelding,4 years,"15,2 hh",Chestnut-Red,Günzburg,"10,000","$10,650.00 ",Racing horses - Eventing ,
12713,Trakehner,Gelding,4 years,"16,1 hh",Brown,Günzburg,"15,000","$15,975.00 ",Eventing - Jumping - Dressage ,
12714,Trakehner,Mare,4 years,16 hh,Brown,Günzburg,"15,000","$15,975.00 ",Eventing - Jumping - Dressage ,
12715,Trakehner,Gelding,3 years,"16,1 hh",Brown,Günzburg,"15,000","$15,975.00 ",Eventing - Breeding - Dressage ,
12716,Trakehner,Stallion,1 year,"16,1 hh",Brown,Günzburg,"10,000","$10,650.00 ",Jumping - Vaulting - Dressage ,
12717,Trakehner,Gelding,4 years,"16,1 hh",Chestnut-Red,Günzburg,"15,000","$15,975.00 ",Dressage - Eventing - Jumping ,
12718,Trakehner,Stallion,2 years,"16,1 hh",Brown,GünzburgGünzburg,"15,000","$15,975.00 ",Eventing - Jumping - Dressage ,
12719,Hungarian Sport Horse,Gelding,6 years,"16,2 hh",Chestnut-Red,Máriakálnok,"30,000","$31,951.00 ",Jumping,
12720,Oldenburg-International (OS),Gelding,6 years,"16,3 hh",Brown,Berge,"49,000","$52,186.00 ",Jumping,
12721,Andalusian,Stallion,15 years,"16,1 hh",Gray,Guimarães,"21,000","$22,366.00 ",Dressage - Leisure,
12722,Oldenburg,Mare,6 years,17 hh,Smoky-Black,Hohenhameln,"15,000","$15,975.00 ",Dressage - Breeding - Leisure ,
12723,Hanoverian,Gelding,5 years,"17,1 hh",Bay-Dark,Hohenhameln,"10,000","$10,650.00 ",Dressage - Leisure ,
12724,Oldenburg,Mare,4 years,"16,3 hh",Chestnut,Hohenhameln,"10,000","$10,650.00 ",Dressage - Breeding - Leisure ,
12725,Hanoverian,Gelding,4 years,"16,3 hh",Bay-Dark,Hohenhameln,"20,000","$21,301.00 ",Dressage - Leisure ,
12726,Hanoverian,Mare,12 years,"16,2 hh",Black,Hohenhameln,"5,000","$5,325.00 ",Breeding - Leisure ,
12727,Belgian Sport Horse,Gelding,5 years,17 hh,Chestnut,Mol,"19,500","$20,768.00 ",Dressage ,
12728,German Sport Horse,Mare,4 years,"16,1 hh",Chestnut-Red,Riedlingen,N/A,N/A,Dressage - Breeding - Eventing - Leisure ,
12729,Icelandic Horse,Mare,9 years,"14,2 hh",Dun,Lochen am See,"15,000","$15,975.00 ",Gaited - Show - Leisure - Dressage ,
12730,Holstein,Stallion,1 year,"16,1 hh",Gray-Blue-Tan,Neufeld,"7,500","$7,988.00 ",Jumping - Breeding ,
12731,Lusitano,Gelding,3 years,"15,1 hh",Buckskin,Martfeld,"5,000","$5,325.00 ",Baroque - Show - Leisure - Dressage ,
12732,Holstein,Mare,2 years,"16,1 hh",Gray-Blue-Tan,Neufeld,"8,500","$9,053.00 ",Jumping - Breeding ,
12733,PRE Mix,Stallion,12 years,"16,1 hh",Black,Martfeld,"70,000","$74,552.00 ",Dressage - Show - Baroque - Leisure ,
12734,PRE Mix,Stallion,12 years,"16,1 hh",Gray-Dapple,Martfeld,"12,500","$13,313.00 ",Dressage - Show - Baroque - Leisure ,
12735,Westphalian,Mare,5 years,"16,1 hh",Brown,Gronau (Westfalen),"16,000","$17,040.00 ",Dressage - Breeding ,
12736,American Quarter Horse,Mare,7 years,15 hh,Palomino,"PAICINES, CA",N/A,"$3,500.00 ",Versatility Ranch Horse - Trail ,
12737,American Quarter Horse,Gelding,7 years,14 hh,Chestnut,"CAMP VERDE, AZ",N/A,"$3,500.00 ",Versatility Ranch Horse - Trail ,
12738,Paint Horse,Gelding,7 years,N/A,N/A,"PAICINES, CA",N/A,"$3,500.00 ",Versatility Ranch Horse - Trail ,
12739,American Quarter Horse,Gelding,8 years,N/A,N/A,"PAICINES, CA",N/A,"$3,500.00 ",Versatility Ranch Horse - Trail ,
12740,Appaloosa,Gelding,5 years,"13,3 hh",Roan-Red,"WEATHERFORD, TX",N/A,"$3,500.00 ",Versatility Ranch Horse - Trail ,
12741,American Quarter Horse,Gelding,5 years,"13,3 hh",Roan-Red,"WEATHERFORD, TX",N/A,"$3,500.00 ",Versatility Ranch Horse - Trail ,
12742,American Quarter Horse,Gelding,8 years,"14,2 hh",Bay,"STEPHENVILLE, TX",N/A,"$3,500.00 ",Versatility Ranch Horse - Trail ,
12743,American Morgan Horse,Gelding,9 years,"15,3 hh",Bay,"FLEMINGSBURG, KY",N/A,"$3,500.00 ",Versatility Ranch Horse - Trail ,
12744,Friesian horses,Gelding,9 years,"15,3 hh",Bay,FLEMINGSBURG KY,N/A,"$3,500.00 ",Versatility Ranch Horse - Trail ,
12745,American Quarter Horse,Gelding,5 years,"15,3 hh",Buckskin,"LISBON, IA",N/A,"$3,500.00 ",Versatility Ranch Horse - Trail ,
12746,American Quarter Horse,Gelding,4 years,"15,3 hh",Grullo,"FLEMINGSBURG, KY",N/A,"$3,500.00 ",Versatility Ranch Horse - Trail ,
12747,Mule,Gelding,12 years,"15,3 hh",Black,"EVERETT, PA",N/A,"$3,500.00 ",Versatility Ranch Horse - Trail ,
12748,American Quarter Horse,Gelding,13 years,N/A,N/A,"EVERETT, PA",N/A,"$3,500.00 ",Versatility Ranch Horse - Trail ,
12749,American Quarter Horse,Gelding,9 years,15 hh,Bay,"CAMP VERDE, AZ",N/A,"$3,500.00 ",Versatility Ranch Horse - Trail ,
12750,Lusitano,Stallion,3 years,"16,1 hh",Dun,Rio Maior,"20,000","$21,301.00 ",Working Equitation - Show - Breeding - Dressage ,
12751,Paint Horse,Gelding,5 years,"15,2 hh",Tobiano-all-colors,Santa Fe TN,N/A,"$3,500.00 ",Trail - Versatility Ranch Horse ,
12752,American Quarter Horse,Gelding,5 years,"15,2 hh",Tobiano-all-colors,Santa Fe TN,N/A,"$3,500.00 ",Trail - Versatility Ranch Horse ,
12753,Irish Sport Horse,Gelding,10 years,17 hh,Brown,Region Prag,"23,000","$24,496.00 ",Jumping ,
12754,Mule,Mare,11 years,"14,2 hh",Roan-Blue,Flemingsburg Ky,N/A,"$3,500.00 ",Trail - Versatility Ranch Horse ,
12755,American Quarter Horse,Mare,11 years,"14,2 hh",Roan-Blue,Flemingsburg KY,N/A,"$3,500.00 ",Trail - Versatility Ranch Horse ,
12756,Paint Horse,Gelding,12 years,"14,3 hh",Tobiano-all-colors,Lipan TX,N/A,"$3,500.00 ",Trail - Versatility Ranch Horse ,
12757,American Quarter Horse,Gelding,12 years,"14,3 hh",Tobiano-all-colors,Lipan TX,N/A,"$3,500.00 ",Trail - Versatility Ranch Horse ,
12758,American Quarter Horse,Mare,15 years,N/A,N/A,Dietzenbach,"20,000","$21,301.00 ",Breeding,
12759,Hanoverian,Gelding,4 years,"16,1 hh",Black,Rees,"40,000","$42,601.00 ",Dressage - Vaulting - Leisure - Driving ,
12760,American Quarter Horse,Gelding,5 years,"15,2 hh",Perlino,Santa Fe TN,N/A,"$3,500.00 ",Trail - Versatility Ranch Horse ,
12761,American Quarter Horse,Stallion,1 year,N/A,N/A,DietzenbachDietzenbach,"15,000","$15,975.00 ",Western allround,
12762,American Quarter Horse,Gelding,12 years,"14,3 hh",Palomino,Mt Hope AL,N/A,"$3,500.00 ",Trail - Versatility Ranch Horse ,
12763,Oldenburg,Gelding,10 years,"16,3 hh",Bay,Ocala FL,N/A,"$3,500.00 ",Trail - Jumping ,
12764,Other Warmbloods,Gelding,10 years,"16,3 hh",Bay,Ocala FL,N/A,"$3,500.00 ",Trail - Jumping ,
12765,PRE Mix,Stallion,5 years,"15,3 hh",Brown,Barcelona,"10,000","$10,650.00 ",Dressage - Working Equitation - Baroque - Leisure ,
12766,Westphalian,Gelding,6 years,17 hh,Bay-Dark,Meppen,"18,500","$19,703.00 ",Jumping ,
12767,PRE,Stallion,9 years,"16,2 hh",Gray-Dapple,Saarbrücken,"40,000","$42,601.00 ",Dressage - Working Equitation - Baroque - Leisure ,
12768,Oldenburg,Mare,6 years,"16,2 hh",Chestnut,Saarbrücken,"40,000","$42,601.00 ",Dressage - Eventing - Jumping - Leisure ,
12769,KWPN,Mare,10 years,"16,3 hh",Bay-Dark,Hude (Oldenburg)Hude,"15,000","$15,975.00 ",Dressage - Breeding - Jumping - Leisure ,
12770,Oldenburg,Gelding,5 years,"16,1 hh",Chestnut-Red,Hude (Oldenburg),"20,000","$21,301.00 ",Dressage - Jumping - Leisure ,
12771,German Sport Horse,Stallion,4 years,"16,3 hh",Brown,Leipzig,"40,000","$42,601.00 ",Jumping ,
12772,Mangalarga Marchador,Mare,7 years,"14,3 hh",Chestnut,Rimbach,"15,000","$15,975.00 ",Gaited - Breeding - Leisure - Dressage ,
12773,German Sport Horse,Mare,5 years,"16,2 hh",Gray,Leipzig,"40,000","$42,601.00 ",Jumping ,
12774,German Sport Horse,Stallion,4 years,17 hh,Gray,Leipzig,"40,000","$42,601.00 ",Jumping ,
12775,Leonhard,Stallion,2 years,"15,2 hh",Palomino,Grabenstätt,N/A,N/A,Leisure - Working Equitation - Trail ,
12776,Leonhard,Stallion,2 years,"15,2 hh",Brown,Grabenstätt,N/A,N/A,Leisure - Working Equitation ,
12777,Hanoverian,Mare,15 years,16 hh,Smoky-Black,Mechtersen,N/A,N/A,Jumping - Dressage ,
12778,PRE,Gelding,10 years,17 hh,Brown,El Catllar,N/A,N/A,Dressage - Leisure ,
12779,German Riding Horse,Stallion,3 years,"16,2 hh",Black,Paderborn,N/A,N/A,Dressage ,
12780,Leonhard,Stallion,2 years,"14,3 hh",Brown,Grabenstätt,N/A,N/A,Leisure ,
12781,Hanoverian,Gelding,5 years,"16,1 hh",Black,Ostercappeln,N/A,N/A,Dressage,
12782,Hanoverian,Gelding,4 years,N/A,N/A,HamburgHamburg,"10,000","$10,650.00 ",Dressage - Eventing - Hunter ,
12783,German Riding Horse,Gelding,4 years,"16,2 hh",Smoky-Black,Röttingen,"49,000","$52,186.00 ",Dressage - Leisure,
12784,Spanish Sporthorse,Gelding,11 years,"16,1 hh",Gray,Arroyo De La Luz,"5,600","$5,964.00 ",Dressage,
12785,PRE Mix,Stallion,10 years,N/A,N/A,Schopfheim,N/A,"$16,536.00 ",Dressage - Working Equitation - Leisure ,
12786,PRE Mix,Gelding,6 years,"16,2 hh",Gray,Navas Del Madroño,N/A,N/A,Eventing ,
12787,Belgian Warmblood,Gelding,8 years,17 hh,Brown,Bologna,"65,000","$69,227.00 ",Jumping ,
12788,American Quarter Horse,Mare,1 year,"14,2 hh",Chestnut-Red,Hellenthal,"5,900","$6,284.00 ",Reining - Western - Leisure,
12789,Andalusian,Stallion,4 years,"15,3 hh",Gray,1423,55,$59.00 ,Dressage ,
12790,German Riding Horse,Mare,4 years,"16,2 hh",Palomino,Buchhain,N/A,N/A,Dressage - Breeding - Eventing - Jumping ,
12791,Zangersheider,Stallion,1 year,N/A,N/A,Tök,"8,000","$8,520.00 ",Jumping ,
12792,Zangersheider,Stallion,1 year,N/A,N/A,Tök,"8,000","$8,520.00 ",Jumping ,
12793,Zangersheider,Stallion,1 year,N/A,N/A,Tök,"22,000","$23,431.00 ",Jumping ,
12794,Westphalian,Stallion,1 year,N/A,N/A,Rosenow,"9,000","$9,585.00 ",Dressage ,
12795,Zangersheider,Stallion,1 year,N/A,N/A,Tök,"20,000","$21,301.00 ",Jumping ,
12796,Zangersheider,Stallion,4 years,"15,2 hh",Gray,TÖK,"18,500","$19,703.00 ",Jumping ,
12797,Zangersheider,Stallion,2 years,N/A,N/A,Tök,"25,000","$26,626.00 ",Jumping ,
12798,Andalusian Mix,Gelding,5 years,"14,2 hh",Chestnut-Red,München,"4,500","$4,793.00 ",Baroque ,
12799,Other Warmbloods,Mare,8 years,N/A,N/A,Stainz,"10,000","$10,650.00 ",Leisure ,
12800,PRE,Stallion,6 years,16 hh,Gray-Dapple,Puerto Lumbreras,"20,000","$21,301.00 ",Dressage - Baroque - Leisure ,
12801,Oldenburg,Gelding,5 years,"16,2 hh",Chestnut-Red,Zossen,"26,000","$27,691.00 ",Dressage ,
12802,Holstein,Gelding,5 years,"16,2 hh",Gray,Zossen,N/A,N/A,Jumping ,
12803,German Sport Horse,Mare,5 years,"16,2 hh",Brown,Zossen,N/A,N/A,Jumping ,
12804,Icelandic Horse,Stallion,3 years,"13,2 hh",Palomino,Saarland,"6,500","$6,923.00 ",Gaited - Breeding - Leisure - Driving,
12805,Westphalian,Gelding,5 years,"16,2 hh",Chestnut-Red,Zossen,N/A,N/A,Jumping - Hunter - Leisure - Dressage ,
12806,Oldenburg,Gelding,4 years,17 hh,Bay-Dark,Kürten,"20,000","$21,301.00 ",Dressage ,
12807,Icelandic Horse,Mare,7 years,"13,2 hh",Black,Rimbach,"10,000","$10,650.00 ",Gaited - Endurance - Breeding - Leisure ,
12808,Other Breeds,Gelding,4 years,"14,3 hh",Cremello,Linkenbach,"4,900","$5,219.00 ",Leisure - Trail - Western ,
12809,PRE,Stallion,9 years,"15,2 hh",Black,Martfeld,"70,000","$74,552.00 ",Dressage - Show - Baroque - Leisure ,
12810,Other Breeds Mix,Gelding,15 years,"13,2 hh",Brown,Marktschellenberg,"5,000","$5,325.00 ",Leisure ,
12811,Icelandic Horse,Stallion,1 year,N/A,N/A,Hermannsburg,"3,400","$3,621.00 ",Gaited ,
12812,PRE Mix,Stallion,4 years,"15,2 hh",N/A,Almerimar,N/A,N/A,Baroque ,
12813,Hungarian Sport Horse,Mare,11 years,"16,2 hh",Bay,Békéscsaba,"100,000","$106,503.00 ",Jumping,
12814,Other Thoroughbred Breeds,Gelding,14 years,"15,3 hh",Bay-Dark,Lembach,"3,500","$3,728.00 ",Leisure - Trail - Eventing - Dressage,
12815,Gypsy Horse,Mare,13 years,"13,2 hh",Pinto,Vienenburg,"1,755","$1,869.00 ",Leisure - Breeding - Western - Driving ,
12816,Hanoverian,Gelding,18 years,16 hh,Chestnut-Red,Adelheidsdorf,"3,000","$3,195.00 ",Leisure - Jumping - Dressage,
12817,Draft Horse Mix,Gelding,7 years,"15,2 hh",Gray,"Camp Verde, AZ",N/A,N/A,Trail - Versatility Ranch Horse - Show - Leisure ,
12818,American Quarter Horse,Gelding,3 years,"15,2 hh",Palomino,"Kansas City, MO",N/A,N/A,Versatility Ranch Horse - Trail - Show - Western ,
12819,American Quarter Horse,Gelding,6 years,"14,2 hh",Sorrel,"Grand Island, NE",N/A,"$10,000.00 ",Cutting - Versatility Ranch Horse - Cowhorse - Reining ,
12820,American Quarter Horse,Gelding,11 years,"14,3 hh",Bay,"Camp Verde, AZ",N/A,N/A,Versatility Ranch Horse - Trail - Show - Western ,
12821,American Quarter Horse,Gelding,6 years,"15,1 hh",Black,"Congress, AZ",N/A,N/A,Versatility Ranch Horse - Trail - Show - Western ,
12822,American Quarter Horse,Gelding,6 years,"14,2 hh",Black,"Ranchester, WY",N/A,N/A,Trail - Gaited - Leisure - Driving ,
12823,Draft Horse,Gelding,13 years,"16,2 hh",Sorrel,"El Paso, TX",N/A,N/A,Trail - Show - Leisure ,
12824,American Quarter Horse,Gelding,13 years,"14,3 hh",Buckskin,"Rebersburg, PA",N/A,N/A,Versatility Ranch Horse - Trail - Show - Western ,
12825,American Quarter Horse,Gelding,4 years,"14,2 hh",Chestnut,"Wildorado, TX",N/A,N/A,Versatility Ranch Horse - Trail - Show - Western ,
12826,Paint Horse,Gelding,5 years,15 hh,Tobiano-all-colors,"Poolville, TX",N/A,N/A,Trail - Versatility Ranch Horse - Show - Leisure ,
12827,American Quarter Horse,Mare,4 years,"14,3 hh",Sorrel,"Carthage, TX",N/A,N/A,Versatility Ranch Horse - Trail - Cutting - Show ,
12828,Draft Horse Mix,Gelding,8 years,"15,1 hh",N/A,"Fredericksburg, OH",N/A,N/A,Trail - English Pleasure - Show - Western ,
12829,American Quarter Horse,Gelding,2 years,"14,3 hh",Bay,"Ravenna, TX",N/A,N/A,Cutting - Trail - Cowhorse - Show ,
12830,American Quarter Horse,Mare,12 years,15 hh,Buckskin,"Carthage, TX",N/A,N/A,Versatility Ranch Horse - Trail - Show - Leisure ,
12831,Appaloosa,Gelding,10 years,"15,2 hh",N/A,"Battle Creek, IA",N/A,N/A,Trail - English Pleasure - Show - Western ,
12832,American Quarter Horse,Gelding,9 years,"14,3 hh",Gray,"Clarion, PA",N/A,N/A,Versatility Ranch Horse - Trail - Western - Leisure ,
12833,American Quarter Horse,Gelding,9 years,"15,1 hh",Dun,"De Kalb, TX",N/A,N/A,Versatility Ranch Horse - Trail - Show - Western ,
12834,More ponies/small horses,Gelding,5 years,"13,2 hh",Sorrel,"Joshua, TX",N/A,N/A,Trail - Versatility Ranch Horse - Show - Leisure ,
12835,Mule,Mare,7 years,10 hh,Black,"Cody, WY",N/A,N/A,Trail - Versatility Ranch Horse - Show - Leisure ,
12836,American Quarter Horse,Gelding,5 years,15 hh,Dun,"Joy, IL",N/A,N/A,Reining - English Pleasure - Versatility Ranch Horse - Trail ,
12837,American Quarter Horse,Mare,4 years,"14,2 hh",Sorrel,"Lewistown, IL",N/A,N/A,Versatility Ranch Horse - Trail - Show - Western ,
12838,Draft Horse Mix,Gelding,3 years,15 hh,N/A,"Cincinnati, IA",N/A,N/A,Trail - Show - Western - Leisure ,
12839,American Quarter Horse,Gelding,2 years,15 hh,Roan-Bay,"Clover, SC",N/A,N/A,Trail - English Pleasure - Versatility Ranch Horse - Western ,
12840,American Quarter Horse,Gelding,5 years,"14,3 hh",Sorrel,"Melissa, TX",N/A,N/A,Versatility Ranch Horse - Trail - Show - Western ,
12841,American Quarter Horse,Gelding,7 years,"14,3 hh",Buckskin,"Wickenburg, AZ",N/A,N/A,Versatility Ranch Horse - Trail - Show - Western ,
12842,American Quarter Horse,Gelding,7 years,"14,1 hh",Palomino,"Bernard, IA",N/A,N/A,Versatility Ranch Horse - Trail - Western - Leisure ,
12843,Andalusian Mix,Gelding,7 years,"15,3 hh",Buckskin,"Fredericksburg, OH",N/A,N/A,Trail - English Pleasure - Western - Driving ,
12844,Shire Horse,Mare,11 years,17 hh,Black,"Morriston, FL",N/A,N/A,Trail - English Pleasure - Western - Leisure ,
12845,American Quarter Horse,Gelding,5 years,"15,1 hh",Gray,"Canton, TX",N/A,N/A,Versatility Ranch Horse - Trail - Show - Western ,
12846,American Quarter Horse,Gelding,6 years,15 hh,Roan-Bay,"Canton, TX",N/A,N/A,Reining - Trail - Cutting - Cowhorse ,
12847,American Quarter Horse,Gelding,11 years,16 hh,Buckskin,"Clarion, PA",N/A,N/A,Versatility Ranch Horse - Trail - Show - Western ,
12848,American Quarter Horse,Gelding,6 years,"15,3 hh",Palomino,"Clarion, PA",N/A,N/A,Versatility Ranch Horse - English Pleasure - Reining - Show ,
12849,More ponies/small horses,Gelding,14 years,"12,3 hh",Bay,"Cisco, TX",N/A,N/A,Trail - English Pleasure - Show - Western ,
12850,Appaloosa,Gelding,10 years,15 hh,N/A,"Joice, IA",N/A,N/A,Cutting - Versatility Ranch Horse - Trail - Show ,
12851,Percheron Mix,Gelding,5 years,"15,3 hh",Gray,"Nevis, MN",N/A,N/A,Trail - Show - Leisure - Driving ,
12852,Percheron Mix,Gelding,5 years,16 hh,Gray,"Nevis, MN",N/A,N/A,Trail - Show - Leisure - Driving ,
12853,American Quarter Horse,Mare,9 years,"14,2 hh",Sorrel,"Cresson, TX",N/A,N/A,Cutting - Versatility Ranch Horse - Trail - Show ,
12854,American Quarter Horse,Gelding,3 years,15 hh,Sorrel,"Waco, TX",N/A,N/A,Versatility Ranch Horse - Trail - Show - Western ,
12855,American Quarter Horse,Mare,7 years,"14,2 hh",Gray,"Cisco, TX",N/A,N/A,Versatility Ranch Horse - Trail - Show - Breeding ,
12856,American Quarter Horse,Gelding,3 years,15 hh,Sorrel,"Waco, TX",N/A,N/A,Reining - Versatility Ranch Horse - Trail - Western ,
12857,Mule,Mare,7 years,"14,1 hh",Black,"Cody, WY",N/A,N/A,Trail - Versatility Ranch Horse - Hunting - Leisure ,
12858,American Quarter Horse,Mare,5 years,"14,2 hh",Bay,"Waco, TX",N/A,N/A,Reining - Versatility Ranch Horse - Trail - Cowhorse ,
12859,Gypsy Horse,Gelding,7 years,15 hh,N/A,"Sioux Falls, SD",N/A,N/A,Trail - English Pleasure - Versatility Ranch Horse - Western ,
12860,American Quarter Horse,Gelding,6 years,N/A,N/A,"Waco, TX",N/A,N/A,Versatility Ranch Horse - Trail - Show - Western ,
12861,American Quarter Horse,Mare,3 years,15 hh,Buckskin,"Cannon Falls, MN",N/A,N/A,Versatility Ranch Horse - Trail - Show - Western ,
12862,American Quarter Horse,Gelding,8 years,16 hh,Buckskin,"Thedford, NE",N/A,N/A,Versatility Ranch Horse - Trail - Show - Western ,
12863,American Quarter Horse,Gelding,8 years,"14,3 hh",Palomino,"Belen, NM",N/A,N/A,Reining - Versatility Ranch Horse - Cutting - Cowhorse ,
12864,American Quarter Horse,Gelding,8 years,"14,3 hh",Bay,"Terrell, TX",N/A,N/A,Versatility Ranch Horse - Trail - Western - Dressage ,
12865,Draft Horse Mix,Gelding,7 years,16 hh,Grullo,"Georgetown, TX",N/A,N/A,Trail - Versatility Ranch Horse - Show - Dressage ,
12866,Gypsy Horse,Mare,4 years,"13,2 hh",Black,Issum,"2,600","$2,769.00 ",Leisure ,
12867,Hanoverian,Mare,7 years,"16,1 hh",Bay-Dark,Edingen-Neckarhausen,"17,000","$18,105.00 ",Dressage - Jumping - Leisure ,
12868,Arabian horses,Mare,1 year,15 hh,Brown,Reichshof,"9,500","$10,118.00 ",Leisure - Endurance - Breeding - Dressage ,
12869,Icelandic Horse,Stallion,4 years,"14,1 hh",Tobiano-all-colors,South Iceland,"5,000","$5,325.00 ",Mating - Gaited - Breeding - Leisure ,
12870,Icelandic Horse,Gelding,2 years,"14,1 hh",N/A,Mildam,"4,500","$4,793.00 ",Gaited - Leisure ,
12871,Other Warmbloods,Mare,2 years,"16,1 hh",N/A,Borgentreich,"7,500","$7,988.00 ",Jumping - Eventing - Leisure - Dressage ,
12872,Irish Sport Horse,Mare,7 years,16 hh,Bay,London,N/A,"$12,244.00 ",Hunting - Jumping ,
12873,Rhinelander,Mare,12 years,"16,3 hh",Bay-Dark,Nützen,"6,500","$6,923.00 ",Breeding - Dressage,
12874,Hanoverian,Mare,2 years,"14,1 hh",Brown Falb mold,Moers,"15,000","$15,975.00 ",Dressage - Breeding - Jumping - Leisure ,
12875,Hanoverian,Mare,4 years,"16,1 hh",Smoky-Black,Moers,N/A,N/A,Dressage - Breeding - Leisure ,
12876,Hanoverian,Gelding,3 years,"16,2 hh",Brown,Moers,"17,000","$18,105.00 ",Dressage - Leisure - Driving ,
12877,Hanoverian,Mare,4 years,"16,1 hh",Smoky-Black,Moers,"24,500","$26,093.00 ",Dressage - Breeding ,
12878,Rhinelander,Mare,10 years,"16,2 hh",Black,Moers,"11,000","$11,715.00 ",Breeding - Leisure - Dressage ,
12879,American Quarter Horse,Gelding,4 years,15 hh,Sorrel,"Waco, TX",N/A,N/A,Reining - Versatility Ranch Horse - Trail - Western ,
12880,Draft Horse Mix,Mare,6 years,"16,2 hh",Roan-Bay,"Crab Orchard, KY",N/A,N/A,Trail - English Pleasure - Driving - Dressage ,
12881,American Quarter Horse,Gelding,11 years,"14,3 hh",Sorrel,"Canyon, TX",N/A,N/A,Cutting - Versatility Ranch Horse - Trail - Western ,
12882,American Quarter Horse,Mare,3 years,"14,3 hh",Sorrel,"Waco, TX",N/A,N/A,Reining - Versatility Ranch Horse - Trail - Western ,
12883,Paint Horse,Gelding,8 years,"14,3 hh",N/A,"Clover, SC",N/A,N/A,Trail - English Pleasure - Western - Jumping ,
12884,American Quarter Horse,Mare,12 years,"14,3 hh",Buckskin,"Canistota, SD",N/A,N/A,Reining - Versatility Ranch Horse - Trail - Cutting ,
12885,Mule,Gelding,5 years,14 hh,Bay,Whitley City,N/A,"$20,000.00 ",Gaited - Western allround - Versatility Ranch Horse - Trail ,
12886,Hanoverian,Stallion,3 years,16 hh,Chestnut,Hohenfelde,"10,000","$10,650.00 ",Dressage - Jumping - Leisure,
12887,Hanoverian,Gelding,15 years,"16,2 hh",Black,Bad Schallerbach,"70,000","$74,552.00 ",Dressage,
12888,Danish Warmblood,Gelding,9 years,16 hh,Chestnut-Red,Süderlügum,"20,000","$21,301.00 ",Jumping - Eventing - Hunter - Dressage ,
12889,Paint Horse,Mare,6 years,"14,2 hh",Overo-all-colors,Hanstedt,"12,500","$13,313.00 ",Western - Breeding,
12890,Icelandic Horse,Stallion,1 year,N/A,N/A,Hermannsburg,"2,900","$3,089.00 ",Gaited ,
12891,Curly horse Mix,Mare,6 years,12 hh,Pinto,Elterlein,"3,000","$3,195.00 ",Leisure ,
12892,Mustang (american),Mare,4 years,"15,2 hh",Grullo,Elterlein,"10,000","$10,650.00 ",Working Equitation - Doma Vaquera - Western - Mating ,
12893,Oldenburg,Gelding,12 years,"16,3 hh",Bay-Dark,Lohne (Oldenburg),"70,000","$74,552.00 ",Dressage - Jumping - Leisure ,
12894,German Sport Horse,Gelding,7 years,"16,1 hh",N/A,Riedstadt,"100,000","$106,503.00 ",Dressage - Hunter ,
12895,Hanoverian,Mare,9 years,16 hh,Bay-Dark,Maasen,"70,000","$74,552.00 ",Jumping ,
12896,Lusitano,Stallion,4 years,16 hh,Pearl,GOVEN,"16,000","$17,040.00 ",Baroque - Doma Vaquera - Working Equitation - Show ,
12897,Icelandic Horse,Gelding,3 years,"13,3 hh",Dun,Fulda,"4,500","$4,793.00 ",Gaited - Leisure,
12898,German Riding Pony,Stallion,17 years,"14,1 hh",Smoky-Black,Ahrensburg,"40,000","$42,601.00 ",Dressage - Breeding ,
12899,Icelandic Horse,Stallion,2 years,"13,2 hh",Black,Fulda,"3,500","$3,728.00 ",Gaited - Breeding,
12900,Other Breeds,Gelding,17 years,15 hh,Chestnut-Red,Alcorcon,"5,000","$5,325.00 ",Jumping - Leisure ,
12901,Westphalian,Mare,7 years,"16,2 hh",Smoky-Black,Neuenkirchen,"24,500","$26,093.00 ",Dressage,
12902,Spanish Sporthorse,Gelding,4 years,N/A,N/A,Alcorcón,"15,000","$15,975.00 ",Jumping ,
12903,Lusitano,Stallion,16 years,"15,2 hh",Gray,Rio Maior,"40,000","$42,601.00 ",Dressage - Working Equitation - Show - Breeding ,
12904,PRE Mix,Stallion,3 years,N/A,N/A,Poeldijk,"11,500","$12,248.00 ",Dressage ,
12905,American Quarter Horse,Gelding,7 years,"14,1 hh",Palomino,"Sheffield, IA",N/A,N/A,Versatility Ranch Horse - English Pleasure - Trail - Western ,
12906,American Quarter Horse,Gelding,11 years,"14,3 hh",Black,"Clearville, PA",N/A,N/A,Versatility Ranch Horse - Trail - Show - Western ,
12907,American Quarter Horse,Gelding,10 years,15 hh,Roan-Bay,"Camp Verde, AZ",N/A,N/A,Versatility Ranch Horse - Trail - Show - Western ,
12908,American Quarter Horse,Gelding,5 years,"14,2 hh",Red Dun,"Rebersburg, PA",N/A,N/A,Versatility Ranch Horse - Trail - Show - Western ,
12909,American Quarter Horse,Mare,6 years,"14,3 hh",Palomino,"Lipan, TX",N/A,N/A,Versatility Ranch Horse - Trail - Show - Western ,
12910,More ponies/small horses,Mare,12 years,13 hh,Chestnut,"Whitesboro, TX",N/A,N/A,Trail - Versatility Ranch Horse - Show - Leisure ,
12911,Friesian horses Mix,Gelding,4 years,15 hh,Black,"Baltic, OH",N/A,N/A,Dressage - Trail - Jumping - Driving ,
12912,Other Breeds,Gelding,10 years,16 hh,N/A,"Joshua, TX",N/A,N/A,Trail - Gaited - Show - Leisure ,
12913,Hanoverian,Mare,7 years,"16,1 hh",Chestnut,Neuhaus an der Oste,"8,500","$9,053.00 ",Leisure - Breeding - Dressage ,
12914,Hanoverian,Mare,8 years,"17,3 hh",Brown,Selsingen,"70,000","$74,552.00 ",Dressage ,
12915,Welsh C (of Cob Type),Gelding,8 years,"13,1 hh",Dun,Waldfeucht,"11,999","$12,779.00 ",Jumping - Dressage,
12916,German Riding Pony,Stallion,1 year,"14,2 hh",Dun,Velpke,"4,800","$5,112.00 ",Dressage - Breeding - Leisure ,
12917,German Sport Horse,Gelding,7 years,"17,2 hh",Smoky-Black,Berlin,"19,500","$20,768.00 ",Dressage - Eventing - Jumping,
12918,Icelandic Horse,Gelding,8 years,"13,3 hh",Brown,Schneverdingen,"20,000","$21,301.00 ",Gaited - Leisure ,
12919,American Quarter Horse,Gelding,3 years,"14,2 hh",Overo-all-colors,Dessel,"5,000","$5,325.00 ",Western allround - Cowhorse - Reining - Western ,
12920,Paint Horse,Gelding,3 years,"14,2 hh",Overo-all-colors,Dessel,"5,000","$5,325.00 ",Western allround - Reining - Western ,
12921,American Quarter Horse,Mare,11 years,"14,2 hh",Overo-all-colors,Dessel,"10,000","$10,650.00 ",Western allround ,
12922,KWPN,Gelding,4 years,"16,2 hh",Chestnut-Red,Rees,N/A,N/A,Dressage - Leisure,
12923,Arabian Partbred,Stallion,1 year,15 hh,Tobiano-all-colors,Sulingen,"5,500","$5,858.00 ",Endurance - Breeding - Leisure - Mating,
12924,Polish Warmblood,Stallion,9 years,16 hh,Leopard-Piebald,Chełmno,"14,500","$15,443.00 ",Driving - Baroque - Leisure - Dressage ,
12925,Polish Warmblood,Mare,5 years,"16,1 hh",Pinto,Chelmno,"11,500","$12,248.00 ",Jumping - Eventing - Leisure - Dressage ,
12926,Oldenburg,Mare,10 years,"16,1 hh",Gray,ANDOLSHEIM,"20,000","$21,301.00 ",Jumping - Hunter - Leisure,
12927,Hanoverian,Gelding,5 years,17 hh,Chestnut-Red,Hohenfelde,"40,000","$42,601.00 ",Dressage - Vaulting - Jumping - Leisure,
12928,Hanoverian,Gelding,13 years,"17,2 hh",Brown,Ciempozuelos,"45,000","$47,926.00 ",Dressage,
12929,Arabian horses,Mare,8 years,"14,2 hh",Chestnut-Red,Lodz,"10,000","$10,650.00 ",Breeding - Show ,
12930,Arabian horses,Mare,9 years,"14,3 hh",Brown,LODZ,"8,000","$8,520.00 ",Breeding - Show ,
12931,Arabian horses,Mare,6 years,"14,3 hh",Gray,Lodz,"5,500","$5,858.00 ",Breeding - Endurance - Leisure ,
12932,American Quarter Horse,Mare,1 year,"14,2 hh",Grullo,Sulzheim,"6,500","$6,923.00 ",Western - Western allround - Cowhorse - Reining ,
12933,Lusitano,Mare,6 years,15 hh,Gray,Montecortomontecorto,"15,000","$15,975.00 ",Dressage - Working Equitation ,
12934,Draft Horse,Gelding,5 years,"16,1 hh",Palomino,"Windom, MN",N/A,N/A,Trail - Western - Jumping - Dressage ,
12935,Paint Horse,Stallion,1 year,"14,2 hh",Black,Hellenthal,"4,950","$5,272.00 ",Western - Cutting - Reining - Leisure,
12936,American Indian Horse,Mare,1 year,"14,2 hh",Chestnut,Hellenthal,"3,500","$3,728.00 ",Western - Cutting - Reining - Leisure,
12937,Paint Horse,Mare,1 year,"14,2 hh",Red Dun,Hellenthal,"4,950","$5,272.00 ",Western - Cutting - Reining - Leisure,
12938,Lusitano,Stallion,7 years,16 hh,Gray,Navas Del Madroño,N/A,N/A,Eventing ,
12939,Arabian Partbred,Mare,14 years,"14,2 hh",Tobiano-all-colors,Einbeck,"10,000","$10,650.00 ",Breeding,
12940,PRE Mix,Stallion,5 years,16 hh,Chestnut-Red,Navas Del Madroño,N/A,N/A,Eventing ,
12941,Holstein,Gelding,5 years,"16,3 hh",Gray,Süderlügum,"20,000","$21,301.00 ",Hunter - Endurance - Jumping - Dressage ,
12942,Oldenburg,Gelding,5 years,"16,2 hh",N/A,Hódmezővásárhely,N/A,N/A,Jumping ,
12943,American Quarter Horse,Gelding,6 years,"15,2 hh",Roan-Red,"Henderson, KY",N/A,N/A,Versatility Ranch Horse - Trail - Show - Western ,
12944,American Quarter Horse,Gelding,4 years,"14,3 hh",Buckskin,"Cannon Falls, MN",N/A,N/A,Versatility Ranch Horse - Trail - Show - Western ,
12945,PRE,Stallion,4 years,"15,2 hh",Buckskin,Alicante,"8,300","$8,840.00 ",Leisure - Working Equitation - Dressage ,
12946,Hanoverian,Mare,8 years,16 hh,Brown,Büttstedt,"3,500","$3,728.00 ",Breeding - Leisure - Dressage,
12947,Mecklenburg Warmblood,Gelding,6 years,"16,2 hh",N/A,Veitsbronn,N/A,N/A,Jumping,
12948,KWPN,Gelding,5 years,16 hh,Bay-Dark,Hamburg Osdorf,"15,000","$15,975.00 ",Dressage ,
12949,Oldenburg,Mare,1 year,17 hh,Black,Hamburg Osdorf,"12,000","$12,780.00 ",Dressage ,
12950,Oldenburg,Stallion,1 year,"16,2 hh",Black,Hamburg Osdorf,"8,000","$8,520.00 ",Dressage ,
12951,Oldenburg,Stallion,1 year,"16,2 hh",Bay-Dark,Hamburg Osdorf,"8,000","$8,520.00 ",Dressage ,
12952,Westphalian,Mare,5 years,"16,1 hh",Black,Hamburg Osdorf,"22,000","$23,431.00 ",Dressage ,
12953,PRE,Stallion,2 years,16 hh,Gray,Alveringem,"15,000","$15,975.00 ",Dressage - Working Equitation ,
12954,Hanoverian,Gelding,9 years,"16,2 hh",Black,Schneverdingen,"3,500","$3,728.00 ",Leisure ,
12955,Donkey,Stallion,13 years,"14,3 hh",Black,"BERGA, BARCELONA","1,200","$1,278.00 ",Leisure - Breeding ,
12956,Donkey,Gelding,15 years,15 hh,Black,"BERGA, BARCELONA","1,000","$1,065.00 ",Leisure - Western Pleasure - Driving ,
12957,PRE Mix,Stallion,6 years,"15,2 hh",Gray-Dapple,Valencia,"15,000","$15,975.00 ",Dressage - Working Equitation - Baroque - Leisure ,
12958,KWPN,Stallion,1 year,N/A,N/A,Mastenbroek,"10,000","$10,650.00 ",Dressage,
12959,PRE Mix,Stallion,11 years,"16,1 hh",Gray,Las Piñas,"20,000","$21,301.00 ",Dressage ,
12960,American Quarter Horse,Gelding,5 years,"14,2 hh",Buckskin,Windeck,"40,000","$42,601.00 ",Reining - Versatility Ranch Horse - Western ,
12961,Hanoverian,Mare,1 year,N/A,N/A,Hemer,"10,000","$10,650.00 ",Dressage,
12962,Friesian horses,Gelding,4 years,N/A,N/A,"Roy, WA",N/A,N/A,Trail - Jumping - Driving - Dressage ,
12963,KWPN,Gelding,9 years,"16,3 hh",Bay,Oxfordshire,N/A,"$183,657.00 ",Dressage,
12964,Austrian Warmblood,Mare,1 year,"16,2 hh",Black,Perchtoldsdorf,"9,500","$10,118.00 ",Dressage ,
12965,Icelandic Horse,Gelding,8 years,14 hh,Chestnut-Red,Schneverdingen,"20,000","$21,301.00 ",Gaited - Leisure ,
12966,Criollo,Stallion,1 year,"14,2 hh",Sorrel,Ossenzijl,"5,500","$5,858.00 ",Doma Vaquera - Versatility Ranch Horse - Endurance - Mating,
12967,American Quarter Horse,Gelding,12 years,15 hh,Roan-Red,"Mckinney, TX",N/A,N/A,Trail - Versatility Ranch Horse - Cowhorse ,
12968,Missouri Foxtrotter,Mare,10 years,"15,2 hh",Palomino,"Fort Collins, CO",N/A,N/A,Trail - Cowhorse - Gaited - Driving ,
12969,Tennessee walking horse,Gelding,5 years,"14,2 hh",Gray-Dapple,"Parkers Lake, KY",N/A,N/A,Trail - Gaited ,
12970,Tennessee walking horse,Gelding,13 years,"14,1 hh",Tobiano-all-colors,"Parkers Lake, KY",N/A,N/A,Trail - Versatility Ranch Horse - Gaited ,
12971,Czech Warmblood,Mare,6 years,"15,1 hh",Chestnut-Red,1 Stunde von Prag,"14,000","$14,910.00 ",Jumping ,
12972,Czech Warmblood,Gelding,7 years,"16,1 hh",Brown,Region Prag,"28,000","$29,821.00 ",Eventing - Jumping - Dressage ,
12973,Czech Warmblood,Mare,6 years,17 hh,Brown,1 Stunde von Prag,"28,000","$29,821.00 ",Jumping ,
12974,German Sport Horse,Gelding,11 years,"16,1 hh",Brown,Darmstadt,"10,000","$10,650.00 ",Leisure - Dressage ,
12975,Hungarian Sport Horse,Gelding,7 years,"16,1 hh",Gray-Fleabitten,Glandorf,"15,000","$15,975.00 ",Eventing - Jumping - Dressage ,
12976,Polish Warmblood,Gelding,6 years,16 hh,Palomino,Kronenberg,N/A,N/A,Jumping - Leisure ,
12977,Other Breeds,Mare,15 years,"14,1 hh",Brown,mirano,"20,000","$21,301.00 ",Jumping,
12978,Austrian Warmblood,Gelding,12 years,"16,3 hh",Brown,Hartberg,"20,000","$21,301.00 ",Dressage - Leisure,
12979,More ponies/small horses,Gelding,6 years,"14,2 hh",Black,Wellheim,N/A,N/A,Leisure ,
12980,Andalusian,Gelding,4 years,"15,1 hh",Chestnut-Red,Wellheim,"10,000","$10,650.00 ",Leisure ,
12981,Westphalian,Gelding,5 years,"15,2 hh",Bay-Dark,Schenklengsfeld,"8,500","$9,053.00 ",Jumping - Eventing - Leisure - Dressage ,
12982,Westphalian,Gelding,4 years,"15,2 hh",Gray,Schenklengsfeld,"9,000","$9,585.00 ",Jumping - Eventing - Leisure - Dressage ,
12983,Westphalian,Mare,9 years,"16,2 hh",Brown,Holzkirchen,"80,000","$85,202.00 ",Dressage,
12984,Oldenburg-International (OS),Gelding,4 years,"16,1 hh",Brown,Gescher,"10,000","$10,650.00 ",Jumping - Eventing - Hunter,
12985,Mecklenburg Warmblood,Mare,14 years,N/A,N/A,Barth,"19,500","$20,768.00 ",Jumping - Eventing - Dressage ,
12986,Westphalian,Gelding,5 years,18 hh,Black,Rosendahl-Osterwick,"25,000","$26,626.00 ",Dressage,
12987,Zangersheider,Mare,4 years,"16,2 hh",Brown,KRAJENKA,"12,000","$12,780.00 ",Jumping - Eventing ,
12988,KWPN,Mare,4 years,"16,1 hh",Brown,KRAJENKA,N/A,N/A,Jumping - Eventing ,
12989,KWPN,Mare,4 years,"16,1 hh",Black,Głubczyn,N/A,N/A,Jumping - Dressage ,
12990,German Riding Pony,Stallion,1 year,"11,2 hh",Chestnut,Berne,"3,500","$3,728.00 ",Dressage ,
12991,Lusitano,Gelding,5 years,"15,2 hh",Bay-Dark,Valdecaballerosa,"8,500","$9,053.00 ",Working Equitation - Equitation Portugesa ,
12992,Lusitano,Stallion,9 years,"15,2 hh",Gray,Pera,"35,000","$37,276.00 ",Baroque - Gaited ,
12993,Lusitano,Mare,3 years,"15,3 hh",Dun,pera,"6,500","$6,923.00 ",Baroque ,
12994,Lusitano,Stallion,2 years,16 hh,Chestnut-Red,Pera,"9,100","$9,692.00 ",Dressage - Working Equitation ,
12995,Lusitano,Stallion,2 years,"15,3 hh",Chestnut-Red,Pera,"10,500","$11,183.00 ",Dressage - Working Equitation ,
12996,Lusitano,Mare,6 years,"15,2 hh",Can be white,pera,"7,500","$7,988.00 ",Baroque - Gaited ,
12997,Anglo-Arab,Mare,7 years,"15,1 hh",N/A,Ursensollen,"5,300","$5,645.00 ",Endurance - Leisure ,
12998,Tennessee walking horse,Gelding,6 years,15 hh,N/A,"HUSTONVILLE, KY",N/A,"$10,500.00 ",Trail - Driving ,
12999,Lusitano,Stallion,8 years,16 hh,Brown,Navas Del Madroño,N/A,N/A,Eventing ,
13000,PRE Mix,Stallion,4 years,"16,1 hh",Gray,Navas Del Madroño,N/A,N/A,Eventing ,
13001,Tennessee walking horse,Mare,15 years,15 hh,N/A,"Park Hills, MO",N/A,"$5,000.00 ",Trail - Western allround ,
13002,Oldenburg,Gelding,4 years,17 hh,Bay-Dark,Hetzerath,"10,000","$10,650.00 ",Dressage - Leisure ,
13003,Hanoverian,Mare,9 years,16 hh,N/A,Gleichen,"100,000","$106,503.00 ",Dressage ,
13004,Arabian horses,Gelding,3 years,"14,3 hh",Gray,Herzberg am Harz,"2,600","$2,769.00 ",Leisure - Endurance - Western ,
13005,Mecklenburg Warmblood,Mare,9 years,"16,1 hh",N/A,Gägelow,"12,000","$12,780.00 ",Jumping - Breeding - Eventing ,
13006,Oldenburg,Mare,15 years,16 hh,Bay-Dark,Hochdorf,"13,000","$13,845.00 ",Jumping,
13007,Heavy Warmblood,Stallion,6 years,16 hh,Black,Kamenz,"15,000","$15,975.00 ",Driving - Breeding ,
13008,Lusitano Mix,Gelding,5 years,"16,2 hh",Buckskin,Valencia,"15,000","$15,975.00 ",Dressage - Working Equitation - Baroque - Leisure ,
13009,Other Breeds,Stallion,6 years,16 hh,Brown,Navas Del Madroño,"40,000","$42,601.00 ",Eventing ,
13010,PRE Mix,Stallion,1 year,16 hh,Brown,La Vespière-Friardel,"7,500","$7,988.00 ",Leisure - Doma Vaquera - Baroque - Dressage ,
13011,Holstein,Gelding,7 years,"17,2 hh",Brown,Hamburg,"19,900","$21,194.00 ",Jumping - Hunting ,
13012,German Riding Pony,Stallion,3 years,14 hh,N/A,Volkel,"5,500","$5,858.00 ",Dressage,
13013,Latvian Warmblood,Stallion,4 years,"16,1 hh",Bay,Riga,"25,000","$26,626.00 ",Jumping - Hunter under saddle - Hunter ,
13014,Latvian Warmblood,Mare,11 years,17 hh,Bay,Tīreļi,"38,000","$40,471.00 ",Jumping - Breeding ,
13015,Hungarian Sport Horse Mix,Gelding,6 years,14 hh,Palomino,Riga,"9,500","$10,118.00 ",Hunter - Jumping ,
13016,KWPN,Gelding,6 years,18 hh,Bay,Saldus,"18,000","$19,170.00 ",Jumping - Hunter ,
13017,Latvian Warmblood,Mare,5 years,"16,1 hh",Bay,Riga,"15,000","$15,975.00 ",Jumping ,
13018,Westphalian,Gelding,6 years,"16,2 hh",N/A,Georgsmarienhütte,"15,000","$15,975.00 ",Dressage - Jumping,
13019,Oldenburg,Gelding,10 years,"17,1 hh",Brown,Straubenhardt,"85,000","$90,527.00 ",Dressage - Leisure,
13020,Pony of the Americas,Stallion,8 years,9 hh,Palomino,"Alamo, TN",N/A,"$5,000.00 ",Driving ,
13021,German Riding Pony,Gelding,15 years,14 hh,Palomino,Borken,"15,000","$15,975.00 ",Dressage - Jumping,
13022,Icelandic Horse,Gelding,9 years,"14,1 hh",Brown,Lochen am See,"15,000","$15,975.00 ",Gaited - Show - Leisure - Dressage ,
13023,Arabian horses,Stallion,4 years,"14,2 hh",Bay-Dark,Koprivnica,"10,000","$10,650.00 ",Breeding - Show - Western - Leisure ,
13024,Hanoverian,Stallion,1 year,N/A,N/A,Priestewitz,"15,000","$15,975.00 ",Dressage - Hunter - Leisure - Driving ,
13025,Arabian horses,Mare,3 years,"14,2 hh",Brown,Koprivnica,"10,000","$10,650.00 ",Endurance - Breeding - Western - Leisure ,
13026,Hanoverian,Mare,1 year,N/A,N/A,Priestewitz,"15,000","$15,975.00 ",Dressage - Breeding - Hunter - Leisure ,
13027,Hanoverian,Mare,1 year,N/A,N/A,Verden (Aller),"5,900","$6,284.00 ",Dressage - Breeding - Hunter - Leisure ,
13028,Rocky Mountain Horse,Mare,1 year,"13,2 hh",Black,Offenheim,"10,000","$10,650.00 ",Gaited - Trail - Leisure ,
13029,Welsh A (Mountain Pony),Gelding,4 years,"11,1 hh",Brown,Groningen,"10,000","$10,650.00 ",Dressage ,
13030,Other Breeds,Mare,4 years,"16,1 hh",Chestnut-Red,Eggermühlen,"8,550","$9,106.00 ",Leisure - Baroque ,
13031,Rhinelander,Mare,10 years,"16,2 hh",Smoky-Black,Nuth,"14,000","$14,910.00 ",Dressage - Jumping,
13032,PRE Mix,Gelding,7 years,"15,3 hh",Gray,Navas Del Madroño,N/A,N/A,Eventing ,
13033,Oldenburg-International (OS),Stallion,3 years,N/A,N/A,Sieversdorf-Hohenofen,"20,000","$21,301.00 ",Jumping,
13034,Arabian Partbred,Stallion,1 year,"15,1 hh",Tobiano-all-colors,Mörsdorf,"4,500","$4,793.00 ",Leisure - Working Equitation - Endurance - Dressage ,
13035,Zangersheider,Gelding,7 years,"16,2 hh",Gray-Dapple,Schwalmtal,"10,000","$10,650.00 ",Jumping - Hunting - Eventing - Leisure,
13036,Oldenburg,Gelding,2 years,16 hh,Buckskin,Bad Füssing,N/A,N/A,Dressage ,
13037,Icelandic Horse,Mare,1 year,"12,3 hh",Brown,Offenheim,"3,000","$3,195.00 ",Gaited - Trail - Breeding - Leisure ,
13038,Other Warmbloods,Mare,5 years,"15,2 hh",Black,Wellheim,"10,000","$10,650.00 ",Leisure - Dressage ,
13039,Hanoverian,Mare,4 years,16 hh,Brown,Bremervörde,"20,000","$21,301.00 ",Jumping - Dressage ,
13040,Hanoverian,Gelding,7 years,"16,3 hh",Gray,Bremervörde,"40,000","$42,601.00 ",Jumping - Dressage ,
13041,Hanoverian,Mare,6 years,"16,2 hh",Brown,Bremervörde,"40,000","$42,601.00 ",Jumping - Dressage ,
13042,Hanoverian,Mare,6 years,"16,1 hh",Brown,Bremervörde,"70,000","$74,552.00 ",Jumping - Dressage ,
13043,Hanoverian,Gelding,4 years,16 hh,N/A,Bremervörde,"15,000","$15,975.00 ",Jumping - Hunter - Leisure - Dressage ,
13044,Oldenburg,Stallion,1 year,N/A,N/A,Hetzerath,"10,000","$10,650.00 ",Dressage - Breeding ,
13045,Oldenburg,Gelding,3 years,"17,1 hh",Bay-Dark,Hetzerath,"10,000","$10,650.00 ",Dressage - Breeding ,
13046,Oldenburg,Mare,4 years,17 hh,Brown,Hetzerath,"5,000","$5,325.00 ",Dressage - Breeding ,
13047,Icelandic Horse,Mare,13 years,13 hh,Brown,Offenheim,"6,500","$6,923.00 ",Leisure - Gaited - Breeding ,
13048,Oldenburg,Mare,8 years,"17,1 hh",Chestnut-Red,Unterhöglham,"40,000","$42,601.00 ",Dressage,
13049,PRE Mix,Stallion,10 years,"16,1 hh",Bay-Dark,Sevilla,"20,000","$21,301.00 ",Dressage - Baroque ,
13050,Menorquin,Stallion,1 year,16 hh,Black,Menorca,N/A,N/A,Dressage - Working Equitation - Baroque - Mating ,
13051,German Riding Pony,Mare,6 years,"14,2 hh",Black,Wipperfürth,"40,000","$42,601.00 ",Jumping - Eventing - Dressage ,
13052,Trakehner,Mare,23 years,"15,2 hh",Gray,Schneverdingen,"1,450","$1,544.00 ",Leisure,
13053,PRE,Mare,1 year,16 hh,Brown,Alveringem,"10,000","$10,650.00 ",Dressage - Breeding ,
13054,PRE,Stallion,4 years,16 hh,Brown,El Catllar,"10,000","$10,650.00 ",Dressage - Working Equitation - Baroque ,
13055,PRE,Gelding,9 years,16 hh,Gray,Manilva,"30,000","$31,951.00 ",Dressage - Working Equitation - Leisure,
13056,Oldenburg,Mare,12 years,"15,3 hh",Smoky-Black,Horn,"3,700","$3,941.00 ",Breeding ,
13057,Other Breeds,Gelding,4 years,"15,1 hh",Black,Linkenbach,"6,300","$6,710.00 ",Leisure - Western ,
13058,Rocky Mountain Horse,Stallion,9 years,"14,2 hh",Chestnut-Red,Offenheim,"17,000","$18,105.00 ",Mating - Trail - Gaited - Leisure ,
13059,Rocky Mountain Horse,Mare,11 years,"14,2 hh",Champagne,Offenheim,"15,000","$15,975.00 ",Leisure - Trail - Gaited - Breeding ,
13060,German Riding Horse,Stallion,1 year,N/A,N/A,Neuenrade,N/A,N/A,Jumping - Eventing - Dressage ,
13061,PRE Mix,Stallion,3 years,16 hh,Brown,Sevilla,"10,000","$10,650.00 ",Baroque - Dressage ,
13062,PRE,Stallion,4 years,"15,2 hh",Black,Santa Marta,"9,500","$10,118.00 ",Gaited - Dressage,
13063,American Quarter Horse,Gelding,9 years,"15,1 hh",Bay,"Weston, MA",N/A,N/A,Trail - Versatility Ranch Horse - Western Pleasure - Show ,
13064,Hanoverian,Mare,5 years,"16,1 hh",Brown,Voltlage,"20,000","$21,301.00 ",Dressage - Breeding - Jumping - Leisure,
13065,Mule,Gelding,11 years,N/A,N/A,"Antlers, OK",N/A,N/A,Trail ,
13066,Andalusian,Stallion,4 years,"15,2 hh",Palomino,Vejer de la Frontera,"10,000","$10,650.00 ",Leisure - Working Equitation - Baroque ,
13067,Mule,Mare,9 years,"13,2 hh",Black,"Antlers, OK",N/A,N/A,Trail ,
13068,Paint Horse,Mare,3 years,"15,3 hh",Tobiano-all-colors,"Palestine, TX",N/A,N/A,Trail ,
13069,American Quarter Horse,Gelding,12 years,"14,3 hh",Red Dun,Paicines CA,N/A,"$3,500.00 ",Trail - Versatility Ranch Horse ,
13070,Paint Horse,Mare,14 years,15 hh,Chestnut,Weatherford TX,N/A,"$3,500.00 ",Trail - Versatility Ranch Horse ,
13071,American Quarter Horse,Mare,14 years,15 hh,Chestnut,Weatherford TX,N/A,"$3,500.00 ",Trail - Versatility Ranch Horse ,
13072,American Quarter Horse,Gelding,5 years,15 hh,Chestnut,Paicines CA,N/A,"$3,500.00 ",Trail - Versatility Ranch Horse ,
13073,Paint Horse,Gelding,12 years,"14,2 hh",Tobiano-all-colors,Weatherford TX,N/A,"$3,500.00 ",Trail - Versatility Ranch Horse ,
13074,American Quarter Horse,Gelding,12 years,"14,2 hh",Tobiano-all-colors,Weatherford TX,N/A,"$3,500.00 ",Trail - Versatility Ranch Horse ,
13075,Paint Horse,Gelding,12 years,"14,3 hh",Black,Lipan TX,N/A,"$3,500.00 ",Trail - Versatility Ranch Horse ,
13076,American Quarter Horse,Gelding,12 years,N/A,N/A,Lipan TX,N/A,"$3,500.00 ",Trail - Versatility Ranch Horse ,
13077,Haflinger,Mare,22 years,"14,2 hh",Chestnut-Red,Waldstetten,950,"$1,012.00 ",Leisure ,
13078,Westphalian,Gelding,12 years,"16,1 hh",Gray,Limburg an der Lahn,"21,500","$22,898.00 ",Jumping - Leisure - Dressage,
13079,Friesian horses,Stallion,11 years,"16,1 hh",Black,Aalsmeer,N/A,N/A,Dressage,
13080,Zangersheider,Gelding,8 years,"16,2 hh",Bay-Dark,Pyrzowice,"40,000","$42,601.00 ",Jumping - Hunter,"suitable for beginners, Reliable for trail riding, is allrounder"
13081,Irish Sport Horse,Gelding,10 years,16 hh,Chestnut-Red,Wachtendonk,"7,900","$8,414.00 ",Dressage - Leisure,"is allrounder, vet-check, Equine Passport available"
13082,Irish Sport Horse,Gelding,4 years,"15,3 hh",Brown,Wachtendonk,"6,900","$7,349.00 ",Dressage - Eventing - Jumping - Leisure,"is allrounder, vet-check, Equine Passport available"
13083,Spanish Sporthorse,Stallion,5 years,16 hh,Gray,Alicante,"40,000","$42,601.00 ",Dressage,
13084,Hanoverian,Gelding,8 years,17 hh,Chestnut-Red,Castellon De La Plana/Castello De La Pla,"9,000","$9,585.00 ",Dressage,
13085,Anglo-Arab,Gelding,10 years,16 hh,Bay-Dark,Avila,"10,000","$10,650.00 ",Eventing,"Competition experience, Stands for the farrier, "
13086,Hanoverian,Mare,4 years,16 hh,Brown,Moers,N/A,N/A,Dressage - Breeding - Jumping - Leisure ,
13087,American Quarter Horse,Gelding,15 years,14 hh,Bay,Weatherford TX,N/A,"$3,500.00 ",Trail - Versatility Ranch Horse ,
13088,Palomino,Gelding,8 years,"15,1 hh",Palomino,"Brodhead, KY",N/A,"$3,500.00 ",Trail - Versatility Ranch Horse ,
13089,American Quarter Horse,Gelding,8 years,"15,1 hh",Palomino,"Brodhead, KY",N/A,"$3,500.00 ",Trail - Versatility Ranch Horse ,
13090,American Quarter Horse,Gelding,12 years,N/A,N/A,Rineyville KY,N/A,"$3,500.00 ",Trail - Versatility Ranch Horse ,
13091,Draft Horse,Gelding,4 years,"15,3 hh",Black,Jacksboro TX,N/A,"$3,500.00 ",Trail - Versatility Ranch Horse ,
13092,Noriker,Gelding,5 years,N/A,N/A,Obertilliach,N/A,N/A,Driving ,
13093,American Quarter Horse,Gelding,4 years,"15,3 hh",Black,Jacksboro TX,N/A,"$3,500.00 ",Trail - Versatility Ranch Horse ,
13094,PRE Mix,Mare,8 years,"15,1 hh",Buckskin,Windhagen,"7,900","$8,414.00 ",Leisure ,
13095,Haflinger,Mare,12 years,"14,2 hh",Chestnut-Red,St. Leonhard i. Pitztal,"6,000","$6,390.00 ",Leisure ,
13096,Hanoverian,Mare,5 years,16 hh,Brown,Feldbach,"40,000","$42,601.00 ",Jumping - Hunter ,
13097,Hanoverian,Mare,6 years,"16,2 hh",Brown,Haslau,"20,000","$21,301.00 ",Breeding - Jumping - Dressage ,
13098,Mule,Mare,10 years,15 hh,Chestnut,Everett PA,N/A,"$3,500.00 ",Trail - Versatility Ranch Horse ,
13099,American Quarter Horse,Mare,10 years,15 hh,Chestnut,Everett PA,N/A,"$3,500.00 ",Trail - Versatility Ranch Horse ,
13100,American Quarter Horse,Gelding,6 years,15 hh,Roan-Blue,Cherryville NC,N/A,"$3,500.00 ",Trail - Versatility Ranch Horse ,
13101,Tennessee walking horse,Gelding,12 years,14 hh,Black,Camp Verde AZ,N/A,"$3,500.00 ",Trail - Gaited ,
13102,Missouri Foxtrotter,Gelding,12 years,14 hh,Black,Camp Verde AZ,N/A,"$3,500.00 ",Trail - Gaited ,
13103,Draft Horse,Gelding,14 years,"16,2 hh",Chestnut,"Howell, MI",N/A,"$3,500.00 ",Trail - Jumping ,
13104,American Quarter Horse,Gelding,14 years,"16,2 hh",Chestnut,Howell Mi,N/A,"$3,500.00 ",Trail - Versatility Ranch Horse ,
13105,American Quarter Horse,Gelding,6 years,N/A,N/A,Dorlores CO,N/A,"$3,500.00 ",Trail - Versatility Ranch Horse ,
13106,American Quarter Horse,Gelding,3 years,"14,3 hh",Roan-Red,Mascow OH,N/A,"$3,500.00 ",Trail - Versatility Ranch Horse ,
13107,German Sport Horse,Mare,7 years,"17,1 hh",Bay-Dark,Henstedt-Ulzburg,"22,500","$23,963.00 ",Dressage - Breeding - Leisure,
13108,Mustang (american),Mare,11 years,"14,1 hh",Cremello,Kirchheim unter Teck,"14,500","$15,443.00 ",Leisure - Working Equitation - Trail - Western,"Green, is easy to load, Halter accustomed"
13109,Welsh A (Mountain Pony),Gelding,3 years,"11,1 hh",Gray,Aalten,"3,250","$3,461.00 ",Hunter,
13110,Polish Warmblood,Mare,8 years,16 hh,Chestnut-Red,Ganderkesee,"11,000","$11,715.00 ",Dressage - Eventing - Jumping - Driving,"is lunged, Reliable for trail riding, is allrounder"
13111,Welsh A (Mountain Pony),Gelding,4 years,"11,3 hh",Chestnut-Red,Aalten,"2,750","$2,929.00 ",Hunter,
13112,PRE Mix,Stallion,3 years,16 hh,Gray,Galaroza (Huelva),"5,000","$5,325.00 ",Dressage,
13113,PRE,Stallion,4 years,16 hh,Perlino,Galaroza (HUELVA),"15,000","$15,975.00 ",Breeding - Show - Mating - Dressage,
13114,Andalusian,Stallion,4 years,N/A,N/A,Galaroza (Huelva),"10,000","$10,650.00 ",Leisure - English Pleasure - Show,
13115,PRE,Stallion,5 years,"15,2 hh",Gray,Galaroza (Huelva),"10,000","$10,650.00 ",Leisure - English Pleasure - Working Equitation - Dressage,
13116,PRE Mix,Mare,8 years,"15,3 hh",Brown,Galaroza (Huelva),N/A,N/A,Breeding,
13117,Irish Sport Horse,Mare,12 years,"16,1 hh",Smoky-Black,Reichenburg,"40,000","$42,601.00 ",Jumping - Leisure - Dressage,"suitable as school horse/pony, suitable for beginners, is lunged"
13118,Hanoverian,Mare,12 years,"16,1 hh",Bay-Dark,BrunnthalBrunnthal,"70,000","$74,552.00 ",Dressage ,
13119,KWPN,Gelding,11 years,"16,1 hh",Brown,Kessel,"30,000","$31,951.00 ",Dressage,
13120,Icelandic Horse,Mare,7 years,"13,2 hh",Palomino,Saarland,N/A,N/A,Gaited - Breeding - Leisure - Driving,
13121,Knabstrup,Mare,1 year,16 hh,Smoky-Black,Cabariot,"10,000","$10,650.00 ",Jumping - Breeding - Eventing - Dressage,
13122,Gypsy Horse,Mare,8 years,14 hh,Pinto,Eggermühlen OT Bockraden,"5,950","$6,337.00 ",Leisure - Baroque ,
13123,Andalusian Mix,Mare,11 years,"14,2 hh",Palomino,Daleiden,"6,499","$6,922.00 ",Leisure - Trail - Driving - Dressage ,
13124,Hungarian Sport Horse,Mare,9 years,17 hh,Brown-Light,Kecskemét,"13,500","$14,378.00 ",Jumping,
13125,Gypsy Horse,Mare,5 years,12 hh,Pinto,Niederzier,"5,000","$5,325.00 ",Leisure - Driving ,
13126,German Riding Pony,Gelding,16 years,"14,2 hh",Brown,Pilisjászfalu,"20,000","$21,301.00 ",Dressage ,
13127,Andalusian,Stallion,4 years,"14,3 hh",Brown,Efringen-Kirchen,"4,500","$4,793.00 ",Baroque - Working Equitation - Western - Dressage ,
13128,Westphalian,Gelding,10 years,"15,3 hh",Brown,Darmstadt,"10,000","$10,650.00 ",Dressage - Leisure ,
13129,PRE,Stallion,4 years,"16,3 hh",Black,El Catllar,N/A,N/A,Dressage - Breeding ,
13130,PRE,Stallion,4 years,16 hh,Bay-Dark,El Catllar,"15,000","$15,975.00 ",Baroque - Working Equitation ,
13131,PRE Mix,Stallion,9 years,"16,1 hh",Brown,El Catllar,"15,000","$15,975.00 ",Dressage - Leisure ,
13132,Oldenburg,Gelding,5 years,N/A,N/A,Barłomino,"40,000","$42,601.00 ",Dressage ,
13133,Icelandic Horse,Mare,10 years,14 hh,Pinto,Soltau,"20,000","$21,301.00 ",Gaited - Breeding - Leisure - Dressage ,
13134,Hanoverian,Gelding,5 years,16 hh,Brown,Gödenstorf,"40,000","$42,601.00 ",Eventing - Jumping ,
13135,Icelandic Horse,Stallion,8 years,"14,2 hh",Chestnut-Red,Soltau,"20,000","$21,301.00 ",Gaited - Breeding - Leisure ,
13136,Icelandic Horse,Gelding,14 years,"14,1 hh",Brown,Soltau,"12,000","$12,780.00 ",Gaited - Leisure ,
13137,Icelandic Horse,Mare,7 years,"13,2 hh",Black,Soltau,"7,500","$7,988.00 ",Gaited - Breeding - Leisure ,
13138,Icelandic Horse,Gelding,4 years,N/A,N/A,Farven,"10,000","$10,650.00 ",Gaited ,
13139,Hanoverian,Gelding,4 years,"16,2 hh",Bay-Dark,Hasbergen,"18,500","$19,703.00 ",Dressage - Leisure ,
13140,Oldenburg,Stallion,1 year,N/A,N/A,selfkant,"5,000","$5,325.00 ",Dressage,
13141,Arabian horses,Mare,5 years,15 hh,Gray,Chimay,"10,000","$10,650.00 ",Breeding - Show - Endurance - Dressage ,
13142,Arabian horses,Mare,9 years,15 hh,Gray,Chimay,"15,000","$15,975.00 ",Breeding - Show - Endurance - Dressage ,
13143,Andalusian Mix,Gelding,7 years,15 hh,Cremello,Burg,"6,500","$6,923.00 ",Leisure ,
13144,Andalusian,Stallion,3 years,"15,1 hh",Brown Falb mold,Assesse,"8,000","$8,520.00 ",Dressage ,
13145,Andalusian,Gelding,9 years,17 hh,Brown,Huy,"14,500","$15,443.00 ",Dressage ,
13146,British Warmblood,Gelding,15 years,"17,1 hh",Smoky-Black,Huy,N/A,N/A,Dressage - Leisure ,
13147,Oldenburg-International (OS),Mare,8 years,"16,1 hh",Brown,Loßburg,"70,000","$74,552.00 ",Jumping ,
13148,Oldenburg,Mare,11 years,"16,2 hh",Chestnut,Geestland,"25,000","$26,626.00 ",Dressage - Leisure,
13149,German Riding Pony Mix,Gelding,19 years,"13,2 hh",Chestnut-Red,Metelen,"2,150","$2,290.00 ",Leisure ,
13150,Haflinger,Mare,13 years,"14,1 hh",Chestnut-Red,Metelen,"4,400","$4,686.00 ",Leisure ,
13151,Paint Horse,Mare,1 year,"14,2 hh",Champagne,Buchbach,"12,999","$13,844.00 ",Western - Western allround - Trail - Breeding ,
13152,Paint Horse,Stallion,1 year,"15,1 hh",Tobiano-all-colors,Buchbach,"6,200","$6,603.00 ",Western - Western allround - Western Hunter - Trail ,
13153,Trakehner,Gelding,5 years,16 hh,Smoky-Black,Wolfhagen,N/A,N/A,Dressage - Eventing - Jumping - Leisure ,
13154,More ponies/small horses,Gelding,10 years,"12,3 hh",N/A,"Rebersburg, PA",N/A,N/A,Trail - Show - Leisure - Driving ,
13155,Gypsy Horse Mix,Gelding,6 years,"15,2 hh",N/A,"Mize, KY",N/A,N/A,Trail - Versatility Ranch Horse - Show - Western ,
13156,Holstein,Mare,7 years,16 hh,Brown,Verden (Aller),"70,000","$74,552.00 ",Eventing - Jumping ,
13157,Arabian horses,Gelding,8 years,15 hh,Black,Herzberg am Harz,"12,000","$12,780.00 ",Leisure - Western ,
13158,Hanoverian,Mare,4 years,"16,1 hh",Brown,Büttstedt,"15,000","$15,975.00 ",Dressage - Breeding - Leisure,
13159,Oldenburg,Mare,3 years,"16,1 hh",Black,Drantum,"8,000","$8,520.00 ",Dressage - Breeding ,
13160,NRPS,Gelding,16 years,"14,1 hh",Chestnut,Düsseldorf,"5,500","$5,858.00 ",Leisure - Dressage ,
13161,Other Warmbloods,Gelding,9 years,"15,2 hh",Brown-Light,Mala Subotica,"3,800","$4,047.00 ",Leisure - English Pleasure - Western - Trotter,
13162,Polish Warmblood,Gelding,4 years,"15,1 hh",Tobiano-all-colors,Fuchstal,"7,000","$7,455.00 ",Leisure - Baroque ,
13163,Missouri Foxtrotter,Gelding,10 years,"15,1 hh",Chestnut,"Clemons, IA",N/A,N/A,Trail - Gaited ,
13164,Holstein,Mare,11 years,"16,1 hh",Brown,Bad Freienwalde,"20,000","$21,301.00 ",Jumping,
13165,American Quarter Horse,Mare,3 years,N/A,N/A,Cassano D'Adda,N/A,N/A,Western - Reining,
13166,KWPN,Mare,14 years,"16,2 hh",Bay-Dark,Esch,"8,500","$9,053.00 ",Breeding,
13167,Trakehner,Mare,11 years,"15,3 hh",N/A,Aytos,N/A,N/A,Breeding ,
13168,Trakehner,Mare,7 years,16 hh,N/A,Aytos,N/A,N/A,Breeding - Leisure ,
13169,Trakehner,Mare,8 years,"15,2 hh",Gray,Aytos,N/A,N/A,Breeding ,
13170,Trakehner,Gelding,5 years,N/A,N/A,Feldbach,N/A,N/A,Eventing - Jumping - Dressage ,
13171,Trakehner,Mare,6 years,"15,2 hh",N/A,Aytos,N/A,N/A,Eventing - Breeding - Jumping ,
13172,Trakehner,Mare,3 years,16 hh,N/A,Aytos,N/A,N/A,Eventing - Breeding - Jumping ,
13173,PRE Mix,Gelding,5 years,16 hh,Gray-Dapple,Martfeld,"12,500","$13,313.00 ",Dressage - Working Equitation - Baroque - Leisure ,
13174,Haflinger,Stallion,2 years,"14,2 hh",Chestnut-Red,Wabern-Harle,"2,900","$3,089.00 ",Leisure - Driving - Dressage,
13175,Lusitano,Gelding,6 years,16 hh,Black,Arles,"40,000","$42,601.00 ",Dressage - Equitation Portugesa,
13176,Baden Wuerttemberg,Gelding,5 years,"16,1 hh",Bay-Dark,Schrozberg,"22,000","$23,431.00 ",Dressage - Eventing - Jumping,
13177,German Sport Horse,Mare,1 year,N/A,N/A,Verden (Aller),"6,500","$6,923.00 ",Dressage - Breeding ,
13178,Friesian horses,Stallion,13 years,"16,2 hh",Black,Marbella,"26,000","$27,691.00 ",Show,
13179,Gypsy Horse,Mare,8 years,15 hh,Pinto,Nordhausen,"7,999","$8,519.00 ",Driving - Breeding - Leisure,
13180,Oldenburg,Stallion,1 year,N/A,N/A,Gehrde,"5,500","$5,858.00 ",Dressage - Breeding ,
13181,PRE Mix,Stallion,4 years,16 hh,Gray-Dark-Tan,Martfeld,"16,500","$17,573.00 ",Dressage - Show - Baroque - Leisure ,
13182,Lusitano,Stallion,4 years,"15,2 hh",Gray,Dalen,"30,000","$31,951.00 ",Dressage - Equitation Portugesa - Working Equitation,
13183,Friesian horses Mix,Gelding,3 years,"15,3 hh",Black,"Hesperia, MI",N/A,N/A,Trail ,
13184,More ponies/small horses,Gelding,7 years,"14,1 hh",N/A,Passau,"3,600","$3,834.00 ",Leisure ,
13185,Westphalian,Mare,3 years,16 hh,Bay-Dark,Delbrück,"12,500","$13,313.00 ",Dressage - Breeding,
13186,Holstein,Gelding,6 years,"16,2 hh",Gray,Celle,"70,000","$74,552.00 ",Jumping,
13187,Holstein,Gelding,6 years,"17,1 hh",Brown,Celle,N/A,N/A,Hunter - Hunter under saddle - Working Equitation - Jumping,
13188,Baroque Pinto,Stallion,1 year,N/A,N/A,Tzummarum,"2,900","$3,089.00 ",Leisure ,
13189,American Quarter Horse,Mare,10 years,"15,2 hh",Chestnut-Red,Eurasburg,"14,000","$14,910.00 ",Western allround - Western Hunter - Trail - Western Pleasure ,
13190,Hanoverian,Gelding,12 years,"16,1 hh",Chestnut-Red,Leipheim,"70,000","$74,552.00 ",Dressage,
13191,Menorquin,Mare,1 year,"15,2 hh",Black,Menorca,N/A,N/A,Leisure - Working Equitation - Eventing - Dressage ,
13192,Icelandic Horse,Mare,7 years,"13,2 hh",Pinto,Saarland,"7,500","$7,988.00 ",Gaited - Breeding - Leisure - Driving,
13193,Other Warmbloods,Stallion,3 years,"16,2 hh",Buckskin,Borgentreich,N/A,N/A,Jumping - Breeding - Eventing - Dressage ,
13194,Westphalian,Mare,5 years,"16,1 hh",Bay-Dark,Hörstel,"100,000","$106,503.00 ",Dressage ,
13195,Westphalian,Mare,6 years,16 hh,Bay-Dark,Hörstel,"100,000","$106,503.00 ",Dressage ,
13196,Westphalian,Mare,6 years,"16,2 hh",Brown,Hörstel,"35,000","$37,276.00 ",Dressage ,
13197,PRE,Stallion,4 years,"15,2 hh",Perlino,Alicante,"10,000","$10,650.00 ",Leisure - Working Equitation - Dressage ,
13198,PRE,Stallion,5 years,16 hh,Brown,Merida,"20,000","$21,301.00 ",Dressage - Leisure ,
13199,Andalusian,Mare,4 years,15 hh,Gray,Neustadt (Wied),"6,900","$7,349.00 ",Dressage - Working Equitation - Breeding - Leisure ,
13200,Andalusian,Mare,14 years,"15,2 hh",Gray-Dapple,San Ambrosio,"2,000","$2,130.00 ",Leisure - Western ,
13201,Andalusian,Gelding,4 years,"15,2 hh",Brown,Tabernas Almería,"5,900","$6,284.00 ",Dressage - Leisure ,
13202,Haflinger,Stallion,2 years,"14,3 hh",N/A,Trebbin,"8,500","$9,053.00 ",Breeding - Dressage ,
13203,Akhal-Teke,Stallion,16 years,16 hh,Palomino,GOVEN,"6,000","$6,390.00 ",Mating - Breeding ,
13204,Wuerttemberg,Mare,5 years,"16,1 hh",Brown,Wehringen,"35,000","$37,276.00 ",Dressage - Breeding - Leisure,"is allrounder, is easy to load, vet-check"
13205,KWPN,Gelding,9 years,17 hh,Chestnut-Red,Weesow,"100,000","$106,503.00 ",Dressage,
13206,Oldenburg,Mare,4 years,"16,1 hh",Chestnut,Roth,"40,000","$42,601.00 ",Dressage ,
13207,Oldenburg,Mare,7 years,"17,1 hh",Bay-Dark,Roth / Heubühl,"100,000","$106,503.00 ",Dressage ,
13208,Kentucky Mountain Saddle Horse,Gelding,11 years,14 hh,Palomino,"Whitley City,KY",N/A,"$15,000.00 ",Gaited - Trail ,
13209,German Riding Pony,Gelding,11 years,"14,1 hh",Palomino,Münster,"70,000","$74,552.00 ",Dressage,
13210,Westphalian,Mare,4 years,"16,1 hh",Chestnut,Telgte,"15,000","$15,975.00 ",Breeding - Dressage,
13211,Oldenburg,Gelding,6 years,"16,2 hh",Chestnut,Lohne (Oldenburg),"70,000","$74,552.00 ",Dressage - Eventing - Jumping - Leisure ,
13212,German Sport Horse,Mare,8 years,"16,1 hh",Black,Lohne (Oldenburg),"19,000","$20,235.00 ",Dressage - Breeding - Jumping - Leisure ,
13213,Oldenburg,Mare,5 years,"16,2 hh",Bay-Dark,Lohne (Oldenburg),"23,000","$24,496.00 ",Dressage ,
13214,Oldenburg,Gelding,6 years,"16,2 hh",Chestnut-Red,Lohne (Oldenburg),"40,000","$42,601.00 ",Dressage ,
13215,Oldenburg,Mare,4 years,"16,1 hh",Black,Lohne (Oldenburg),"40,000","$42,601.00 ",Dressage - Breeding ,
13216,Oldenburg,Gelding,10 years,"17,2 hh",Brown,Lohne (Oldenburg),"100,000","$106,503.00 ",Dressage ,
13217,Oldenburg,Mare,4 years,"16,1 hh",Chestnut-Red,Lohne (Oldenburg),"40,000","$42,601.00 ",Dressage ,
13218,Hanoverian,Gelding,6 years,16 hh,Gray-Dapple,Northeim,"20,000","$21,301.00 ",Jumping - Eventing - Leisure - Dressage,
13219,More ponies/small horses,Mare,6 years,"14,2 hh",Brown,Passau,"4,900","$5,219.00 ",Leisure ,
13220,PRE Mix,Stallion,12 years,"16,1 hh",Brown,Navas Del Madroño,N/A,N/A,Eventing ,
13221,Donkey,Mare,1 year,N/A,N/A,"BERGA, BARCELONA","2,500","$2,663.00 ",Breeding - Leisure ,
13222,Donkey,Stallion,4 years,"14,2 hh",Black,"BERGA, BARCELONA","4,000","$4,260.00 ",Breeding - Leisure ,
13223,Sella Italiano,Stallion,7 years,"16,2 hh",Chestnut-Red,Ascoli Piceno,"70,000","$74,552.00 ",Jumping,
13224,Hanoverian,Stallion,11 years,"16,2 hh",Smoky-Black,Bad Zwischenahn,"100,000","$106,503.00 ",Dressage ,
13225,PRE Mix,Stallion,5 years,16 hh,Brown,Navas Del Madroño,N/A,N/A,Eventing ,
13226,Lusitano,Stallion,5 years,16 hh,White,Navas Del Madroño,N/A,N/A,Eventing ,
13227,PRE,Gelding,9 years,16 hh,Gray-Blue-Tan,Heemskerk,N/A,N/A,Dressage ,
13228,German Riding Pony,Mare,5 years,"14,1 hh",Chestnut-Red,Krefeld,"17,000","$18,105.00 ",Dressage,
13229,Westphalian,Gelding,4 years,"15,2 hh",Brown,Greven,"15,000","$15,975.00 ",Dressage - Eventing - Jumping ,
13230,Austrian Warmblood,Gelding,5 years,"16,1 hh",Smoky-Black,Wolnzach,"40,000","$42,601.00 ",Dressage - Leisure ,
13231,PRE,Stallion,4 years,"15,2 hh",Gray,Badajoz,"10,000","$10,650.00 ",Leisure - Working Equitation - Breeding - Dressage ,
13232,PRE,Mare,7 years,16 hh,Brown,Tourgeville,"8,990","$9,575.00 ",Breeding ,
13233,PRE,Mare,2 years,"15,1 hh",Brown,Valencia,"5,500","$5,858.00 ",Baroque - Leisure ,
13234,PRE,Stallion,5 years,16 hh,Gray,Merida,"15,000","$15,975.00 ",Dressage - Working Equitation - Leisure ,
13235,PRE,Stallion,2 years,"15,1 hh",Perlino,Barcelona,"10,000","$10,650.00 ",Dressage - Breeding - Leisure ,
13236,PRE,Stallion,2 years,15 hh,Cremello,Barcelona,"15,000","$15,975.00 ",Dressage - Breeding - Leisure ,
13237,PRE,Mare,5 years,16 hh,Rabicano,Valencia,"15,000","$15,975.00 ",Baroque - Working Equitation - Breeding - Leisure ,
13238,PRE Mix,Stallion,2 years,"16,3 hh",Perlino,Alcoi/Alcoy,"15,000","$15,975.00 ",Mating - Working Equitation - Show - Leisure ,
13239,German Riding Pony,Stallion,3 years,"14,2 hh",Brown,Aeugst am Albis,"16,000","$17,040.00 ",Dressage - Jumping - Leisure - Mating ,
13240,Trakehner,Gelding,4 years,"16,1 hh",Black,Schwerte,"14,000","$14,910.00 ",Dressage - Eventing ,
13241,Trakehner,Gelding,4 years,16 hh,Black,Schwerte,"13,000","$13,845.00 ",Dressage - Eventing ,
13242,Trakehner,Stallion,1 year,N/A,N/A,Schwerte,"6,000","$6,390.00 ",Dressage - Eventing ,
13243,PRE Mix,Gelding,6 years,16 hh,Gray-Dapple,Martfeld,"10,000","$10,650.00 ",Dressage - Working Equitation - Baroque - Leisure ,
13244,Thoroughbred,Mare,14 years,16 hh,Bay-Dark,Zionsville,N/A,N/A,Trail - Western - Jumping - Hunter ,
13245,Appaloosa,Gelding,12 years,15 hh,White,Ida Grove,N/A,N/A,Trail - Western Pleasure - Western - Leisure ,
13246,Other Breeds Mix,Gelding,9 years,15 hh,Sorrel,Fort Lauderdale,N/A,N/A,Dressage - Trail - Eventing - Jumping ,
13247,Selle Français,Gelding,5 years,17 hh,Smoky-Black,les thuiles,"25,000","$26,626.00 ",Dressage ,
13248,American Quarter Horse,Gelding,7 years,"15,2 hh",Buckskin,Mount Vernon,N/A,"$22,500.00 ",Versatility Ranch Horse - Trail ,
13249,Hanoverian,Stallion,3 years,16 hh,Chestnut-Red,Geestland,"22,000","$23,431.00 ",Jumping - Hunter,
13250,Holstein,Mare,10 years,"15,2 hh",Brown,Freudenberg,"70,000","$74,552.00 ",Jumping - Eventing ,
13251,Ukrainian Riding Horse,Stallion,13 years,17 hh,Red Dun,Lastrup,"20,000","$21,301.00 ",Dressage ,
13252,PRE,Mare,9 years,"16,2 hh",Black,Copons,"6,500","$6,923.00 ",Breeding - Leisure ,
13253,PRE,Mare,8 years,"16,2 hh",Dun,Copons,"6,500","$6,923.00 ",Breeding - Leisure ,
13254,Other Warmbloods Mix,Mare,2 years,"13,2 hh",Pinto,Dwingeloo,"5,000","$5,325.00 ",Jumping - Endurance - Leisure - Dressage ,
13255,American Quarter Horse Mix,Stallion,1 year,"13,3 hh",Red Dun,St. Koloman,"4,500","$4,793.00 ",Leisure - Trail - Western - Eventing,
13256,Lusitano,Stallion,12 years,"16,1 hh",Buckskin,Weilheim,"12,500","$13,313.00 ",Leisure - Working Equitation - Breeding - Dressage ,
13257,Holstein,Mare,15 years,"16,2 hh",Bay-Dark,Gorzów Wlkp.,"15,000","$15,975.00 ",Jumping - Breeding,
13258,Hanoverian,Mare,4 years,"16,1 hh",Bay-Dark,Fredenbeck,"14,500","$15,443.00 ",Dressage ,
13259,German Riding Horse,Mare,7 years,"16,1 hh",Pinto,Fredenbeck,"20,000","$21,301.00 ",Dressage - Jumping - Leisure ,
13260,Classic Pony,Gelding,12 years,"13,1 hh",Pinto,Sitges,"10,000","$10,650.00 ",Jumping - Eventing,
13261,Westphalian,Mare,9 years,17 hh,Brown,Darmstadt,N/A,N/A,Dressage - Leisure ,
13262,German Riding Pony,Mare,6 years,"14,1 hh",Cremello,Berlin,"70,000","$74,552.00 ",Dressage ,
13263,Westphalian,Gelding,9 years,17 hh,Chestnut,Berlin,"70,000","$74,552.00 ",Dressage ,
13264,Spanish Sporthorse,Gelding,6 years,17 hh,Brown,Alcorcon,"40,000","$42,601.00 ",Jumping ,
13265,German Sport Horse,Gelding,6 years,16 hh,Brown,Eppingen,"40,000","$42,601.00 ",Jumping - Eventing - Hunter - Leisure,
13266,Other Warmbloods,Mare,7 years,16 hh,Brown,Dorsten,"4,000","$4,260.00 ",Leisure ,
13267,Welsh C (of Cob Type),Mare,4 years,"14,1 hh",Chestnut,Dorsten,"4,500","$4,793.00 ",Leisure - Breeding - Driving ,
13268,Oldenburg-International (OS),Gelding,6 years,"16,1 hh",Gray,Lohne (Oldenburg),"70,000","$74,552.00 ",Jumping - Hunter,
13269,Slovak Warmblood,Mare,6 years,"16,2 hh",Black,Destne,"15,000","$15,975.00 ",Dressage - Breeding - Leisure ,
13270,Donkey,Gelding,11 years,"10,1 hh",Brown,Linkenbach,990,"$1,054.00 ",Leisure ,
13271,American Quarter Horse,Gelding,5 years,15 hh,Palomino,Mount Vernon,N/A,"$5,000.00 ",Versatility Ranch Horse - Trail ,
13272,American Quarter Horse,Gelding,8 years,"15,1 hh",Roan-Blue,Mount Vernon,N/A,"$5,000.00 ",Versatility Ranch Horse - Trail ,
13273,American Quarter Horse,Gelding,5 years,"15,3 hh",Buckskin,Mount Vernon,N/A,"$5,000.00 ",Versatility Ranch Horse - Trail ,
13274,American Quarter Horse,Gelding,8 years,"15,1 hh",Roan-Red,Mount Vernon,N/A,"$5,000.00 ",Versatility Ranch Horse - Trail ,
13275,Appaloosa,Gelding,6 years,N/A,N/A,Mount Vernon,N/A,"$5,000.00 ",Versatility Ranch Horse - Trail ,
13276,American Quarter Horse,Gelding,6 years,"13,3 hh",Palomino,Mount Vernon,N/A,"$5,000.00 ",Versatility Ranch Horse - Trail ,
13277,Draft Horse,Gelding,5 years,15 hh,Black,Jacksboro TX,N/A,"$3,500.00 ",Trail - Versatility Ranch Horse ,
13278,American Quarter Horse,Gelding,5 years,15 hh,Black,Jacksboro Tx,N/A,"$3,500.00 ",Trail - Versatility Ranch Horse ,
13279,American Quarter Horse,Gelding,11 years,"14,2 hh",Grullo,Paicines CA,N/A,"$3,500.00 ",Trail - Versatility Ranch Horse ,
13280,Mule,Mare,11 years,N/A,N/A,Paicines CA,N/A,"$3,500.00 ",Trail - Versatility Ranch Horse ,
13281,American Quarter Horse,Mare,3 years,N/A,N/A,Sitges,"8,000","$8,520.00 ",Reining - Trail - Cowhorse - Western,
13282,Appaloosa,Gelding,14 years,"14,3 hh",Roan-Bay,Bitterwater CA,N/A,"$3,500.00 ",Trail - Versatility Ranch Horse ,
13283,American Quarter Horse,Mare,14 years,"14,3 hh",Roan-Bay,Bitterwater CA,N/A,"$3,500.00 ",Trail - Versatility Ranch Horse ,
13284,Appaloosa,Gelding,15 years,15 hh,Roan-Red,Paicines CA,N/A,"$3,500.00 ",Trail - Versatility Ranch Horse ,
13285,American Quarter Horse,Gelding,15 years,15 hh,Roan-Red,paicines CA,N/A,"$3,500.00 ",Trail - Versatility Ranch Horse ,
13286,Percheron,Gelding,7 years,N/A,N/A,"Brodhead,Ky",N/A,"$3,500.00 ",Trail - Versatility Ranch Horse ,
13287,Draft Horse,Gelding,7 years,"15,2 hh",Gray-Dapple,"Brodhead, Ky",N/A,"$3,500.00 ",Trail - Versatility Ranch Horse ,
13288,American Quarter Horse,Gelding,7 years,"15,2 hh",Gray-Dapple,"Brodhead, Ky",N/A,"$3,500.00 ",Trail - Versatility Ranch Horse ,
13289,American Quarter Horse,Gelding,9 years,"14,2 hh",Bay,El Paso TX,N/A,"$3,500.00 ",Trail - Versatility Ranch Horse ,
13290,American Quarter Horse,Gelding,7 years,"14,2 hh",Gray,"Camp Verde,, AZ",N/A,"$3,500.00 ",Trail - Versatility Ranch Horse ,
13291,Paint Horse,Gelding,13 years,"14,2 hh",Tobiano-all-colors,Camp Verde AZ,N/A,"$3,500.00 ",Trail - Versatility Ranch Horse ,
13292,American Quarter Horse,Gelding,13 years,"14,2 hh",Tobiano-all-colors,Camp Verde AZ,N/A,"$3,500.00 ",Trail - Versatility Ranch Horse ,
13293,American Quarter Horse,Gelding,12 years,"15,3 hh",Palomino,Brodhead Ky,N/A,"$3,500.00 ",Trail - Versatility Ranch Horse ,
13294,American Quarter Horse,Gelding,8 years,15 hh,Gray,Ewing KY,N/A,"$3,500.00 ",Trail - Versatility Ranch Horse ,
13295,American Quarter Horse,Mare,8 years,14 hh,Bay,"Fort Collins, CO",N/A,"$3,500.00 ",Trail - Versatility Ranch Horse ,
13296,American Quarter Horse,Gelding,9 years,"14,2 hh",Palomino,"Howell, MI",N/A,"$3,500.00 ",Trail - Versatility Ranch Horse ,
13297,Mule,Mare,7 years,"13,3 hh",White,Stephenville TX,N/A,"$3,500.00 ",Trail - Versatility Ranch Horse ,
13298,American Quarter Horse,Mare,7 years,"13,3 hh",White,Stephenville TX,N/A,"$3,500.00 ",Trail - Versatility Ranch Horse ,
13299,American Quarter Horse,Mare,15 years,"15,2 hh",Sorrel,Weatherford TX,N/A,"$3,500.00 ",Trail - Versatility Ranch Horse ,
13300,American Quarter Horse,Gelding,14 years,"15,2 hh",Chestnut,Brooksville KY,N/A,"$3,500.00 ",Trail - Versatility Ranch Horse ,
13301,American Quarter Horse,Mare,4 years,N/A,N/A,Texarkana TX,N/A,"$3,500.00 ",Trail - Versatility Ranch Horse ,
13302,American Quarter Horse,Gelding,5 years,"10,2 hh",Tobiano-all-colors,Jacksboro TX,N/A,"$3,500.00 ",Trail - Versatility Ranch Horse ,
13303,American Quarter Horse,Gelding,16 years,"14,3 hh",Chestnut,Mt Hope AL,N/A,"$3,500.00 ",Trail - Versatility Ranch Horse ,
13304,Menorquin,Stallion,1 year,"15,3 hh",Black,Menorca,"7,500","$7,988.00 ",Leisure - Working Equitation - Eventing - Dressage ,
13305,KWPN,Mare,12 years,"16,2 hh",Brown,Valkenswaard,"25,000","$26,626.00 ",Dressage,
13306,Hanoverian,Mare,1 year,"16,1 hh",Bay-Dark,Ratekau,"5,000","$5,325.00 ",Dressage - Breeding - Eventing ,
13307,Hanoverian,Mare,1 year,"16,3 hh",Smoky-Black,Ratekau,"10,000","$10,650.00 ",Dressage - Breeding - Eventing - Jumping ,
13308,Hanoverian,Mare,5 years,"16,1 hh",Brown,Garbek,"15,000","$15,975.00 ",Jumping - Breeding - Leisure ,
13309,Hanoverian,Gelding,4 years,16 hh,Brown,Garbek,"10,000","$10,650.00 ",Jumping - Leisure ,
13310,KWPN,Gelding,4 years,"16,2 hh",Brown,Békéscsaba,"15,000","$15,975.00 ",Jumping ,
13311,Murgese,Stallion,4 years,"15,1 hh",Black,Martina Franca,"6,900","$7,349.00 ",Leisure - Working Equitation - Baroque,
13312,Hanoverian,Mare,6 years,"17,1 hh",Chestnut-Red,Kutenholz,"12,000","$12,780.00 ",Dressage ,
13313,Andalusian,Stallion,4 years,16 hh,Black,Vejer de la Frontera,"15,000","$15,975.00 ",Leisure - Baroque - Dressage ,
13314,Holstein,Gelding,9 years,17 hh,Brown,Büsumer Deichhausen,"20,000","$21,301.00 ",Dressage,
13315,PRE,Mare,1 year,"15,2 hh",Brown,Courtomer,"7,000","$7,455.00 ",Breeding - Working Equitation - Show - Dressage ,
13316,PRE Mix,Stallion,9 years,16 hh,Gray,Campo Olivar,"70,000","$74,552.00 ",Dressage ,
13317,Trakehner,Gelding,4 years,"16,1 hh",Gray,Suhlendorf,"40,000","$42,601.00 ",Dressage ,
13318,Zangersheider,Mare,4 years,"16,1 hh",Bay,KRAENKA,N/A,N/A,Jumping - Eventing - Hunter ,
13319,German Sport Horse,Mare,5 years,17 hh,Smoky-Black,SaarlouisSaarlouis,N/A,N/A,Dressage ,
13320,Swedish Warmblood,Stallion,1 year,"16,2 hh",Bay-Dark,Strängnäs,"10,000","$10,650.00 ",Dressage,
13321,Lipizzaner,Mare,5 years,"15,2 hh",Gray,Trnovska vas,"14,500","$15,443.00 ",Baroque - Working Equitation - Breeding - Dressage ,
13322,Swedish Warmblood,Stallion,1 year,"16,1 hh",Bay-Dark,Strängnäs,"15,000","$15,975.00 ",Dressage,
13323,KWPN,Mare,11 years,"16,1 hh",Brown,Wijdewormer,"20,000","$21,301.00 ",Dressage,
13324,Hanoverian,Stallion,1 year,N/A,N/A,Rees,"10,000","$10,650.00 ",Dressage ,
13325,Lipizzaner,Stallion,1 year,"15,1 hh",Gray,Trnovska vas,"4,400","$4,686.00 ",Baroque - Hunting - Leisure - Dressage ,
13326,Oldenburg,Mare,11 years,"16,1 hh",Brown,Bramsche,"2,900","$3,089.00 ",Breeding - Jumping - Leisure - Dressage,
13327,Trakehner,Gelding,3 years,16 hh,Smoky-Black,Wolfhagen,N/A,N/A,Dressage - Eventing - Jumping - Leisure ,
13328,Other Warmbloods,Gelding,4 years,"15,2 hh",Black,Wellheim,N/A,N/A,Leisure - Driving - Dressage ,
13329,Westphalian,Gelding,6 years,"16,1 hh",Chestnut,Hohenfelde,N/A,N/A,Dressage - Eventing - Jumping - Leisure ,
13330,Hanoverian,Mare,6 years,"16,1 hh",Brown,Hohenfelde,"20,000","$21,301.00 ",Dressage - Vaulting - Jumping - Leisure ,
13331,Oldenburg,Mare,18 years,"16,2 hh",Brown,Bramsche,"2,500","$2,663.00 ",Breeding - Leisure - Dressage,
13332,American Miniature Horse,Gelding,12 years,N/A,N/A,Schwörstadt,"2,500","$2,663.00 ",Driving,
13333,Irish Sport Horse,Mare,6 years,"16,1 hh",Brown,Coolrain,"35,000","$37,276.00 ",Eventing - Jumping,
13334,Irish Thoroughbred,Gelding,7 years,"16,1 hh",Brown,Down,"3,250","$3,461.00 ",Jumping - Hunting - Racing horses - Leisure ,
13335,Andalusian,Mare,6 years,"15,2 hh",Gray,Adra Almeria,"5,000","$5,325.00 ",Leisure - Eventing ,
13336,Hanoverian,Mare,13 years,16 hh,Bay-Dark,Melle,"5,000","$5,325.00 ",Breeding - Leisure - Dressage,
13337,Lipizzaner,Mare,4 years,"14,3 hh",Gray,Trnovska vas,"9,500","$10,118.00 ",Baroque - Working Equitation - Breeding - Dressage ,
13338,Trakehner,Gelding,16 years,"16,2 hh",Smoky-Black,Horb am Neckar,"5,000","$5,325.00 ",Dressage - Leisure - Driving,
13339,Murgese,Stallion,3 years,16 hh,Black,Martina Franca,"8,400","$8,946.00 ",Leisure - Working Equitation - Driving,
13340,Lipizzaner,Mare,2 years,"15,2 hh",Gray,Trnovska vas,"6,600","$7,029.00 ",Baroque - Working Equitation - Breeding - Dressage ,
13341,American Quarter Horse,Gelding,11 years,15 hh,Palomino,"Ocala, FL",N/A,N/A,Trail - English Pleasure - Western - Jumping ,
13342,Draft Horse Mix,Gelding,13 years,"14,2 hh",Bay,"Fresno, OH",N/A,N/A,Trail - Show - Jumping - Leisure ,
13343,American Quarter Horse,Gelding,12 years,"15,1 hh",Palomino,"Clarion, PA",N/A,N/A,Versatility Ranch Horse - Trail - Show - Western ,
13344,American Quarter Horse,Gelding,5 years,"15,2 hh",Gray,"Shelbina, MO",N/A,N/A,Versatility Ranch Horse - Trail - Show - Western ,
13345,American Quarter Horse,Gelding,16 years,15 hh,Red Dun,"Nevis, MN",N/A,N/A,Versatility Ranch Horse - Trail - Show - Western ,
13346,American Quarter Horse,Gelding,8 years,"14,3 hh",Gray,"Carthage, TX",N/A,N/A,Versatility Ranch Horse - Trail - Show - Western ,
13347,American Quarter Horse,Gelding,13 years,"14,3 hh",Dun,"Rebersburg, PA",N/A,N/A,Versatility Ranch Horse - Trail - Show - Western ,
13348,American Quarter Horse,Gelding,5 years,"15,2 hh",Black,"Joy, IL",N/A,N/A,Versatility Ranch Horse - English Pleasure - Trail - Western ,
13349,Shire Horse,Gelding,11 years,17 hh,Bay,"Argyle, TX",N/A,N/A,Trail - English Pleasure - Show - Western ,
13350,American Quarter Horse,Gelding,5 years,"15,2 hh",Buckskin,"Clover, SC",N/A,N/A,Trail - English Pleasure - Show - Western ,
13351,American Quarter Horse,Gelding,12 years,15 hh,Buckskin,"Clarion, PA",N/A,N/A,Versatility Ranch Horse - Trail - Show - Western ,
13352,American Quarter Horse Mix,Mare,4 years,"12,3 hh",Gray-Dapple,"Reddick, FL",N/A,N/A,Trail - Show - Western - Jumping ,
13353,American Quarter Horse,Mare,4 years,15 hh,Sorrel,"Fresno, OH",N/A,N/A,Versatility Ranch Horse - Trail - Show - Western ,
13354,American Quarter Horse,Gelding,4 years,"14,2 hh",Roan-Red,"Jonestown, PA",N/A,N/A,Reining - Trail - Cutting - Cowhorse ,
13355,Friesian horses Mix,Mare,5 years,"15,3 hh",N/A,"Somerset, KY",N/A,N/A,Trail - Jumping - Driving - Dressage ,
13356,Draft Horse Mix,Gelding,13 years,16 hh,Roan-Red,"Auburn, KY",N/A,N/A,Trail - Show - Leisure ,
13357,American Quarter Horse,Gelding,6 years,"14,3 hh",Gray,"Rebersburg, PA",N/A,N/A,Versatility Ranch Horse - Trail - Show - Western ,
13358,American Quarter Horse,Gelding,5 years,"15,2 hh",Gray,"Clarion, PA",N/A,N/A,Versatility Ranch Horse - Trail - Show - Western ,
13359,American Quarter Horse,Gelding,5 years,15 hh,Black,"Whitesboro, TX",N/A,N/A,Versatility Ranch Horse - Trail - Show - Western ,
13360,American Quarter Horse,Gelding,9 years,"15,1 hh",Sorrel,"Robards, KY",N/A,N/A,Reining - Versatility Ranch Horse - Trail - Cowhorse ,
13361,Draft Horse Mix,Gelding,4 years,15 hh,N/A,"Cincinnati, IA",N/A,N/A,Trail - Show - Western - Leisure ,
13362,American Quarter Horse,Mare,6 years,"15,1 hh",Palomino,"Casa Grande, AZ",N/A,N/A,Versatility Ranch Horse - Trail - Show - Western ,
13363,American Quarter Horse,Gelding,13 years,"15,1 hh",Grullo,"Clarion, PA",N/A,N/A,Versatility Ranch Horse - Trail - Show - Western ,
13364,American Quarter Horse,Mare,5 years,"14,2 hh",Sorrel,"Decorah, IA",N/A,N/A,Versatility Ranch Horse - Trail - Show - Western ,
13365,Draft Horse Mix,Gelding,6 years,16 hh,Buckskin,"Fredericksburg, OH",N/A,N/A,Trail - English Pleasure - Show - Western ,
13366,Appaloosa,Gelding,11 years,15 hh,N/A,"Shippenville, PA",N/A,N/A,Trail - Versatility Ranch Horse - Show - Leisure ,
13367,American Quarter Horse,Mare,6 years,"14,3 hh",Buckskin,"Ocala, FL",N/A,N/A,Trail - Western - Jumping - Driving ,
13368,American Quarter Horse,Mare,18 years,"15,1 hh",Gray,"Canyon, TX",N/A,N/A,Versatility Ranch Horse - Trail - Western - Leisure ,
13369,American Quarter Horse,Gelding,3 years,"13,3 hh",Black,"Waco, TX",N/A,N/A,Reining - Versatility Ranch Horse - Trail - Western ,
13370,Quarter Pony,Gelding,8 years,14 hh,Palomino,"Cisco, TX",N/A,N/A,Trail - Versatility Ranch Horse - Western - Leisure ,
13371,Friesian horses Mix,Gelding,7 years,17 hh,Gray,"Clover, SC",N/A,N/A,Trail - English Pleasure - Western - Dressage ,
13372,American Quarter Horse,Gelding,9 years,"15,1 hh",N/A,"Robards, KY",N/A,N/A,Versatility Ranch Horse - Trail - Reining - Western ,
13373,American Quarter Horse,Gelding,6 years,"15,1 hh",Palomino,"Bernard, IA",N/A,N/A,Versatility Ranch Horse - Trail - Show - Western ,
13374,American Quarter Horse,Gelding,7 years,"15,1 hh",Sorrel,"New Ringgold, PA",N/A,N/A,Versatility Ranch Horse - Trail - Show - Western ,
13375,American Quarter Horse,Mare,4 years,"14,3 hh",Dun,"Bloomburg, TX",N/A,N/A,Versatility Ranch Horse - Trail - Cutting - Show ,
13376,Paint Horse,Gelding,11 years,13 hh,Tobiano-all-colors,"Argyle, TX",N/A,N/A,Trail - Versatility Ranch Horse - Show - Western ,
13377,American Quarter Horse,Gelding,10 years,15 hh,Gray,"Camp Verde, AZ",N/A,N/A,Versatility Ranch Horse - Trail - Show - Western ,
13378,American Quarter Horse,Gelding,6 years,"15,1 hh",Palomino,"Ponder, TX",N/A,N/A,Versatility Ranch Horse - Trail - Show - Western ,
13379,American Quarter Horse,Gelding,4 years,"14,3 hh",Sorrel,"Casa Grande, AZ",N/A,N/A,Reining - Versatility Ranch Horse - Trail - Cutting ,
13380,American Quarter Horse Mix,Gelding,6 years,"15,3 hh",Palomino,"Clover, SC",N/A,N/A,Trail - English Pleasure - Western - Dressage ,
13381,Appaloosa Mix,Gelding,4 years,"14,3 hh",N/A,"El Paso, TX",N/A,N/A,Trail - Versatility Ranch Horse - Show - Western ,
13382,American Quarter Horse,Gelding,6 years,15 hh,Buckskin,"Allenwood, PA",N/A,N/A,Versatility Ranch Horse - Trail - Show - Western ,
13383,American Quarter Horse,Gelding,9 years,16 hh,Bay,"Henderson, KY",N/A,N/A,Versatility Ranch Horse - Trail - Show - Western ,
13384,Quarter Pony,Gelding,13 years,13 hh,Chestnut,Carthage,N/A,N/A,Trail - Versatility Ranch Horse - Show - Western ,
13385,Paint Horse,Gelding,9 years,15 hh,Palomino,"Camp Verde, AZ",N/A,N/A,Trail - English Pleasure - Versatility Ranch Horse - Western ,
13386,American Quarter Horse,Gelding,4 years,14 hh,Roan-Red,"Amarillo, TX",N/A,N/A,Cutting - Versatility Ranch Horse - Trail - Western ,
13387,American Quarter Horse,Gelding,10 years,15 hh,Gray,"Clarion, PA",N/A,N/A,Versatility Ranch Horse - Trail - Show - Western ,
13388,American Quarter Horse,Gelding,10 years,15 hh,Roan-Blue,"Cave Creek, AZ",N/A,N/A,Versatility Ranch Horse - English Pleasure - Show - Western ,
13389,More ponies/small horses,Mare,1 year,N/A,N/A,"Auburn, KY",N/A,N/A,Leisure ,
13390,Donkey,Stallion,6 years,10 hh,Gray,"Rebersburg, PA",N/A,N/A,Trail - Show - Leisure - Driving ,
13391,American Quarter Horse,Gelding,6 years,15 hh,Red Dun,"Rebersburg, PA",N/A,N/A,Versatility Ranch Horse - Trail - Show - Western ,
13392,Percheron Mix,Gelding,6 years,17 hh,Roan-Blue,"Littlestown, PA",N/A,N/A,Trail - English Pleasure - Show - Western ,
13393,American Quarter Horse,Gelding,11 years,15 hh,Bay,"Rebersburg, PA",N/A,N/A,Trail - Versatility Ranch Horse - Show - Western ,
13394,American Quarter Horse,Gelding,4 years,"14,3 hh",Palomino,"Joy, IL",N/A,N/A,Versatility Ranch Horse - English Pleasure - Trail - Show ,
13395,American Quarter Horse,Gelding,7 years,"14,3 hh",Bay,"Lamar, MO",N/A,N/A,Versatility Ranch Horse - Trail - Show - Western ,
13396,Draft Horse Mix,Gelding,16 years,16 hh,N/A,"Andover, OH",N/A,N/A,Trail - English Pleasure - Show - Western ,
13397,Gypsy Horse Mix,Gelding,5 years,"13,1 hh",Palomino,"La Grange, MO",N/A,N/A,Trail - Show - Leisure ,
13398,American Quarter Horse,Gelding,16 years,15 hh,N/A,"Plano, IA",N/A,N/A,Versatility Ranch Horse - Trail - Show - Western ,
13399,More ponies/small horses,Gelding,13 years,"11,2 hh",N/A,"Elkhart, TX",N/A,N/A,Trail - Versatility Ranch Horse - Show - Leisure ,
13400,More ponies/small horses,Gelding,8 years,"9,1 hh",Buckskin,"Nevis, MN",N/A,N/A,Trail - Show - Leisure - Driving ,
13401,More ponies/small horses,Gelding,10 years,9 hh,Palomino,"Fresno, OH",N/A,N/A,Trail - Show - Leisure - Driving ,
13402,Shetland Ponies,Gelding,13 years,10 hh,Roan-Bay,"Weatherford, TX",N/A,N/A,Trail - Show - Leisure ,
13403,Gypsy Horse Mix,Gelding,11 years,"14,2 hh",N/A,"Marana, AZ",N/A,N/A,Trail - English Pleasure - Show - Western ,
13404,PRE,Stallion,3 years,"15,2 hh",Gray,/Polenz,"15,000","$15,975.00 ",Dressage - Working Equitation - Eventing - Leisure ,
13405,PRE,Mare,6 years,"15,2 hh",Pearl,Polenz,"15,000","$15,975.00 ",Leisure - Baroque - Breeding - Dressage ,
13406,PRE,Stallion,5 years,16 hh,Gray,Polenz,"20,000","$21,301.00 ",Dressage - Working Equitation - Eventing - Leisure ,
13407,PRE Mix,Stallion,3 years,"15,2 hh",Brown,Polenz,"15,000","$15,975.00 ",Dressage - Breeding - Eventing - Leisure ,
13408,Lusitano,Gelding,7 years,16 hh,Gray-Red-Tan,Montecorto,"15,000","$15,975.00 ",Dressage ,
13409,German Riding Pony,Gelding,7 years,"14,2 hh",Dun,Langwedel,"55,000","$58,576.00 ",Dressage - Jumping,
13410,Oldenburg,Mare,6 years,"16,2 hh",Bay-Dark,Altenberge,"20,000","$21,301.00 ",Dressage - Jumping ,
13411,Lusitano,Stallion,5 years,16 hh,Brown,Perlerl,"20,000","$21,301.00 ",Dressage - Working Equitation - Breeding - Leisure ,
13412,Hanoverian,Mare,6 years,16 hh,Bay-Dark,Salzhemmendorf,"15,000","$15,975.00 ",Dressage - Eventing - Jumping - Leisure ,
13413,Trakehner,Gelding,3 years,"16,2 hh",Black,Harsefeld,"9,900","$10,544.00 ",Dressage - Eventing - Leisure,
13414,KWPN,Gelding,8 years,17 hh,Black,Bad Kreuznach,N/A,N/A,Jumping ,
13415,Anglo European Studbook,Stallion,9 years,"16,2 hh",Brown,Bad Kreuznach,N/A,N/A,Jumping ,
13416,German Sport Horse,Mare,1 year,"16,2 hh",Bay-Dark,Neckargemünd,"8,500","$9,053.00 ",Dressage - Breeding - Jumping - Leisure,"Green, is allrounder, is easy to load"
13417,German Sport Horse,Stallion,1 year,"16,3 hh",Bay-Dark,Neckargemünd,"7,800","$8,307.00 ",Dressage - Breeding - Jumping - Leisure,"Green, is allrounder, is easy to load"
13418,Hanoverian,Gelding,5 years,"16,3 hh",Brown,Bad Kreuznach,N/A,N/A,Jumping - Hunter - Dressage ,
13419,Hanoverian,Gelding,5 years,"16,3 hh",Black,Rosdorf,"25,000","$26,626.00 ",Dressage ,
13420,Andalusian,Gelding,16 years,"15,2 hh",Palomino,San Ambrosio,"4,900","$5,219.00 ",Leisure - Working Equitation - Western - Dressage ,
13421,German Riding Pony,Stallion,3 years,N/A,N/A,Neustadt Dosse,N/A,N/A,Jumping - Eventing - Leisure - Dressage ,
13422,Hanoverian,Mare,1 year,N/A,N/A,Calau,"4,900","$5,219.00 ",Dressage - Breeding - Hunter - Leisure ,
13423,KWPN,Mare,10 years,"16,1 hh",Bay-Dark,Barger-Compascuum,"45,000","$47,926.00 ",Jumping ,
13424,Hanoverian,Mare,5 years,16 hh,Chestnut,Großbeeren,"22,500","$23,963.00 ",Dressage - Breeding - Leisure ,
13425,Irish Sport Horse,Mare,5 years,"15,1 hh",Brown,Lage,"2,950","$3,142.00 ",Leisure - Breeding - Jumping - Dressage,
13426,Irish Sport Horse,Gelding,4 years,16 hh,Brown,Lage,"3,500","$3,728.00 ",Dressage - Jumping - Hunter - Leisure,
13427,German Sport Horse,Mare,1 year,N/A,N/A,Schönwalde-Glien,N/A,N/A,Dressage - Breeding ,
13428,Tennessee walking horse,Gelding,3 years,15 hh,Gray,"Hustonville, KY",N/A,"$12,500.00 ",Gaited - Trail ,
13429,American Quarter Horse,Mare,11 years,16 hh,Buckskin,"Morrilton, AR",N/A,"$12,500.00 ",Trail - Versatility Ranch Horse - Western ,
13430,Lusitano,Mare,2 years,"14,3 hh",Perlino,Sevilla,"10,000","$10,650.00 ",Dressage - Show - Baroque - Leisure ,
13431,Irish Sport Horse,Mare,7 years,16 hh,Brown,Lage,"4,000","$4,260.00 ",Dressage - Breeding - Jumping - Leisure,
13432,German Sport Horse,Mare,5 years,16 hh,Bay-Dark,Kempen,"22,000","$23,431.00 ",Dressage,
13433,Lusitano,Gelding,5 years,16 hh,Gray-Red-Tan,El Gastor,"15,000","$15,975.00 ",Dressage ,
13434,Trakehner,Mare,2 years,"16,1 hh",Gray-Dark-Tan,Rohrbach,"8,800","$9,372.00 ",Eventing - Jumping - Leisure - Dressage ,
13435,Trakehner,Mare,3 years,16 hh,Brown,Päwesin,"10,000","$10,650.00 ",Dressage ,
13436,Hanoverian,Mare,4 years,16 hh,Chestnut-Red,Borstelorstel,"5,000","$5,325.00 ",Dressage ,
13437,Trakehner,Gelding,7 years,"16,3 hh",Bay-Dark,Lüneburg,"25,000","$26,626.00 ",Dressage - Eventing ,
13438,Irish Sport Horse,Gelding,5 years,"16,1 hh",Brown,Lage,"2,500","$2,663.00 ",Dressage - Hunting - Jumping,
13439,Oldenburg,Mare,14 years,"17,2 hh",Black,Zapel,"25,000","$26,626.00 ",Jumping - Breeding - Leisure,
13440,Westphalian,Mare,5 years,"16,3 hh",Bay-Dark,Röttingen,"29,500","$31,418.00 ",Dressage - Leisure - Mating,
13441,Irish Sport Horse,Gelding,5 years,16 hh,Black,Lage,"2,850","$3,035.00 ",Leisure - Jumping - Dressage,
13442,Hanoverian,Mare,4 years,"15,2 hh",Bay-Dark,Wartenberg,"15,000","$15,975.00 ",Jumping - Leisure - Dressage ,
13443,Trakehner,Mare,1 year,"16,2 hh",Chestnut-Red,Wehringen,"4,500","$4,793.00 ",Dressage - Breeding - Eventing - Jumping ,
13444,Trakehner,Stallion,1 year,N/A,N/A,Wehringen,"4,200","$4,473.00 ",Dressage - Jumping - Leisure ,
13445,German Riding Horse,Stallion,1 year,"16,1 hh",Brown,Wehringen,"4,200","$4,473.00 ",Dressage - Breeding - Eventing - Jumping ,
13446,German Riding Horse,Stallion,1 year,"16,1 hh",Brown,Wehringen,"4,200","$4,473.00 ",Dressage - Eventing - Jumping - Leisure ,
13447,German Riding Pony,Stallion,1 year,"15,2 hh",Chestnut-Red,Wehringen,"3,800","$4,047.00 ",Dressage - Eventing - Jumping - Leisure ,
13448,German Riding Pony,Stallion,2 years,"15,1 hh",Palomino,Wehringen,"6,500","$6,923.00 ",Dressage - Eventing - Jumping - Leisure ,
13449,Trakehner,Gelding,12 years,"16,1 hh",Brown,Lüneburg,"18,000","$19,170.00 ",Dressage - Eventing - Jumping - Leisure ,
13450,Hanoverian,Gelding,7 years,16 hh,Brown,Sittensen,"25,000","$26,626.00 ",Jumping ,
13451,Lipizzaner,Mare,2 years,"15,2 hh",Gray,Trnovska vas,"6,600","$7,029.00 ",Baroque - Working Equitation - Breeding - Dressage ,
13452,Other Warmbloods,Mare,5 years,"16,1 hh",Brown,Wellheim,N/A,N/A,Jumping - Leisure - Dressage ,
13453,Other Warmbloods,Gelding,6 years,"15,2 hh",N/A,Wellheim,N/A,N/A,Leisure - Jumping - Dressage ,
13454,Other Warmbloods,Gelding,6 years,"15,2 hh",N/A,Wellheim,N/A,N/A,Leisure - Jumping - Dressage ,
13455,Draft Horse Mix,Gelding,6 years,"13,1 hh",N/A,"Millersburg, OH",N/A,N/A,Trail - English Pleasure - Western - Driving ,
13456,American Quarter Horse,Gelding,10 years,"15,1 hh",Sorrel,"Caballo, NM",N/A,N/A,Versatility Ranch Horse - Trail - Cutting - Western ,
13457,American Quarter Horse,Gelding,11 years,"15,1 hh",Buckskin,"Camp Verde, AZ",N/A,N/A,Versatility Ranch Horse - Trail - Show - Western ,
13458,German Sport Horse,Gelding,6 years,"16,1 hh",Bay-Dark,Dallgow-Döberitz,"40,000","$42,601.00 ",Dressage - Jumping ,
13459,More ponies/small horses,Gelding,5 years,"13,2 hh",N/A,Deggendorf,"3,900","$4,154.00 ",Leisure ,
13460,Haflinger,Gelding,20 years,14 hh,Chestnut-Red,Mülheim an der Ruhr,"2,500","$2,663.00 ",Dressage - Western - Jumping - Leisure ,
13461,Curly horse,Mare,7 years,"14,1 hh",Tobiano-all-colors,Stenløse,"9,000","$9,585.00 ",Breeding ,
13462,Hungarian Sport Horse,Gelding,3 years,16 hh,Gray,Tass,"5,500","$5,858.00 ",Driving - Leisure ,
13463,Westphalian,Stallion,4 years,"16,2 hh",Bay-Dark,Lippetal,"35,000","$37,276.00 ",Dressage ,
13464,Austrian Warmblood,Gelding,6 years,"16,1 hh",Gray,Pelmberg,"9,500","$10,118.00 ",Dressage - Jumping - Leisure ,
13465,Hanoverian,Mare,9 years,"16,2 hh",Chestnut,Riga,"10,000","$10,650.00 ",Dressage ,
13466,KWPN,Gelding,4 years,"16,1 hh",N/A,Riga,"20,000","$21,301.00 ",Dressage ,
13467,German Sport Horse,Mare,5 years,"16,1 hh",Brown,Güssefeld,"6,000","$6,390.00 ",Jumping - Eventing,
13468,Other Warmbloods,Mare,2 years,"16,2 hh",Buckskin,Borgentreich,N/A,N/A,Jumping - Eventing - Leisure - Dressage ,
13469,PRE Mix,Stallion,6 years,"17,1 hh",Bay-Dark,HEUVELLAND,"40,000","$42,601.00 ",Dressage - Show - Breeding - Driving ,
13470,PRE,Stallion,5 years,16 hh,Gray-Dapple,HEUVELLAND,"20,000","$21,301.00 ",Baroque - Working Equitation - Breeding - Dressage ,
13471,PRE,Stallion,5 years,16 hh,Chestnut,HEUVELLAND,"20,000","$21,301.00 ",Baroque - Show - Driving - Dressage ,
13472,Heavy Warmblood,Gelding,3 years,"16,1 hh",Black,Riedlingen,N/A,N/A,Driving - Leisure ,
13473,Hanoverian,Gelding,5 years,"15,3 hh",Bay-Dark,Verden (Aller),"12,000","$12,780.00 ",Dressage - Eventing - Jumping - Hunter ,
13474,Hanoverian,Gelding,5 years,"17,1 hh",Chestnut-Red,Verden (Aller),"12,000","$12,780.00 ",Dressage - Eventing - Leisure ,
13475,Hanoverian,Gelding,5 years,16 hh,Brown,Verden (Aller),"15,000","$15,975.00 ",Jumping - Eventing - Leisure - Dressage ,
13476,PRE Mix,Stallion,4 years,17 hh,Gray-Dapple,Martfeld,"20,000","$21,301.00 ",Dressage - Show - Baroque - Leisure ,
13477,PRE Mix,Stallion,5 years,16 hh,Gray-Dapple,Martfeld,"15,000","$15,975.00 ",Dressage - Show - Baroque - Leisure ,
13478,Lipizzaner,Stallion,1 year,"15,1 hh",Gray,Trnovska vas,"4,400","$4,686.00 ",Baroque - Working Equitation - Dressage ,
13479,Trakehner,Mare,3 years,"16,1 hh",N/A,Aytos,N/A,N/A,Eventing - Endurance - Breeding - Jumping ,
13480,Trakehner,Mare,16 years,16 hh,N/A,Aytos,N/A,N/A,Breeding ,
13481,Trakehner,Mare,8 years,"15,3 hh",N/A,Aytos,N/A,N/A,Breeding - Leisure ,
13482,Trakehner,Mare,16 years,"15,3 hh",N/A,Aytos,N/A,N/A,Breeding - Leisure - Driving ,
13483,Anglo-Arab,Mare,19 years,"15,2 hh",N/A,Aytos,N/A,N/A,Breeding ,
13484,PRE Mix,Stallion,12 years,16 hh,Black,Madrid,"70,000","$74,552.00 ",Dressage ,
13485,Bavarian Warmblood,Mare,6 years,"16,2 hh",N/A,Veitsbronn,N/A,N/A,Jumping,
13486,PRE Mix,Stallion,8 years,"15,3 hh",Perlino,Sevilla,"15,000","$15,975.00 ",Dressage - Show - Baroque - Leisure ,
13487,Lusitano Mix,Stallion,6 years,16 hh,Dun,Navas Del Madroño,N/A,N/A,Eventing ,
13488,Other Breeds,Gelding,5 years,"13,1 hh",Brown,Jeżów,"4,200","$4,473.00 ",Jumping - Leisure ,
13489,Polish Halfbred,Mare,6 years,"15,3 hh",Brown,Jeżów,"7,900","$8,414.00 ",Jumping - Eventing - Dressage ,
13490,KWPN,Mare,6 years,"15,2 hh",Bay,Jeżów,"5,800","$6,177.00 ",Jumping - Leisure ,
13491,KWPN,Gelding,8 years,"16,1 hh",Chestnut-Red,Jeżów,"13,900","$14,804.00 ",Driving ,
13492,Anglo-Arab,Mare,5 years,"15,2 hh",Pinto,Sevilla,"20,000","$21,301.00 ",Dressage - Show - Leisure ,
13493,Lusitano,Stallion,2 years,"15,2 hh",Buckskin,Rio Maior,"12,500","$13,313.00 ",Dressage - Working Equitation - Show - Breeding ,
13494,PRE,Mare,9 years,16 hh,Bay-Dark,Vilanova I La Geltru,"10,000","$10,650.00 ",Leisure - Baroque - Breeding - Dressage ,
13495,Lusitano,Mare,1 year,"15,2 hh",Brown,Rio Maior,"3,500","$3,728.00 ",Dressage - Working Equitation - Show - Breeding ,
13496,Lipizzaner,Mare,10 years,15 hh,Black,Trnovska vas,"8,800","$9,372.00 ",Baroque - Leisure - Dressage ,
13497,Lusitano,Stallion,9 years,"16,1 hh",Gray,Rio Maior,"20,000","$21,301.00 ",Working Equitation - Show - Leisure - Dressage ,
13498,Lusitano,Stallion,3 years,"15,2 hh",Perlino,Rio Maior,"12,000","$12,780.00 ",Working Equitation - Show - Leisure - Dressage ,
13499,PRE Mix,Stallion,11 years,16 hh,Gray-Dapple,Martfeld,"10,000","$10,650.00 ",Dressage - Show - Baroque - Leisure ,
13500,KWPN,Mare,15 years,16 hh,Bay-Dark,Laxenburg,"170,000","$181,054.00 ",Dressage,
13501,Lipizzaner,Gelding,5 years,"15,2 hh",Gray,Ljubljana,"11,500","$12,248.00 ",Baroque - Equitation Portugesa - Driving - Dressage ,
13502,KWPN,Mare,16 years,16 hh,Chestnut-Red,IJhorst,"15,000","$15,975.00 ",Breeding - Jumping,
13503,Lipizzaner,Gelding,5 years,16 hh,Gray,Nürnberg,"10,500","$11,183.00 ",Leisure - Hunting - Western - Driving,
13504,Oldenburg,Mare,4 years,"16,1 hh",Chestnut-Red,Tespe,"11,000","$11,715.00 ",Dressage - Breeding - Leisure ,
13505,Arabian horses,Gelding,2 years,"15,2 hh",Black,Peißenberg,"4,500","$4,793.00 ",Endurance - Show,
13506,German Riding Pony,Gelding,3 years,"14,1 hh",N/A,Bedburg,"15,000","$15,975.00 ",Dressage ,
13507,German Riding Pony,Stallion,3 years,"14,1 hh",Cremello,Bedburg,"15,000","$15,975.00 ",Dressage - Breeding ,
13508,Hanoverian,Gelding,4 years,"16,2 hh",Brown,PerlPerl,"40,000","$42,601.00 ",Dressage - Eventing - Jumping - Leisure ,
13509,German Riding Pony,Stallion,3 years,"14,1 hh",Dun,Bedburg,"20,000","$21,301.00 ",Dressage - Breeding ,
13510,Oldenburg,Gelding,7 years,"15,3 hh",Chestnut-Red,Pelmberg,"9,800","$10,437.00 ",Jumping - Leisure - Dressage ,
13511,Hungarian Sport Horse,Gelding,11 years,16 hh,Black,Einbeck,"7,200","$7,668.00 ",Leisure ,
13512,Lusitano,Stallion,6 years,"15,3 hh",Gray,Navas Del Madroño,N/A,N/A,Eventing ,
13513,PRE,Stallion,5 years,"15,1 hh",Brown,Vejer de la Frontera,"10,000","$10,650.00 ",Leisure - Working Equitation - Baroque ,
13514,Andalusian,Stallion,9 years,"15,2 hh",Black,Vejer de la Frontera,"15,000","$15,975.00 ",Leisure - Baroque - Dressage ,
13515,German Sport Horse,Gelding,3 years,16 hh,Smoky-Black,Solnhofen,"7,900","$8,414.00 ",Dressage,
13516,Hanoverian,Gelding,5 years,"16,2 hh",Brown,Kutenholz,"22,000","$23,431.00 ",Dressage ,
13517,Other Warmbloods,Mare,5 years,"15,2 hh",Gray-Dapple,Wartenberg,"15,000","$15,975.00 ",Dressage - Leisure ,
13518,Other Warmbloods,Mare,5 years,"15,2 hh",Gray-Dapple,Wartenberg,"15,000","$15,975.00 ",Dressage - Leisure ,
13519,Welsh C (of Cob Type),Gelding,8 years,"13,1 hh",Palomino,Wartenberg,"21,000","$22,366.00 ",Dressage - Jumping ,
13520,Trakehner,Gelding,20 years,16 hh,Brown,Wartenberg,"22,000","$23,431.00 ",Dressage - Jumping ,
13521,Hanoverian,Mare,17 years,"16,1 hh",Smoky-Black,Wartenberg,"22,000","$23,431.00 ",Dressage ,
13522,Trakehner,Gelding,8 years,"16,3 hh",Brown,Wartenberg,"15,000","$15,975.00 ",Eventing - Jumping - Leisure - Dressage ,
13523,Oldenburg,Stallion,7 years,"17,1 hh",Bay-Dark,Stuhr,"40,000","$42,601.00 ",Dressage - Hunter,
13524,Mule,Gelding,9 years,"14,2 hh",Buckskin,Neustadt (Wied),"7,900","$8,414.00 ",Leisure - Western - Driving - Dressage ,
13525,KWPN,Gelding,5 years,16 hh,Bay-Dark,Neustadt (Wied),"14,900","$15,869.00 ",Dressage - Working Equitation - Leisure ,
13526,Austrian Warmblood,Gelding,4 years,"16,2 hh",Smoky-Black,Garsten,"32,000","$34,081.00 ",Dressage ,
13527,Westphalian,Gelding,5 years,"16,1 hh",Gray,Bad Honnef,"17,500","$18,638.00 ",Jumping - Dressage,
13528,Arabian horses,Mare,3 years,"14,2 hh",Brown,Hinterstoder,"6,500","$6,923.00 ",Breeding - Endurance - Western - Leisure,
13529,Straight Egyptian,Mare,15 years,"14,2 hh",Chestnut,TambergauHinterstoder,"6,500","$6,923.00 ",Breeding - Show,
13530,German Riding Horse,Mare,1 year,N/A,N/A,Löningen,"1,234","$1,314.00 ",Dressage - Breeding,
13531,PRE Mix,Mare,12 years,"15,3 hh",Black,Valencia,"15,000","$15,975.00 ",Breeding - Baroque - Dressage ,
13532,PRE Mix,Gelding,2 years,"15,2 hh",Brown,WarendorfWarendorf,"6,000","$6,390.00 ",Dressage - Doma Vaquera - Baroque - Leisure,
13533,American Quarter Horse,Gelding,8 years,15 hh,Sorrel,"Nevis, MN",N/A,N/A,Versatility Ranch Horse - Trail - Reining - Show ,
13534,More ponies/small horses,Mare,5 years,"9,1 hh",Dun,"Nevis, MN",N/A,N/A,Trail - Show - Leisure - Driving ,
13535,American Quarter Horse,Gelding,7 years,"15,2 hh",Sorrel,"Nevis, MN",N/A,N/A,Versatility Ranch Horse - Trail - Show - Western ,
13536,Quarter Pony,Gelding,14 years,12 hh,Palomino,"Nevis, MN",N/A,N/A,Trail - Show - Western - Leisure ,
13537,American Quarter Horse,Gelding,9 years,"15,2 hh",Gray,"Nevis, MN",N/A,N/A,Versatility Ranch Horse - Trail - Show - Western ,
13538,Gypsy Horse,Gelding,5 years,"14,1 hh",N/A,"Nevis, MN",N/A,N/A,Trail - Show - Leisure - Driving ,
13539,More ponies/small horses,Mare,7 years,7 hh,N/A,"Nevis, MN",N/A,N/A,Leisure - Trail - Show ,
13540,Quarter Pony,Gelding,12 years,12 hh,N/A,"Nevis, MN",N/A,N/A,Trail - Versatility Ranch Horse - Show - Leisure ,
13541,Percheron Mix,Gelding,6 years,16 hh,Black,"Nevis, MN",N/A,N/A,Trail - English Pleasure - Western - Driving ,
13542,Friesian horses Mix,Mare,5 years,17 hh,N/A,"Nevis, MN",N/A,N/A,Trail - Show - Driving - Dressage ,
13543,Draft Horse Mix,Gelding,7 years,"16,2 hh",Gray,"Nevis, MN",N/A,N/A,Trail - Show - Leisure - Driving ,
13544,American Quarter Horse,Gelding,7 years,15 hh,Bay,"Nevis, MN",N/A,N/A,Reining - Versatility Ranch Horse - Trail - Show ,
13545,American Quarter Horse,Gelding,8 years,"14,3 hh",Grullo,"Nevis, MN",N/A,N/A,Versatility Ranch Horse - Trail - Show - Western ,
13546,American Quarter Horse,Gelding,7 years,"14,1 hh",Sorrel,"Nevis, MN",N/A,N/A,Versatility Ranch Horse - Trail - Show - Western ,
13547,PRE Mix,Stallion,3 years,"15,1 hh",Champagne,Rafelguaraf,"9,000","$9,585.00 ",Baroque - Working Equitation - Breeding - Leisure ,
13548,Oldenburg-International (OS),Mare,4 years,16 hh,Brown,Borgentreich,"15,000","$15,975.00 ",Jumping,
13549,Oldenburg,Stallion,3 years,"15,2 hh",Chestnut-Red,Oosterhout,"15,000","$15,975.00 ",Dressage ,
13550,Lusitano,Stallion,4 years,N/A,N/A,Martfeld,"20,000","$21,301.00 ",Baroque - Show - Leisure - Dressage ,
13551,Welsh A (Mountain Pony),Mare,8 years,"11,2 hh",Dun,Wildeshausen,N/A,N/A,Leisure - Jumping - Dressage ,
13552,Belgian Warmblood,Mare,4 years,17 hh,Brown,Üllő,"20,000","$21,301.00 ",Jumping - Breeding - Dressage ,
13553,Oldenburg,Gelding,5 years,"16,1 hh",Brown,Eggelsberg,"20,000","$21,301.00 ",Dressage - Jumping - Leisure ,
13554,American Quarter Horse,Gelding,7 years,"15,3 hh",Bay,Fredricksburg TX,N/A,"$3,500.00 ",Trail - Versatility Ranch Horse ,
13555,American Quarter Horse,Gelding,12 years,"15,3 hh",Black,Bitterwater CA,N/A,"$3,500.00 ",Trail - Versatility Ranch Horse ,
13556,American Quarter Horse,Gelding,13 years,15 hh,Palomino,Paicines CA,N/A,"$3,500.00 ",Trail ,
13557,Paint Horse,Gelding,8 years,15 hh,Palomino,Camp Verde AZ,N/A,"$3,500.00 ",Trail - Versatility Ranch Horse ,
13558,American Quarter Horse,Gelding,8 years,15 hh,Palomino,Camp Verde AZ,N/A,"$3,500.00 ",Trail - Versatility Ranch Horse ,
13559,Percheron,Gelding,5 years,N/A,N/A,Jacksboro TX,N/A,"$3,500.00 ",Trail - Versatility Ranch Horse ,
13560,American Quarter Horse,Gelding,8 years,15 hh,Buckskin,Weatherford TX,N/A,"$3,500.00 ",Trail - Versatility Ranch Horse ,
13561,American Quarter Horse,Gelding,12 years,"14,3 hh",Chestnut,Stephenville TX,N/A,"$3,500.00 ",Trail - Versatility Ranch Horse ,
13562,American Quarter Horse,Gelding,10 years,N/A,N/A,Mountain Grove Mo,N/A,"$3,499.00 ",Trail - Versatility Ranch Horse ,
13563,Paint Horse,Gelding,15 years,N/A,N/A,Camp Verde AZ,N/A,"$3,500.00 ",Trail - Versatility Ranch Horse ,
13564,American Quarter Horse,Gelding,15 years,"15,1 hh",Bay,Camp Verde AZ,N/A,"$3,500.00 ",Trail - Versatility Ranch Horse ,
13565,American Quarter Horse,Gelding,8 years,N/A,N/A,Texarkana Tx,N/A,"$3,500.00 ",Trail - Versatility Ranch Horse ,
13566,American Quarter Horse,Gelding,15 years,15 hh,Bay,Howell,N/A,"$3,500.00 ",Trail - Versatility Ranch Horse ,
13567,American Quarter Horse,Gelding,15 years,"14,3 hh",Buckskin,rineyville Ky,N/A,"$3,500.00 ",Trail - Versatility Ranch Horse ,
13568,Paint Horse,Gelding,15 years,"14,3 hh",Buckskin,Rineyville Ky,N/A,"$3,500.00 ",Trail - Versatility Ranch Horse ,
13569,American Quarter Horse,Mare,11 years,"14,2 hh",Buckskin,Rineyville KY,N/A,"$3,500.00 ",Trail - Versatility Ranch Horse ,
13570,Paint Horse,Gelding,10 years,"15,2 hh",Tobiano-all-colors,Terrell TX,N/A,"$3,500.00 ",Trail - Versatility Ranch Horse ,
13571,American Quarter Horse,Gelding,10 years,"15,2 hh",Tobiano-all-colors,Terrell TX,N/A,"$3,500.00 ",Trail - Versatility Ranch Horse ,
13572,Pony of the Americas,Gelding,11 years,14 hh,Gray,Texarkana TX,N/A,"$3,500.00 ",Trail - Versatility Ranch Horse ,
13573,Draft Horse,Gelding,12 years,"16,1 hh",Palomino,"Parkers Lake, KY",N/A,"$3,500.00 ",Trail - Versatility Ranch Horse ,
13574,Kentucky Mountain Saddle Horse,Gelding,12 years,"16,1 hh",Palomino,Parkers Lake KY,N/A,"$3,500.00 ",Trail - Versatility Ranch Horse ,
13575,Tennessee walking horse,Gelding,12 years,"16,1 hh",Palomino,Parkers Lake KY,N/A,"$3,500.00 ",Trail - Versatility Ranch Horse ,
13576,KWPN,Mare,5 years,16 hh,Chestnut-Red,MichelbekeBrakel,"15,500","$16,508.00 ",Dressage,
13577,PRE Mix,Stallion,5 years,"16,2 hh",Brown,Navas Del Madroño,N/A,N/A,Eventing ,
13578,Oldenburg,Mare,8 years,16 hh,Smoky-Black,Radeburg,"15,000","$15,975.00 ",Breeding - Leisure - Dressage ,
13579,Swiss Warmblood,Gelding,7 years,"17,2 hh",Bay-Dark,Weisslingen,"40,000","$42,601.00 ",Dressage ,
13580,Friesian horses,Stallion,4 years,"16,1 hh",Black,Ochtendung,N/A,N/A,Dressage - Leisure - Driving ,
13581,PRE Mix,Stallion,6 years,16 hh,Gray,Navas Del Madroño,"70,000","$74,552.00 ",Eventing ,
13582,Oldenburg-International (OS),Mare,8 years,"16,1 hh",Brown,Groß Roge,"50,000","$53,251.00 ",Jumping - Breeding - Eventing - Hunter,
13583,Welsh B,Gelding,5 years,"12,2 hh",Gray,Loiching,"7,500","$7,988.00 ",Leisure ,
13584,German Sport Horse,Gelding,5 years,"16,1 hh",Chestnut-Red,Allershausen,N/A,N/A,Dressage ,
13585,German Sport Horse,Mare,5 years,17 hh,Brown,Allershausen,N/A,N/A,Dressage ,
13586,German Sport Horse,Gelding,6 years,"16,2 hh",Bay-Dark,Allershausen,N/A,N/A,Dressage ,
13587,German Sport Horse,Mare,8 years,"16,1 hh",Bay-Dark,Allershausen,N/A,N/A,Dressage ,
13588,Oldenburg,Gelding,9 years,"16,2 hh",Chestnut-Red,Allershausen,N/A,N/A,Dressage ,
13589,German Riding Pony,Gelding,4 years,"14,1 hh",Brown,Loiching,N/A,N/A,Dressage ,
13590,German Riding Pony,Mare,5 years,"14,1 hh",Brown,Allershausen,N/A,N/A,Dressage - Jumping ,
13591,German Riding Pony,Gelding,6 years,"14,1 hh",Chestnut-Red,Allershausen,N/A,N/A,Dressage - Jumping ,
13592,Czech Warmblood,Mare,7 years,"16,1 hh",Palomino,Allershausen,N/A,N/A,Dressage - Jumping ,
13593,German Sport Horse,Gelding,11 years,"16,2 hh",Brown,Allershausen,N/A,N/A,Jumping ,
13594,Belgian Warmblood,Gelding,10 years,"16,1 hh",Chestnut-Red,Loiching,N/A,N/A,Jumping ,
13595,Czech Warmblood,Mare,8 years,"16,2 hh",Brown,Loiching,N/A,N/A,Jumping ,
13596,German Sport Horse,Mare,8 years,"16,2 hh",Gray,Loiching,N/A,N/A,Jumping ,
13597,German Sport Horse,Mare,7 years,"16,1 hh",Brown,Allershausen,N/A,N/A,Jumping ,
13598,Icelandic Horse,Gelding,6 years,"13,1 hh",Dun,Fronreute,"11,000","$11,715.00 ",Gaited - Leisure ,
13599,Icelandic Horse,Gelding,3 years,"13,2 hh",Black,Fronreute,"8,000","$8,520.00 ",Gaited - Leisure ,
13600,Icelandic Horse,Stallion,2 years,"14,1 hh",Pinto,Fronreute,"8,000","$8,520.00 ",Gaited - Breeding - Leisure ,
13601,Icelandic Horse,Mare,4 years,"13,1 hh",Black,Fronreute,"6,000","$6,390.00 ",Gaited - Breeding - Leisure ,
13602,Icelandic Horse,Gelding,3 years,"13,2 hh",Dun,Fronreute,"8,000","$8,520.00 ",Gaited - Leisure ,
13603,Icelandic Horse,Mare,4 years,"13,2 hh",Dun,Fronreute,"8,000","$8,520.00 ",Gaited - Breeding - Leisure ,
13604,Menorquin,Mare,1 year,"15,2 hh",Black,Menorca,N/A,N/A,Dressage - Breeding - Eventing - Leisure ,
13605,German Sport Horse,Gelding,7 years,16 hh,Brown,Loiching,N/A,N/A,Jumping ,
13606,KWPN,Gelding,7 years,"16,1 hh",Pinto,Loiching,N/A,N/A,Jumping ,
13607,Hanoverian,Gelding,6 years,17 hh,Chestnut,Allershausen,N/A,N/A,Jumping ,
13608,Anglo European Studbook,Mare,6 years,"16,1 hh",Gray,Loiching,N/A,N/A,Jumping ,
13609,Hanoverian,Mare,6 years,"16,1 hh",Brown,Loiching,N/A,N/A,Jumping ,
13610,Oldenburg-International (OS),Gelding,5 years,16 hh,Chestnut-Red,Loiching,N/A,N/A,Jumping ,
13611,Austrian Warmblood,Gelding,5 years,"16,1 hh",Brown,Loiching,N/A,N/A,Jumping ,
13612,Austrian Warmblood,Mare,5 years,"16,2 hh",Brown,Loiching,N/A,N/A,Jumping ,
13613,Austrian Warmblood,Gelding,5 years,16 hh,Chestnut-Red,Loiching,N/A,N/A,Jumping ,
13614,Hanoverian,Mare,2 years,N/A,N/A,Rees,"10,000","$10,650.00 ",Dressage - Breeding - Leisure ,
13615,German Sport Horse,Gelding,9 years,"17,1 hh",Chestnut-Red,Haarbach,"70,000","$74,552.00 ",Jumping ,
13616,German Riding Pony,Stallion,4 years,"14,1 hh",Chestnut-Red,Paderborn,N/A,N/A,Dressage - Breeding - Jumping - Hunter ,
13617,PRE,Stallion,3 years,"15,1 hh",Sorrel,Vilanova I La Geltru,"10,000","$10,650.00 ",Gaited - Leisure - Dressage ,
13618,More ponies/small horses,Gelding,6 years,"13,1 hh",N/A,Dorsten,"3,000","$3,195.00 ",Driving - Leisure ,
13619,Friesian horses,Mare,6 years,"16,2 hh",Black,Ochtendung,N/A,N/A,Dressage - Baroque - Leisure ,
13620,PRE,Stallion,1 year,"13,2 hh",Bay-Dark,Provinz Malaga,"5,000","$5,325.00 ",Dressage - Working Equitation - Eventing - Leisure ,
13621,PRE,Mare,1 year,"14,1 hh",Chestnut,Provinz Malaga,"5,000","$5,325.00 ",Dressage - Working Equitation - Breeding - Leisure ,
13622,Lusitano,Gelding,8 years,16 hh,Gray,Montecorto,"40,000","$42,601.00 ",Dressage ,
13623,German Sport Horse,Mare,4 years,"16,2 hh",Pinto,Hoort,"13,500","$14,378.00 ",Eventing - Western - Leisure - Dressage,
13624,Oldenburg-International (OS),Gelding,5 years,"17,2 hh",Brown,Groß Roge,"15,000","$15,975.00 ",Jumping - Eventing - Hunter - Leisure,
13625,Westphalian,Mare,6 years,"16,3 hh",Bay-Dark,Selm,"15,000","$15,975.00 ",Dressage - Breeding ,
13626,Westphalian,Mare,5 years,"16,2 hh",Brown,Selm,"15,000","$15,975.00 ",Breeding - Jumping ,
13627,Westphalian,Stallion,3 years,N/A,N/A,Selm,"12,000","$12,780.00 ",Jumping ,
13628,Irish Sport Horse,Mare,10 years,16 hh,Brown,Lage,"1,450","$1,544.00 ",Leisure - Breeding,
13629,Icelandic Horse,Gelding,10 years,"13,2 hh",Dun,Rosenberg,"15,000","$15,975.00 ",Gaited - Show - Dressage ,
13630,American Quarter Horse,Gelding,10 years,"14,2 hh",Palomino,"Elkton, KY",N/A,N/A,Trail - English Pleasure - Versatility Ranch Horse - Western ,
13631,PRE Mix,Stallion,3 years,"15,2 hh",Buckskin,Ammerang,"20,000","$21,301.00 ",Dressage - Show - Breeding,
13632,Connemara,Mare,4 years,"14,1 hh",Cremello,Lisberg,"10,900","$11,609.00 ",Dressage - Show - Baroque - Western ,
13633,German Riding Pony,Stallion,3 years,"14,1 hh",Dun,Paderborn,N/A,N/A,Dressage - Breeding - Jumping - Hunter ,
13634,Oldenburg-International (OS),Stallion,1 year,N/A,N/A,Pfalzgrafenweiler,"15,000","$15,975.00 ",Jumping - Breeding ,
13635,Oldenburg-International (OS),Mare,1 year,N/A,N/A,Pfalzgrafenweiler,"10,000","$10,650.00 ",Jumping - Breeding ,
13636,Oldenburg-International (OS),Mare,7 years,"16,1 hh",Chestnut,Altenberge,"18,000","$19,170.00 ",Dressage - Jumping ,
13637,Missouri Foxtrotter,Gelding,10 years,16 hh,Sorrel,"Kentwood, LA",N/A,"$15,000.00 ",Trail - Western allround ,
13638,Hanoverian,Gelding,8 years,17 hh,Gray,Ljubljana,"70,000","$74,552.00 ",Jumping,
13639,Oldenburg,Mare,6 years,16 hh,Brown,Münchendorf,"20,000","$21,301.00 ",Jumping - Leisure - Dressage,
13640,German Riding Horse,Mare,10 years,"16,1 hh",Brown,Beverungen,"6,500","$6,923.00 ",Breeding,
13641,Haflinger,Mare,13 years,"14,2 hh",Chestnut-Red,Kirchbichl,"13,500","$14,378.00 ",Dressage - Western - Jumping - Leisure ,
13642,Hungarian Sport Horse,Mare,8 years,"14,1 hh",Gray-Fleabitten,Lage,"2,850","$3,035.00 ",Leisure,
13643,Hanoverian,Mare,10 years,"16,1 hh",Smoky-Black,Rehburg-Loccum Münchehagen,"6,000","$6,390.00 ",Breeding ,
13644,German Sport Horse,Gelding,4 years,"16,2 hh",Chestnut-Red,München,"20,000","$21,301.00 ",Dressage - Jumping,
13645,Welsh D (Cob),Gelding,5 years,N/A,N/A,Hilvarenbeek,"14,000","$14,910.00 ",Dressage,
13646,Icelandic Horse,Gelding,9 years,"14,1 hh",Black,Lochen am See,"15,000","$15,975.00 ",Gaited - Show - Leisure - Dressage ,
13647,KWPN,Mare,3 years,"15,2 hh",Bay-Dark,Surhuizum,"15,000","$15,975.00 ",Dressage,
13648,German Sport Horse,Mare,4 years,16 hh,Brown,Schwäbisch Gmünd,"40,000","$42,601.00 ",Dressage - Jumping,
13649,Arabian horses,Gelding,4 years,15 hh,Gray,Hürm,"10,000","$10,650.00 ",Dressage - Show - Western - Leisure,
13650,PRE Mix,Stallion,9 years,"15,3 hh",Gray,Navas Del Madroño,"40,000","$42,601.00 ",Eventing ,
13651,Lusitano,Stallion,6 years,"15,2 hh",Gray,Navas Del Madroño,N/A,N/A,Eventing ,
13652,German Sport Horse,Mare,7 years,17 hh,Brown,Göppingen,"20,000","$21,301.00 ",Jumping - Leisure - Dressage,
13653,PRE Mix,Stallion,14 years,"16,2 hh",Gray-Dapple,Martfeld,"10,000","$10,650.00 ",Dressage - Show - Baroque - Leisure ,
13654,Heavy Warmblood,Gelding,4 years,"16,2 hh",Black,Riedlingen,N/A,N/A,Driving - Leisure ,
13655,Westphalian,Mare,1 year,N/A,N/A,Selm,"5,500","$5,858.00 ",Dressage ,
13656,Oldenburg-International (OS),Mare,2 years,"16,2 hh",Brown,Papenhagen,"9,500","$10,118.00 ",Jumping - Breeding - Leisure - Dressage ,
13657,Polish Warmblood,Mare,5 years,16 hh,Brown,Papenhagen,"12,000","$12,780.00 ",Breeding - Jumping - Leisure ,
13658,Polish Warmblood,Gelding,7 years,"16,1 hh",Brown,Papenhagen,"16,000","$17,040.00 ",Jumping - Leisure - Dressage ,
13659,German Riding Pony,Mare,3 years,"14,3 hh",Chestnut-Red,Brummen,"10,000","$10,650.00 ",Dressage,
13660,Oldenburg,Mare,7 years,"16,3 hh",Bay-Dark,Hürtgenwald,"70,000","$74,552.00 ",Dressage - Breeding - Eventing - Leisure,
13661,Andalusian,Stallion,4 years,"15,2 hh",Brown,Menorca,"5,500","$5,858.00 ",Leisure - Working Equitation - Eventing - Driving ,
13662,KWPN,Mare,8 years,"16,3 hh",Brown,Gadow,"25,000","$26,626.00 ",Jumping - Breeding - Eventing ,
13663,Holstein,Gelding,12 years,"17,1 hh",Gray,Lübeck,"24,000","$25,561.00 ",Jumping,
13664,Oldenburg,Gelding,3 years,"16,3 hh",Bay-Dark,Lindern (Oldenburg),N/A,N/A,Dressage - Eventing - Jumping - Leisure ,
13665,KWPN,Gelding,5 years,"17,1 hh",Bay-Dark,Paupis,N/A,N/A,Dressage ,
13666,Other Breeds,Mare,7 years,17 hh,Bay,Paupis,N/A,N/A,Jumping ,
13667,PRE Mix,Stallion,6 years,"16,1 hh",Brown,Martfeld,"11,500","$12,248.00 ",Baroque - Working Equitation - Leisure - Dressage ,
13668,PRE Mix,Stallion,8 years,"16,1 hh",Bay-Dark,Martfeld,"15,000","$15,975.00 ",Dressage - Show - Baroque - Leisure ,
13669,Freiberger,Gelding,4 years,"14,3 hh",Brown,Rümmingen,N/A,N/A,Leisure - Driving ,
13670,Lusitano,Gelding,6 years,16 hh,Black,"Mezio, Viseu","40,000","$42,601.00 ",Dressage,
13671,Holstein,Mare,7 years,"16,2 hh",Gray,Woltersdorf,"40,000","$42,601.00 ",Jumping ,
13672,PRE Mix,Stallion,2 years,"15,1 hh",Perlino,Galaroza,"10,000","$10,650.00 ",Leisure ,
13673,Oldenburg,Stallion,3 years,"16,2 hh",Bay-Dark,Meckenheim,"40,000","$42,601.00 ",Dressage ,
13674,Friesian horses,Gelding,5 years,15 hh,Brown,Los Angeles,N/A,"$2,000.00 ",Racing horses - English Pleasure ,
13675,Friesian horses,Gelding,6 years,N/A,N/A,Los Angeles,N/A,"$2,000.00 ",Racing horses ,
13676,Appaloosa Mix,Mare,2 years,"15,1 hh",Leopard-Piebald,Alcoi/Alcoy,"5,000","$5,325.00 ",Doma Vaquera - English Pleasure - Working Equitation ,
13677,PRE Mix,Mare,14 years,16 hh,Buckskin,Alcoi/Alcoy,"10,000","$10,650.00 ",Breeding - Working Equitation - Baroque ,
13678,Appaloosa Mix,Mare,2 years,"15,2 hh",Chestnut-Red,Alcoi/Alcoy,"5,000","$5,325.00 ",Doma Vaquera - Working Equitation - Leisure ,
13679,Arabian horses,Mare,2 years,N/A,N/A,Reichraming,"5,000","$5,325.00 ",Breeding - Show - Western - Leisure,
13680,PRE,Mare,4 years,N/A,N/A,Tarifa,"15,000","$15,975.00 ",Dressage - Gaited - Baroque - Breeding ,
13681,Lusitano,Stallion,2 years,N/A,N/A,Tarifa,"10,000","$10,650.00 ",Dressage - Baroque ,
13682,PRE,Stallion,11 years,"16,1 hh",Gray,Tarifa,"19,000","$20,235.00 ",Dressage - Gaited - Baroque - Leisure ,
13683,German Riding Pony,Gelding,3 years,"14,3 hh",Palomino,Fürstenau,"9,500","$10,118.00 ",Dressage - Leisure ,
13684,German Riding Pony,Gelding,14 years,"14,1 hh",Bay-Dark,Fürstenau,"1,500","$1,598.00 ",Leisure ,
13685,Lusitano,Gelding,4 years,"15,2 hh",Buckskin,Rio Maior,"20,000","$21,301.00 ",Working Equitation - Show - Leisure - Dressage ,
13686,Shetland Ponies,Stallion,3 years,"9,2 hh",Black,Vrees,N/A,N/A,Leisure - Driving,
13687,Haflinger,Stallion,1 year,"14,2 hh",N/A,Suhlendorf,"3,000","$3,195.00 ",Dressage - Jumping - Driving ,
13688,PRE Mix,Stallion,3 years,16 hh,Gray,Sevilla,"10,000","$10,650.00 ",Dressage ,
13689,Holstein,Mare,9 years,17 hh,Gray,Mildstedt,"5,800","$6,177.00 ",Breeding - Leisure ,
13690,German Sport Horse,Stallion,1 year,17 hh,Brown,Kalbe/Milde,"6,000","$6,390.00 ",Jumping - Dressage,
13691,Oldenburg,Stallion,3 years,"16,2 hh",Chestnut-Red,Meckenheim,"40,000","$42,601.00 ",Dressage ,
13692,Oldenburg,Mare,5 years,"16,1 hh",Brown,Röttingen,"45,000","$47,926.00 ",Dressage - Leisure,
13693,More ponies/small horses,Mare,10 years,14 hh,Chestnut-Red,Kirchbichl,"6,900","$7,349.00 ",Jumping - Eventing - Leisure - Dressage ,
13694,Friesian horses,Gelding,7 years,15 hh,Black,Mount Vernon,N/A,"$17,500.00 ",Versatility Ranch Horse - Trail ,
13695,Gypsy Horse,Gelding,7 years,15 hh,Black,Mount Vernon,N/A,"$17,500.00 ",Versatility Ranch Horse - Trail ,
13696,Percheron,Gelding,10 years,16 hh,Gray,Mount Vernon,N/A,"$20,000.00 ",Versatility Ranch Horse - Trail ,
13697,American Quarter Horse,Gelding,10 years,16 hh,Gray,Mount Vernon,N/A,"$20,000.00 ",Versatility Ranch Horse - Trail ,
13698,Appaloosa,Gelding,7 years,"16,2 hh",Sorrel,Mount Vernon,N/A,"$20,000.00 ",Versatility Ranch Horse - Trail ,
13699,Draft Horse,Gelding,7 years,"16,2 hh",Sorrel,Mount Vernon,N/A,"$20,000.00 ",Versatility Ranch Horse - Trail ,
13700,American Quarter Horse,Gelding,7 years,"16,2 hh",Sorrel,Mount Vernon,N/A,"$20,000.00 ",Versatility Ranch Horse - Trail ,
13701,Fell pony,Mare,11 years,"14,1 hh",Black,Santok,"10,000","$10,650.00 ",Leisure - Trail - Driving - Dressage ,
13702,Fjord Horses,Gelding,6 years,"15,1 hh",Buckskin,Mount Vernon,N/A,"$22,500.00 ",Versatility Ranch Horse - Trail ,
13703,American Quarter Horse,Gelding,6 years,N/A,N/A,Mount Vernon,N/A,"$22,500.00 ",Versatility Ranch Horse - Trail ,
13704,Draft Horse,Gelding,7 years,"15,2 hh",Chestnut,Mount Vernon,N/A,"$27,500.00 ",Versatility Ranch Horse - Trail ,
13705,Gypsy Horse,Gelding,7 years,N/A,N/A,Mount Vernon,N/A,"$27,500.00 ",Versatility Ranch Horse - Trail ,
13706,Zangersheider,Gelding,4 years,N/A,N/A,Zagreb,N/A,"$25,000.00 ",Jumping - Dressage,
13707,Austrian Warmblood,Stallion,5 years,"16,3 hh",Gray,Stadl-Paura,N/A,N/A,Jumping - Breeding - Eventing ,
13708,PRE,Mare,6 years,16 hh,Gray,Ramona,N/A,"$25,000.00 ",Gaited - Show ,
13709,PRE,Mare,2 years,"14,3 hh",Dun,Malaga,"5,500","$5,858.00 ",Gaited - Working Equitation - Driving - Dressage ,
13710,Icelandic Horse,Gelding,9 years,"13,3 hh",Bay-Dark,Hermannsburg,"11,000","$11,715.00 ",Gaited ,
13711,Icelandic Horse,Mare,1 year,N/A,N/A,Hermannsburg,"3,900","$4,154.00 ",Gaited ,
13712,Icelandic Horse,Gelding,15 years,"13,2 hh",Pinto,SoltauSoltau,"17,000","$18,105.00 ",Gaited - Leisure ,
13713,KWPN,Gelding,4 years,"16,2 hh",Gray,Békéscsaba,"8,000","$8,520.00 ",Jumping ,
13714,Welsh PB (Partbred),Gelding,9 years,"12,2 hh",Chestnut,Pápa,"2,500","$2,663.00 ",Driving - Leisure ,
13715,Welsh PB (Partbred) Mix,Mare,13 years,"12,2 hh",Chestnut,Pápa,"2,000","$2,130.00 ",Driving - Leisure ,
13716,Mecklenburg Warmblood,Stallion,3 years,N/A,N/A,Siedenbrünzow,"15,000","$15,975.00 ",Dressage - Leisure ,
13717,Anglo-Arab,Gelding,7 years,16 hh,Pinto,Bad Oldesloe,"15,000","$15,975.00 ",Eventing - Jumping - Dressage ,
13718,Zangersheider,Gelding,6 years,"16,2 hh",Brown,Lengdorf,N/A,N/A,Jumping ,
13719,German Sport Horse,Gelding,5 years,"16,1 hh",Black,Zossen,N/A,N/A,Dressage ,
13720,Tennessee walking horse,Gelding,9 years,14 hh,Tobiano-all-colors,"Tionesta, PA",N/A,"$6,499.00 ",Trail - Western allround - Gaited ,
13721,KWPN,Mare,5 years,"16,2 hh",Bay-Dark,Marknesse,"5,000","$5,325.00 ",Dressage - Breeding,
13722,Hanoverian,Mare,8 years,17 hh,Brown,Bremen,"20,000","$21,301.00 ",Jumping ,
13723,Irish Sport Horse,Gelding,6 years,16 hh,Brown,Lage,"3,250","$3,461.00 ",Leisure - Breeding - Jumping - Dressage,
13724,Hanoverian,Mare,13 years,"16,2 hh",Brown,Zell,"2,500","$2,663.00 ",Leisure - Breeding ,
13725,Oldenburg,Mare,10 years,16 hh,Chestnut-Red,Himmelkron,"10,000","$10,650.00 ",Leisure - Breeding ,
13726,Hanoverian,Mare,7 years,"15,3 hh",Chestnut,Himmelkron,"10,000","$10,650.00 ",Leisure - Breeding ,
13727,PRE,Stallion,5 years,"15,2 hh",Gray-Dapple,Puerto Lumbreras,"15,000","$15,975.00 ",Dressage - Baroque - Breeding - Leisure ,
13728,German Sport Horse,Gelding,9 years,"17,1 hh",Chestnut-Red,Hingstheide,"25,000","$26,626.00 ",Dressage - Leisure,
13729,PRE,Gelding,9 years,"16,2 hh",Brown,la nucia,"40,000","$42,601.00 ",Dressage ,
13730,PRE,Stallion,6 years,"16,2 hh",Black,la nucia,"40,000","$42,601.00 ",Dressage ,
13731,PRE,Stallion,4 years,16 hh,Chestnut-Red,Barcelona,"20,000","$21,301.00 ",Dressage - Working Equitation - Baroque - Leisure ,
13732,PRE,Gelding,5 years,"15,2 hh",Perlino,Barcelona,N/A,N/A,Dressage - Working Equitation - Baroque - Leisure ,
13733,Icelandic Horse,Gelding,4 years,N/A,N/A,Reykjavik,"1,500","$1,598.00 ",Leisure ,
13734,German Riding Pony,Gelding,5 years,"14,1 hh",Brown,Kilchberg ZH,N/A,"$27,560.00 ",Dressage - Eventing - Jumping - Leisure ,
13735,Austrian Warmblood,Stallion,1 year,N/A,N/A,kollmitzdörfl,"10,000","$10,650.00 ",Dressage - Breeding - Leisure - Driving,
13736,Austrian Warmblood,Stallion,1 year,N/A,N/A,Kollmitzdörfl,"10,000","$10,650.00 ",Dressage - Breeding - Leisure - Driving,
13737,Paint Horse,Gelding,11 years,"14,2 hh",Tobiano-all-colors,Guthrie OK,N/A,"$3,500.00 ",Trail - Versatility Ranch Horse ,
13738,American Quarter Horse,Gelding,11 years,"14,2 hh",Tobiano-all-colors,Guthrie OK,N/A,"$3,500.00 ",Trail - Versatility Ranch Horse ,
13739,Andalusian,Gelding,8 years,"15,1 hh",Gray-Dapple,"Paicines, CA",N/A,"$3,500.00 ",Trail - Versatility Ranch Horse ,
13740,American Quarter Horse,Gelding,8 years,"15,1 hh",Gray-Dapple,Paicines CA,N/A,"$3,500.00 ",Trail - Versatility Ranch Horse ,
13741,Draft Horse,Gelding,9 years,16 hh,Tobiano-all-colors,Paicines Tobiano,N/A,"$3,500.00 ",Trail - Versatility Ranch Horse ,
13742,American Quarter Horse,Gelding,9 years,16 hh,Tobiano-all-colors,Paicines CA,N/A,"$3,500.00 ",Trail - Versatility Ranch Horse ,
13743,Draft Horse,Gelding,5 years,"16,1 hh",Palomino,Windom MN,N/A,"$3,500.00 ",Trail - Versatility Ranch Horse ,
13744,American Quarter Horse,Gelding,5 years,"16,1 hh",Palomino,Windom Mn,N/A,"$3,500.00 ",Trail - Versatility Ranch Horse ,
13745,Draft Horse,Gelding,10 years,15 hh,Palomino,Rineyville Ky,N/A,"$3,500.00 ",Trail - Versatility Ranch Horse ,
13746,American Quarter Horse,Gelding,10 years,15 hh,Palomino,rineyville KY,N/A,"$3,500.00 ",Trail - Versatility Ranch Horse ,
13747,Trakehner,Mare,5 years,16 hh,Brown,Ratingen,"20,000","$21,301.00 ",Eventing - Jumping - Leisure - Dressage ,
13748,Appaloosa,Gelding,11 years,N/A,N/A,Texarkana TX,N/A,"$3,500.00 ",Trail - Versatility Ranch Horse ,
13749,Holstein,Gelding,4 years,16 hh,Brown,Südermarsch,"13,000","$13,845.00 ",Jumping - Eventing,
13750,Kentucky Mountain Saddle Horse,Gelding,6 years,"14,3 hh",Chestnut,Pakers Lake KY,N/A,"$3,500.00 ",Trail - Gaited ,
13751,Missouri Foxtrotter,Gelding,6 years,N/A,N/A,Parkers Lake KY,N/A,"$3,500.00 ",Trail - Gaited ,
13752,Tennessee walking horse,Gelding,6 years,N/A,N/A,Parkers Lake Ky,N/A,"$3,500.00 ",Trail - Gaited ,
13753,Clydesdale,Gelding,5 years,"16,3 hh",Bay,Jacksboro TX,N/A,"$3,500.00 ",Trail - Versatility Ranch Horse ,
13754,American Quarter Horse,Gelding,11 years,15 hh,Roan-Red,Robards KY,N/A,"$3,500.00 ",Trail - Versatility Ranch Horse ,
13755,American Quarter Horse,Gelding,14 years,15 hh,Dun,Bitterwater CA,N/A,"$3,500.00 ",Trail - Versatility Ranch Horse ,
13756,American Quarter Horse,Gelding,15 years,15 hh,Champagne,Weatherford TX,N/A,"$3,500.00 ",Trail - Versatility Ranch Horse ,
13757,Friesian horses,Gelding,4 years,N/A,N/A,Texarkana TX,N/A,"$3,500.00 ",Trail - Jumping ,
13758,American Quarter Horse,Mare,13 years,"15,1 hh",Gray,Weatherford TX,N/A,"$3,500.00 ",Trail - Versatility Ranch Horse ,
13759,Bavarian Warmblood,Mare,18 years,16 hh,Smoky-Black,Rehau,"5,000","$5,325.00 ",Leisure,
13760,American Quarter Horse,Gelding,9 years,15 hh,Roan-Red,6604380306,N/A,"$3,500.00 ",Trail - Versatility Ranch Horse ,
13761,American Quarter Horse,Gelding,14 years,15 hh,Chestnut,Weatherford TX,N/A,"$3,500.00 ",Trail - Jumping ,
13762,American Quarter Horse,Mare,5 years,N/A,N/A,Hamilton Al,N/A,"$3,500.00 ",Trail - Versatility Ranch Horse ,
13763,More ponies/small horses,Gelding,6 years,"9,1 hh",Pinto,Lebanon,N/A,N/A,Trail - Show - Leisure - Driving ,
13764,Welsh PB (Partbred) Mix,Gelding,11 years,"10,2 hh",N/A,Elkhart,N/A,N/A,Trail - Show - Leisure ,
13765,American Quarter Horse,Mare,6 years,"15,2 hh",Sorrel,Cannon Falls,N/A,N/A,Versatility Ranch Horse - Trail - Show - Western ,
13766,American Quarter Horse,Gelding,11 years,"15,1 hh",Roan-Red,Lovell,N/A,N/A,Versatility Ranch Horse - Trail - Show - Western ,
13767,American Quarter Horse,Gelding,5 years,"14,2 hh",Gray,Carthage,N/A,N/A,Versatility Ranch Horse - Trail - Show - Western ,
13768,American Quarter Horse,Mare,8 years,"14,2 hh",Palomino,Sheffield,N/A,N/A,Versatility Ranch Horse - Reining - Show - Western ,
13769,More ponies/small horses,Gelding,6 years,"9,1 hh",Roan-Red,Lebanon,N/A,N/A,Trail - Show - Leisure - Driving ,
13770,More ponies/small horses,Gelding,10 years,10 hh,Dun,Carthage,N/A,N/A,Trail - Show - Leisure ,
13771,Quarter Pony,Mare,13 years,"13,3 hh",Roan-Bay,Zearing,N/A,N/A,Versatility Ranch Horse - Trail - Show - Western ,
13772,More ponies/small horses,Gelding,7 years,"9,1 hh",Roan-Red,De Kalb,N/A,N/A,Trail - Show - Leisure - Driving ,
13773,More ponies/small horses,Gelding,4 years,11 hh,Palomino,Lebanon,N/A,N/A,Trail - Show - Leisure - Driving ,
13774,Paint Horse,Mare,8 years,"14,3 hh",Pinto,Moscow,N/A,N/A,Versatility Ranch Horse - Trail - Show - Western ,
13775,American Quarter Horse,Gelding,12 years,"14,3 hh",Palomino,Rebersburg,N/A,N/A,Versatility Ranch Horse - Trail - Show - Western ,
13776,American Quarter Horse,Gelding,10 years,N/A,N/A,Brooksville Ky,N/A,"$3,500.00 ",Trail - Versatility Ranch Horse ,
13777,American Quarter Horse,Gelding,5 years,15 hh,Palomino,Mountain Grove Mo,N/A,"$3,500.00 ",Trail - Versatility Ranch Horse ,
13778,American Quarter Horse,Gelding,5 years,15 hh,Palomino,Mountain Grove MO,N/A,"$3,500.00 ",Trail - Versatility Ranch Horse ,
13779,American Quarter Horse,Gelding,5 years,15 hh,Palomino,Mountain Grove Mo,N/A,"$3,500.00 ",Trail - Versatility Ranch Horse ,
13780,Hanoverian,Gelding,4 years,"16,1 hh",Black,Tübingen,"28,000","$29,821.00 ",Dressage - Eventing - Leisure,
13781,Hanoverian,Gelding,6 years,17 hh,Chestnut-Red,Burgdorf,"19,000","$20,235.00 ",Dressage - Vaulting ,
13782,PRE,Stallion,3 years,"16,3 hh",Brown,"Los Desamparados, Orihuela","15,000","$15,975.00 ",Dressage - Gaited - Breeding - Leisure ,
13783,Oldenburg,Mare,4 years,"16,1 hh",Chestnut-Red,Rochau,"23,500","$25,028.00 ",Dressage - Breeding - Jumping - Leisure ,
13784,German Sport Horse,Mare,4 years,16 hh,Black,Rochau,"25,000","$26,626.00 ",Dressage - Jumping - Leisure ,
13785,German Sport Horse,Gelding,4 years,"16,1 hh",Brown,Rochau,"17,500","$18,638.00 ",Dressage - Leisure ,
13786,Westphalian,Gelding,9 years,"16,3 hh",Black,Malaga,"100,000","$106,503.00 ",Dressage ,
13787,Menorquin,Stallion,1 year,16 hh,Black,Menorca,N/A,N/A,Leisure - Working Equitation - Baroque - Driving ,
13788,German Riding Pony,Mare,10 years,"14,1 hh",Bay-Dark,Alfeld (Leine),"14,000","$14,910.00 ",Jumping - Leisure - Dressage ,
13789,Silesian,Gelding,5 years,"16,1 hh",Black,Thießen,"13,500","$14,378.00 ",Driving ,
13790,Oldenburg,Gelding,4 years,"16,1 hh",Chestnut,Viöl,"15,000","$15,975.00 ",Dressage - Leisure ,
13791,Westphalian,Mare,8 years,"15,2 hh",Brown,Prague,"4,000","$4,260.00 ",Leisure - Western allround - Western Pleasure - Western,
13792,Hanoverian,Gelding,6 years,"16,1 hh",Bay-Dark,Nienburg (Weser),"20,000","$21,301.00 ",Dressage - Vaulting - Jumping - Hunter ,
13793,Hanoverian,Mare,7 years,"16,2 hh",Brown,Ostrach,"40,000","$42,601.00 ",Dressage - Breeding - Jumping - Leisure,
13794,Icelandic Horse,Mare,10 years,N/A,N/A,Bad Tatzmannsdorf,"6,000","$6,390.00 ",Leisure ,
13795,Hanoverian,Mare,7 years,"16,2 hh",Brown,Tarmstedt,"15,500","$16,508.00 ",Dressage - Jumping ,
13796,Oldenburg,Mare,6 years,16 hh,Chestnut,Appen,"23,500","$25,028.00 ",Dressage - Breeding - Leisure ,
13797,American Quarter Horse,Stallion,2 years,"14,3 hh",Buckskin,Nördlingen,"6,500","$6,923.00 ",Western allround ,
13798,PRE Mix,Mare,5 years,"16,1 hh",Gray-Blue-Tan,Valencia,"10,000","$10,650.00 ",Dressage - Working Equitation - Baroque - Leisure ,
13799,Lusitano,Stallion,5 years,"15,3 hh",Chestnut-Red,Rio Maior,"25,000","$26,626.00 ",Working Equitation - Show - Leisure - Dressage ,
13800,PRE Mix,Stallion,9 years,"15,2 hh",Perlino,Sevilla,"15,000","$15,975.00 ",Baroque - Show - Leisure - Dressage ,
13801,Oldenburg,Stallion,6 years,17 hh,Black,Dreieich,"100,000","$106,503.00 ",Dressage,
13802,Hanoverian,Mare,5 years,"16,2 hh",Bay-Dark,Hohenfelde,"25,000","$26,626.00 ",Dressage - Eventing - Jumping - Leisure ,
13803,Icelandic Horse,Gelding,5 years,"13,1 hh",Palomino,Stapelfeld,N/A,N/A,Gaited - Leisure ,
13804,Icelandic Horse,Gelding,5 years,"13,1 hh",Gray-Dapple,Stapelfeld,N/A,N/A,Gaited - Leisure ,
13805,Hanoverian,Gelding,5 years,"15,2 hh",Brown,Babenhausen,"20,000","$21,301.00 ",Jumping - Eventing - Leisure ,
13806,Hanoverian,Mare,5 years,"16,2 hh",Brown,Babenhausen,"20,000","$21,301.00 ",Jumping - Breeding - Leisure ,
13807,Hanoverian,Mare,5 years,16 hh,Brown,Babenhausen,"20,000","$21,301.00 ",Jumping - Breeding - Leisure ,
13808,Hanoverian,Mare,1 year,"16,1 hh",Brown,Babenhausen,N/A,N/A,Jumping - Breeding ,
13809,Hanoverian,Mare,2 years,"16,2 hh",Brown,Babenhausen,"10,000","$10,650.00 ",Jumping - Breeding - Leisure ,
13810,Rhinelander,Mare,3 years,"16,3 hh",Brown,Babenhausen,N/A,N/A,Jumping - Breeding - Eventing ,
13811,Shetland Ponies,Gelding,4 years,"9,1 hh",Pinto,Babenhausen,"1,400","$1,491.00 ",Leisure ,
13812,Shetland Ponies,Gelding,6 years,"9,1 hh",Black,Babenhausen,"1,400","$1,491.00 ",Leisure ,
13813,Zangersheider,Mare,1 year,N/A,N/A,Hulsberg,"4,500","$4,793.00 ",Jumping - Endurance - Eventing - Dressage,
13814,Hanoverian,Gelding,9 years,"16,3 hh",Brown,Bottrop,"35,000","$37,276.00 ",Jumping - Dressage ,
13815,PRE,Mare,1 year,N/A,N/A,Ruppichteroth,"11,000","$11,715.00 ",Leisure - Working Equitation - Baroque - Breeding ,
13816,German Riding Pony,Stallion,1 year,"14,2 hh",N/A,SuhlendorfSuhlendorf,"6,000","$6,390.00 ",Dressage - Jumping ,
13817,German Riding Pony,Mare,4 years,"13,2 hh",Chestnut-Red,Suhlendorf,"6,000","$6,390.00 ",Dressage - Breeding - Jumping ,
13818,More ponies/small horses,Gelding,11 years,"9,1 hh",Pinto,Rebersburg,N/A,N/A,Trail - Show - Leisure - Driving ,
13819,Other Warmbloods Mix,Gelding,6 years,16 hh,Pinto,Granville,N/A,N/A,Trail - Show - Western - Jumping ,
13820,American Quarter Horse,Gelding,15 years,"16,3 hh",Palomino,Henderson,N/A,N/A,Trail - Show - Western - Jumping ,
13821,American Quarter Horse,Gelding,8 years,15 hh,Grullo,Rebersburg,N/A,N/A,Versatility Ranch Horse - English Pleasure - Show - Western ,
13822,American Quarter Horse,Mare,15 years,N/A,N/A,Fowler,N/A,N/A,Versatility Ranch Horse - Trail - Show - Western ,
13823,American Quarter Horse,Gelding,5 years,"15,1 hh",Buckskin,Lebanon,N/A,N/A,Versatility Ranch Horse - Trail - Show - Western ,
13824,Gypsy Horse,Mare,5 years,"13,3 hh",Pinto,Clover,N/A,N/A,Trail - Show - Leisure ,
13825,American Quarter Horse,Gelding,9 years,15 hh,Bay,Thompson,N/A,N/A,Versatility Ranch Horse - English Pleasure - Show - Western ,
13826,Mule,Gelding,14 years,"14,1 hh",N/A,Hastings,N/A,N/A,Trail - Show - Western - Leisure ,
13827,American Quarter Horse Mix,Mare,4 years,"15,1 hh",Roan-Red,Auburn,N/A,N/A,Versatility Ranch Horse - English Pleasure - Show - Western ,
13828,American Quarter Horse,Gelding,11 years,"15,3 hh",Buckskin,Lovell,N/A,N/A,Versatility Ranch Horse - Trail - Show - Western ,
13829,American Quarter Horse,Gelding,13 years,"15,2 hh",Roan-Bay,Needmore,N/A,N/A,Versatility Ranch Horse - Trail - Show - Western ,
13830,Pony of the Americas,Gelding,9 years,"13,2 hh",Chestnut,Weatherford,N/A,N/A,Versatility Ranch Horse - Trail - Show - Western ,
13831,American Quarter Horse,Gelding,7 years,15 hh,Palomino,Lewistown,N/A,N/A,Versatility Ranch Horse - Trail - Show - Western ,
13832,American Quarter Horse,Mare,3 years,"14,2 hh",Gray,De Kalb,N/A,N/A,Versatility Ranch Horse - Cowhorse - Reining - Show ,
13833,Paint Horse,Gelding,6 years,"14,3 hh",Roan-Blue,Chadron,N/A,N/A,Versatility Ranch Horse - Trail - Show - Western ,
13834,Paint Horse,Mare,15 years,"14,1 hh",Buckskin,Purvis,N/A,N/A,Trail - Show - Western - Leisure ,
13835,American Quarter Horse,Gelding,5 years,"14,3 hh",Buckskin,Cannon Falls,N/A,N/A,Versatility Ranch Horse - Trail - Show - Western ,
13836,American Quarter Horse,Gelding,4 years,15 hh,Grullo,Clover,N/A,N/A,Trail - English Pleasure - Show - Western ,
13837,Mule,Gelding,6 years,"14,1 hh",Chestnut,Honey Brook,N/A,N/A,Trail - English Pleasure - Show - Western ,
13838,American Quarter Horse,Gelding,13 years,15 hh,Gray,Baldwyn,N/A,N/A,Versatility Ranch Horse - Trail - Show - Western ,
13839,Paint Horse,Mare,5 years,"14,3 hh",Pinto,Lovell,N/A,N/A,Versatility Ranch Horse - Trail - Show - Western ,
13840,Paint Horse,Mare,7 years,"14,3 hh",Pinto,Peosta,N/A,N/A,Versatility Ranch Horse - Trail - Show - Western ,
13841,American Quarter Horse,Gelding,10 years,"15,1 hh",Chestnut,Cisco,N/A,N/A,Versatility Ranch Horse - Reining - Show - Western ,
13842,Draft Horse Mix,Gelding,11 years,N/A,N/A,New Holland,N/A,N/A,Trail - Show - Western - Jumping ,
13843,American Quarter Horse,Gelding,5 years,N/A,N/A,Peosta,N/A,N/A,Versatility Ranch Horse - Cowhorse - Show - Western ,
13844,Other Breeds,Stallion,2 years,"12,2 hh",N/A,Rebersburg,N/A,N/A,Leisure - Trail - Show ,
13845,American Quarter Horse,Gelding,9 years,"14,3 hh",Palomino,Sheffield,N/A,N/A,Versatility Ranch Horse - Trail - Show - Western ,
13846,Fell pony,Gelding,7 years,"14,3 hh",Black,Fredericksburg,N/A,N/A,Trail - English Pleasure - Show - Driving ,
13847,American Quarter Horse,Gelding,11 years,"15,1 hh",Buckskin,Lovell,N/A,N/A,Versatility Ranch Horse - Trail - Show - Western ,
13848,Draft Horse Mix,Gelding,14 years,N/A,N/A,Caldwell,N/A,N/A,Versatility Ranch Horse - Trail - Show - Leisure ,
13849,American Quarter Horse,Gelding,10 years,"15,3 hh",Bay,Jacksboro,N/A,N/A,Versatility Ranch Horse - Trail - Show - Western ,
13850,American Quarter Horse,Gelding,6 years,15 hh,Roan-Blue,Carthage,N/A,N/A,Versatility Ranch Horse - Trail - Show - Western ,
13851,American Quarter Horse,Gelding,10 years,"15,2 hh",Palomino,Weatherford,N/A,N/A,Versatility Ranch Horse - Trail - Show - Western ,
13852,American Quarter Horse,Gelding,10 years,15 hh,Palomino,Honey Brook,N/A,N/A,Versatility Ranch Horse - Reining - Show - Dressage ,
13853,American Quarter Horse,Mare,17 years,"14,3 hh",Bay,Rebersburg,N/A,N/A,Versatility Ranch Horse - Reining - Show - Western ,
13854,Friesian horses Mix,Mare,5 years,14 hh,Black,Joshua,N/A,N/A,Trail - English Pleasure - Western ,
13855,American Quarter Horse,Gelding,13 years,"14,2 hh",Buckskin,Camp Verde,N/A,N/A,Versatility Ranch Horse - Cowhorse - Reining - Western ,
13856,Draft Horse Mix,Gelding,8 years,"15,2 hh",Bay,Ponder,N/A,N/A,Trail - Show - Western - Leisure ,
13857,American Quarter Horse,Gelding,8 years,"15,1 hh",Roan-Bay,Robards,N/A,N/A,Versatility Ranch Horse - English Pleasure - Reining - Show ,
13858,American Quarter Horse,Gelding,10 years,15 hh,Sorrel,Canyon,N/A,N/A,Versatility Ranch Horse - Trail - Show - Western ,
13859,Draft Horse Mix,Gelding,8 years,16 hh,Roan-Bay,Ponder,N/A,N/A,Trail - Show - Western - Leisure ,
13860,Gypsy Horse,Gelding,5 years,14 hh,N/A,Ocala,N/A,N/A,Trail - English Pleasure - Show - Western ,
13861,Paint Horse,Mare,7 years,"14,2 hh",Buckskin,Whitesboro,N/A,N/A,Versatility Ranch Horse - Trail - Show - Breeding ,
13862,American Quarter Horse,Gelding,6 years,"15,3 hh",Roan-Blue,Cisco,N/A,N/A,Versatility Ranch Horse - Trail - Show - Western ,
13863,Percheron Mix,Mare,4 years,"16,2 hh",Bay,Auburn,N/A,N/A,Trail - Show - Western - Leisure ,
13864,American Quarter Horse,Gelding,5 years,"14,2 hh",Palomino,Buffalo,N/A,N/A,Versatility Ranch Horse - Reining - Show - Western ,
13865,American Quarter Horse,Gelding,8 years,"14,3 hh",Gray,Lyles,N/A,N/A,Versatility Ranch Horse - Reining - Show - Western ,
13866,American Quarter Horse,Gelding,8 years,16 hh,Black,Baxter Springs,N/A,N/A,Versatility Ranch Horse - Reining - Show - Jumping ,
13867,Draft Horse Mix,Gelding,6 years,"15,1 hh",Pinto,Millersburg,N/A,N/A,Trail - Show - Western - Leisure ,
13868,Gypsy Horse,Gelding,12 years,"14,2 hh",Pinto,Lyles,N/A,N/A,Trail - Show - Leisure - Driving ,
13869,Friesian horses,Gelding,6 years,"15,2 hh",Black,Oelwein,N/A,N/A,Show - Trail - Leisure - Driving ,
13870,American Quarter Horse,Mare,7 years,"14,3 hh",Sorrel,Cave Creek,N/A,N/A,Versatility Ranch Horse - Reining - Show - Breeding ,
13871,British Warmblood,Gelding,6 years,16 hh,Brown,Lage,"5,000","$5,325.00 ",Dressage - Hunting - Jumping - Leisure,
13872,Austrian Warmblood,Mare,13 years,"16,1 hh",Gray,Pelmberg,"9,000","$9,585.00 ",Dressage - Working Equitation - Jumping - Leisure ,
13873,Irish Sport Horse,Gelding,6 years,"16,3 hh",Chestnut-Red,Lage,"5,500","$5,858.00 ",Dressage - Jumping - Driving,
13874,Arabian horses,Mare,9 years,15 hh,Gray,Łódź,"13,000","$13,845.00 ",Breeding - Show ,
13875,Hanoverian,Mare,4 years,"16,2 hh",Black,Weyhe,"40,000","$42,601.00 ",Dressage - Breeding - Leisure ,
13876,Pony of the Americas,Stallion,1 year,8 hh,Tobiano-all-colors,"Antlers, OK",N/A,N/A,Breeding ,
13877,Pony of the Americas,Mare,1 year,"8,1 hh",Brown,"Antlers, OK",N/A,N/A,Breeding ,
13878,Hanoverian,Mare,12 years,"16,1 hh",Smoky-Black,Telgte,"15,000","$15,975.00 ",Breeding,
13879,Lusitano,Gelding,8 years,16 hh,Gray-Dapple,Dischingen,"25,000","$26,626.00 ",Leisure ,
13880,Missouri Foxtrotter,Gelding,8 years,15 hh,Gray,"LEWISBURG, TN",N/A,"$10,000.00 ",Trail - Western allround - Gaited ,
13881,PRE Mix,Stallion,4 years,"15,2 hh",Palomino,Sevilla,"15,000","$15,975.00 ",Baroque - Show - Leisure - Dressage ,
13882,Kentucky Mountain Saddle Horse,Gelding,9 years,14 hh,Roan-Blue,"Whitley City, KY",N/A,"$12,499.00 ",Trail - Western allround - Gaited ,
13883,PRE Mix,Stallion,6 years,"16,2 hh",Brown,Barcelona,N/A,N/A,Dressage - Working Equitation - Baroque - Leisure ,
13884,PRE Mix,Stallion,5 years,"15,2 hh",Brown,Barcelona,"20,000","$21,301.00 ",Dressage - Working Equitation - Baroque - Leisure ,
13885,PRE Mix,Stallion,4 years,"16,1 hh",Brown,Barcelona,"20,000","$21,301.00 ",Dressage - Working Equitation - Baroque - Leisure ,
13886,PRE Mix,Stallion,4 years,"16,1 hh",Brown,Barcelona,"20,000","$21,301.00 ",Dressage - Working Equitation - Baroque - Leisure ,
13887,Shire Horse Mix,Stallion,6 years,"17,2 hh",Brown,Teublitz,"8,800","$9,372.00 ",Leisure - Driving - Mating ,
13888,Oldenburg,Gelding,10 years,"16,2 hh",Chestnut-Red,Herrenberg,"40,000","$42,601.00 ",Dressage ,
13889,Other Heavy Horses Mix,Mare,1 year,"13,2 hh",Can be white,Teublitz,"2,500","$2,663.00 ",Leisure ,
13890,American Quarter Horse,Gelding,12 years,14 hh,Palomino,"Salt Lick, KY",N/A,"$8,500.00 ",Trail - Western allround ,
13891,German Sport Horse,Stallion,1 year,"16,3 hh",Gray,Güssefeld,"4,500","$4,793.00 ",Jumping - Eventing - Dressage,
13892,Friesian horses,Stallion,3 years,"15,2 hh",Black,Rechnitz,"6,500","$6,923.00 ",Leisure - Show - Driving - Dressage ,
13893,Polish Halfbred,Mare,1 year,"16,1 hh",Palomino,Kamieniec Wrocławski,"10,000","$10,650.00 ",Jumping - Breeding - Eventing - Dressage,
13894,Oldenburg-International (OS),Mare,2 years,"16,3 hh",Can be white,MünsingenMünsingen,"15,000","$15,975.00 ",Jumping - Breeding ,
13895,Holstein,Mare,12 years,"16,2 hh",Brown,MünsingenMünsingen,"15,000","$15,975.00 ",Breeding - Jumping - Leisure - Dressage ,
13896,Friesian horses,Stallion,1 year,N/A,N/A,Oosterwolde,"4,500","$4,793.00 ",Dressage - Driving,
13897,PRE,Stallion,3 years,16 hh,Black,Pedralba,"8,000","$8,520.00 ",Dressage - Working Equitation - Breeding - Leisure ,
13898,American Quarter Horse,Mare,2 years,N/A,N/A,Biberach an der Riß,"10,000","$10,650.00 ",Western ,
13899,American Quarter Horse,Stallion,2 years,N/A,N/A,Biberach an der Riß,"10,000","$10,650.00 ",Western - Versatility Ranch Horse - Cowhorse - Reining ,
13900,American Quarter Horse,Stallion,3 years,N/A,N/A,Biberach an der Riß,"15,000","$15,975.00 ",Western - Versatility Ranch Horse - Cowhorse - Reining ,
13901,American Quarter Horse,Stallion,1 year,N/A,N/A,Biberach an der Riß,"10,000","$10,650.00 ",Western - Versatility Ranch Horse - Cowhorse - Reining ,
13902,American Quarter Horse,Mare,2 years,N/A,N/A,Biberach an der Riß,"15,000","$15,975.00 ",Western - Versatility Ranch Horse - Cowhorse - Reining ,
13903,American Quarter Horse,Stallion,1 year,N/A,N/A,Biberach an der Riß,"15,000","$15,975.00 ",Western - Versatility Ranch Horse - Cowhorse - Reining ,
13904,American Quarter Horse,Stallion,1 year,N/A,N/A,Biberach an der Riß,"15,000","$15,975.00 ",Western - Versatility Ranch Horse - Cowhorse - Reining ,
13905,American Quarter Horse,Stallion,2 years,"14,2 hh",Roan-Blue,Daleiden,"10,500","$11,183.00 ",Western - Western allround - Reining - Breeding ,
13906,More ponies/small horses Mix,Mare,5 years,"14,2 hh",Pinto,Daleiden,"3,500","$3,728.00 ",Leisure ,
13907,More ponies/small horses,Mare,4 years,"12,1 hh",Bay-Dark,Norderstedt,"2,800","$2,982.00 ",Dressage - Leisure ,
13908,Oldenburg,Stallion,1 year,N/A,N/A,Dassel,"3,750","$3,994.00 ",Dressage,
13909,Oldenburg,Mare,12 years,"16,1 hh",Brown,Glandorf,"15,000","$15,975.00 ",Jumping - Eventing - Dressage ,
13910,Westphalian,Gelding,5 years,17 hh,Bay-Dark,Coesfeld,"100,000","$106,503.00 ",Dressage,
13911,Rhinelander,Mare,11 years,"16,3 hh",Brown,Geilenkirchen,"11,500","$12,248.00 ",Jumping - Dressage,"suitable as school horse/pony, suitable for therapeutic riding, suitable for beginners"
13912,Irish Sport Horse,Mare,10 years,16 hh,Brown,Lage,"2,950","$3,142.00 ",Leisure - Breeding - Jumping - Dressage,
13913,Belgian Warmblood,Mare,5 years,16 hh,Chestnut-Red,Weert,"25,000","$26,626.00 ",Dressage ,
13914,KWPN,Mare,3 years,"16,1 hh",Brown,Hoeven,"20,000","$21,301.00 ",Dressage - Eventing - Jumping - Hunter,
13915,American Quarter Horse,Gelding,10 years,"14,3 hh",Palomino,Haldenwang,N/A,N/A,Versatility Ranch Horse - Trail - Leisure ,
13916,Hanoverian,Mare,1 year,N/A,N/A,Großderschau,"6,000","$6,390.00 ",Dressage - Breeding - Hunter - Leisure ,
13917,Lusitano Mix,Gelding,4 years,"15,3 hh",Gray,Rio Maior,"8,000","$8,520.00 ",Leisure - Working Equitation - Show - Dressage ,
13918,Hanoverian,Mare,1 year,N/A,N/A,Emmerich,"5,000","$5,325.00 ",Dressage ,
13919,Danish Warmblood,Gelding,11 years,"17,1 hh",Chestnut-Red,Holstebro,"42,000","$44,731.00 ",Dressage ,
13920,Lusitano,Stallion,5 years,"15,1 hh",Cremello,Rio Maior,"25,000","$26,626.00 ",Working Equitation - Show - Leisure - Dressage ,
13921,Hanoverian,Gelding,3 years,16 hh,Chestnut-Red,Rees,"15,000","$15,975.00 ",Dressage - Leisure ,
13922,KWPN,Gelding,10 years,"17,2 hh",Bay-Dark,Werkendam,"70,000","$74,552.00 ",Dressage,
13923,Trakehner,Mare,13 years,"16,1 hh",Gray,Majenfelde (Bosau),"9,000","$9,585.00 ",Dressage - Breeding - Jumping - Leisure ,
13924,Oldenburg-International (OS),Mare,5 years,"16,2 hh",N/A,Zduchovice,"20,000","$21,301.00 ",Hunter under saddle - Breeding - Jumping - Dressage ,
13925,Oldenburg-International (OS),Stallion,4 years,17 hh,Gray,Zduchovice,"11,000","$11,715.00 ",Jumping - Dressage ,
13926,PRE,Gelding,8 years,"17,1 hh",Gray,Mallorca,"20,200","$21,514.00 ",Leisure - Working Equitation - Eventing - Dressage ,
13927,German Riding Pony,Mare,10 years,"14,2 hh",Dun,Rehburg-Loccum Münchehagen,"100,000","$106,503.00 ",Dressage - Jumping ,
13928,German Sport Horse,Gelding,12 years,"16,2 hh",Bay-Dark,Hohenfelde,"70,000","$74,552.00 ",Dressage - Eventing - Jumping - Leisure ,
13929,Anglo-Arab,Gelding,8 years,"16,1 hh",Dun,Ubeda,"9,000","$9,585.00 ",Doma Vaquera,
13930,Andalusian,Stallion,10 years,"16,3 hh",Bay-Dark,Malaga,"20,800","$22,153.00 ",Dressage ,
13931,Andalusian,Stallion,5 years,"16,1 hh",Bay,Malaga,"15,500","$16,508.00 ",Dressage ,
13932,Andalusian,Gelding,5 years,"16,3 hh",Chestnut,Albacete,"15,500","$16,508.00 ",Dressage ,
13933,Trakehner,Mare,16 years,N/A,N/A,Marxen,"10,000","$10,650.00 ",Breeding ,
13934,Westphalian,Mare,3 years,N/A,N/A,"Nebanice, Cheb","10,000","$10,650.00 ",Dressage - Breeding - Jumping,
13935,Czech Warmblood,Gelding,3 years,N/A,N/A,Czech Republic,"8,000","$8,520.00 ",Dressage - Breeding - Jumping,
13936,American Miniature Horse,Stallion,1 year,"7,3 hh",Overo-all-colors,Dochamps,600,$639.00 ,Driving ,
13937,Hanoverian,Stallion,3 years,"16,2 hh",Brown,Ostercappeln,N/A,N/A,Dressage,
13938,Hanoverian,Gelding,5 years,17 hh,Brown,Ostercappeln,N/A,N/A,Dressage,
13939,Hanoverian,Gelding,5 years,"16,1 hh",Bay-Dark,Ostercappeln,N/A,N/A,Dressage,
13940,Holstein,Stallion,1 year,"16,2 hh",Brown,Averlak,N/A,N/A,Jumping - Breeding - Hunter ,
13941,Icelandic Horse,Mare,8 years,"13,1 hh",Chestnut-Red,Rosenberg,"15,000","$15,975.00 ",Gaited ,
13942,Austrian Warmblood,Gelding,13 years,16 hh,Smoky-Black,Göstritz,"40,000","$42,601.00 ",Dressage - Leisure,
13943,PRE,Gelding,7 years,16 hh,Brown,Martfeld,"24,990","$26,615.00 ",Dressage - Working Equitation - Baroque - Leisure ,
13944,Lusitano,Stallion,5 years,"15,2 hh",Gray,Rio Maior,"15,000","$15,975.00 ",Dressage - Working Equitation - Show - Leisure ,
13945,Oldenburg,Mare,15 years,"16,1 hh",Chestnut,Westerstede,"5,000","$5,325.00 ",Breeding ,
13946,Andalusian,Gelding,8 years,"17,1 hh",Gray,Mallorca,"20,200","$21,514.00 ",Leisure - Working Equitation - Baroque - Dressage ,
13947,Oldenburg,Mare,12 years,16 hh,Brown,Westerstede,"5,000","$5,325.00 ",Breeding ,
13948,PRE Mix,Stallion,3 years,"15,2 hh",Perlino,Hamburg,"10,000","$10,650.00 ",Dressage - Working Equitation - Baroque - Leisure ,
13949,Icelandic Horse,Gelding,8 years,"13,2 hh",Brown,Schneverdingen,"20,000","$21,301.00 ",Gaited - Leisure ,
13950,PRE Mix,Stallion,3 years,"15,2 hh",Dun,Hamburg,"15,000","$15,975.00 ",Dressage - Working Equitation - Baroque - Leisure ,
13951,Heavy Warmblood,Gelding,4 years,16 hh,Black,Braunschweig,"7,800","$8,307.00 ",Leisure - Vaulting - Jumping - Dressage,
13952,Trakehner,Gelding,12 years,16 hh,Chestnut-Red,Braunschweig,"7,800","$8,307.00 ",Leisure - Eventing - Jumping - Dressage,"Reliable for trail riding, is allrounder, is easy to load"
13953,American Quarter Horse,Stallion,2 years,"14,1 hh",Brown,Caluso,"8,000","$8,520.00 ",Reining - Cutting - Cowhorse - Western,"Green, Halter accustomed, Directly from the breeder"
13954,Hungarian Sport Horse,Gelding,11 years,"16,2 hh",Bay-Dark,Madrid,"18,500","$19,703.00 ",Jumping - Eventing - Leisure - Dressage,"suitable for beginners, Competition experience, Suitable for children"
13955,Andalusian,Gelding,3 years,14 hh,Leopard-Piebald,Neustadt (Wied),"6,500","$6,923.00 ",Leisure - Western - Jumping - Dressage,
13956,Andalusian,Gelding,6 years,N/A,N/A,Willich,"5,800","$6,177.00 ",Dressage - Show - Baroque - Leisure,"is allrounder, is 5-gaited, vet-check"
13957,Friesian horses,Mare,9 years,16 hh,Black,Dalen,"9,500","$10,118.00 ",Breeding - Leisure,
13958,PRE,Stallion,3 years,"15,3 hh",Gray-Dapple,Sagunt/Sagunto,"10,000","$10,650.00 ",Working Equitation - Doma Vaquera - Gaited - Baroque,"is lunged, vet-check, Halter accustomed"
13959,KWPN,Gelding,13 years,"16,3 hh",Black,Itzstedt,"30,000","$31,951.00 ",Dressage,
13960,Hanoverian,Gelding,6 years,"16,2 hh",Black,Itzstedt,"30,000","$31,951.00 ",Dressage - Eventing - Jumping - Leisure,
13961,PRE,Stallion,5 years,"16,1 hh",Chestnut-Red,Vejer de la Frontera,"40,000","$42,601.00 ",Dressage - Working Equitation - Baroque ,
13962,Ukrainian Riding Horse,Mare,9 years,"16,1 hh",Chestnut,Bucharest,"40,000","$42,601.00 ",Jumping - Breeding - Leisure ,
13963,Belgian Warmblood,Mare,6 years,17 hh,Black,Meerhout,"15,000","$15,975.00 ",Dressage,
13964,Hanoverian,Gelding,6 years,17 hh,Brown,Meckenbeuren,"16,000","$17,040.00 ",Dressage ,
13965,Irish Sport Horse,Gelding,5 years,"17,1 hh",Bay,Ballygowan,N/A,"$28,773.00 ",Eventing - Jumping ,
13966,Other Warmbloods,Gelding,13 years,16 hh,Tobiano-all-colors,Ballymoney,N/A,"$42,853.00 ",Eventing ,
13967,Trakehner,Mare,9 years,"16,1 hh",Brown,Wies,"10,000","$10,650.00 ",Breeding ,
13968,Icelandic Horse,Gelding,6 years,N/A,N/A,Straßwalchen,"40,000","$42,601.00 ",Gaited - Leisure ,
13969,Icelandic Horse,Mare,10 years,N/A,N/A,Straßwalchen,"40,000","$42,601.00 ",Gaited - Leisure ,
13970,Icelandic Horse,Mare,5 years,N/A,N/A,Straßwalchen,"10,000","$10,650.00 ",Gaited - Leisure ,
13971,Westphalian,Gelding,8 years,16 hh,Chestnut-Red,Prag,"19,000","$20,235.00 ",Dressage ,
13972,Hanoverian,Stallion,1 year,N/A,N/A,Rees,"5,000","$5,325.00 ",Leisure - Dressage ,
13973,Icelandic Horse,Mare,10 years,N/A,N/A,Straßwalchen,"15,000","$15,975.00 ",Gaited - Breeding - Leisure ,
13974,Hanoverian,Mare,1 year,N/A,N/A,Rees,"10,000","$10,650.00 ",Dressage ,
13975,Hanoverian,Mare,1 year,"16,2 hh",Bay-Dark,Hamburg Osdorf,"8,900","$9,479.00 ",Dressage ,
13976,PRE,Stallion,7 years,"15,2 hh",Gray,Vejer de la Frontera,"10,000","$10,650.00 ",Leisure - Working Equitation - Baroque ,
13977,KWPN,Mare,10 years,"16,1 hh",Brown,Pisek,"15,000","$15,975.00 ",Jumping - Eventing ,
13978,Hanoverian,Mare,5 years,"16,1 hh",Chestnut-Red,Freienwill,"25,000","$26,626.00 ",Dressage ,
13979,German Riding Pony,Gelding,10 years,"14,1 hh",Chestnut-Red,Tarmstedt,"14,500","$15,443.00 ",Dressage ,
13980,Icelandic Horse,Mare,22 years,N/A,N/A,Straßwalchen,"5,000","$5,325.00 ",Gaited - Leisure ,
13981,Icelandic Horse,Gelding,9 years,"13,2 hh",Chestnut-Red,Lochen am See,"15,000","$15,975.00 ",Gaited - Show - Leisure - Dressage ,
13982,German Sport Horse,Mare,4 years,"15,2 hh",Brown,Au in der Hallertau,"20,000","$21,301.00 ",Breeding - Eventing - Jumping - Dressage ,
13983,Hanoverian,Stallion,1 year,"16,2 hh",Smoky-Black,Au in der Hallertau,"15,000","$15,975.00 ",Dressage - Breeding - Eventing - Jumping ,
13984,Icelandic Horse,Mare,12 years,N/A,N/A,Straßwalchen,"40,000","$42,601.00 ",Gaited - Breeding ,
13985,Oldenburg,Gelding,9 years,16 hh,Black,Sprockhövel,"15,000","$15,975.00 ",Dressage ,
13986,Holstein,Mare,10 years,16 hh,N/A,Malente,"15,000","$15,975.00 ",Breeding,
13987,Oldenburg,Mare,15 years,"16,1 hh",Bay-Dark,Ostbevern,"20,000","$21,301.00 ",Eventing - Jumping,
13988,Draft Horse,Mare,1 year,"16,2 hh",Chestnut-Red,Essex,N/A,"$9,795.00 ",Show - Hunter,
13989,German Riding Pony,Mare,7 years,"14,1 hh",Dun,"Recke, bei Osnabrück","27,000","$28,756.00 ",Dressage - Breeding - Jumping ,
13990,Hanoverian,Mare,18 years,"16,3 hh",Bay-Dark,Raisting,"5,500","$5,858.00 ",Dressage - Eventing,
13991,Hungarian Sport Horse,Gelding,5 years,"15,2 hh",Bay-Dark,Réde,"10,000","$10,650.00 ",Eventing - Jumping - Leisure ,
13992,Arabian horses,Mare,2 years,"15,1 hh",Brown,Pastetten,"9,500","$10,118.00 ",Leisure - Breeding - Western - Dressage ,
13993,Czech Warmblood,Mare,4 years,"15,2 hh",Brown,Ceske Budejovice,"9,500","$10,118.00 ",Jumping - Eventing ,
13994,PRE,Mare,4 years,16 hh,Dun,Fuentes De Andalucia,"10,000","$10,650.00 ",Dressage - Breeding ,
13995,PRE,Mare,2 years,16 hh,Gray,Fuentes De Andalucia,"5,000","$5,325.00 ",Dressage - Breeding ,
13996,Paint Horse,Gelding,14 years,"14,1 hh",Roan-Bay,Weatherford TX,N/A,"$3,500.00 ",Trail - Versatility Ranch Horse ,
13997,American Quarter Horse,Gelding,14 years,"14,1 hh",Roan-Bay,Weatherford TX,N/A,"$3,500.00 ",Trail - Versatility Ranch Horse ,
13998,Appaloosa,Gelding,14 years,15 hh,Bay,Paicines CA,N/A,"$3,500.00 ",Trail - Versatility Ranch Horse ,
13999,American Quarter Horse,Gelding,14 years,15 hh,Bay,Paicines CA,N/A,"$3,500.00 ",Trail - Versatility Ranch Horse ,
14000,Paint Horse,Gelding,13 years,"13,2 hh",Buckskin,weatherford TX,N/A,"$3,500.00 ",Trail - Versatility Ranch Horse ,
14001,Oldenburg-International (OS),Gelding,7 years,"16,1 hh",Brown,PenigPenig,"20,000","$21,301.00 ",Jumping - Hunter,
14002,Pintos,Gelding,4 years,"15,3 hh",Pinto,Braunschweig,"8,200","$8,733.00 ",Leisure - Eventing - Jumping - Dressage,"suitable as school horse/pony, suitable for therapeutic riding, suitable for beginners"
14003,Hanoverian,Mare,5 years,N/A,N/A,Braunschweig,"14,000","$14,910.00 ",Jumping - Eventing - Hunter - Dressage,"is broken-in, Reliable for trail riding, is allrounder"
14004,American Quarter Horse,Gelding,13 years,"13,2 hh",Tobiano-all-colors,Weatherford TX,N/A,"$3,500.00 ",Trail - Versatility Ranch Horse ,
14005,Friesian horses,Gelding,7 years,"15,2 hh",Black,Weatherford TX,N/A,"$3,500.00 ",Trail - Versatility Ranch Horse ,
14006,Appaloosa,Mare,4 years,N/A,N/A,Hardinsburg IN,N/A,"$3,500.00 ",Trail - Versatility Ranch Horse ,
14007,American Quarter Horse,Gelding,13 years,12 hh,Buckskin,Brierfield AL,N/A,"$3,500.00 ",Trail - Versatility Ranch Horse ,
14008,Appaloosa,Gelding,11 years,"13,2 hh",Gray,Princeton MO,N/A,"$3,500.00 ",Trail - Versatility Ranch Horse ,
14009,Paint Horse,Mare,5 years,16 hh,Chestnut,Greensburg KY,N/A,"$3,500.00 ",Trail - Versatility Ranch Horse ,
14010,Drum Horse,Mare,5 years,16 hh,Chestnut,Greensburg KY,N/A,"$3,500.00 ",Trail - Versatility Ranch Horse ,
14011,American Quarter Horse,Mare,5 years,16 hh,Chestnut,Greensburg KY,N/A,"$3,500.00 ",Trail - Versatility Ranch Horse ,
14012,American Miniature Horse,Gelding,7 years,N/A,N/A,"Howell, MI",N/A,"$3,500.00 ",Trail - Versatility Ranch Horse ,
14013,American Quarter Horse,Gelding,8 years,"13,3 hh",Palomino,Afton WY,N/A,"$3,500.00 ",Trail - Versatility Ranch Horse ,
14014,Shetland Ponies,Gelding,11 years,"8,2 hh",N/A,Weatherford,N/A,N/A,Trail - Show - Leisure ,
14015,Friesian horses Mix,Gelding,9 years,"13,2 hh",Black,Ravenna,N/A,N/A,Trail - Show - Western - Leisure ,
14016,More ponies/small horses,Gelding,6 years,14 hh,Pinto,Canyon,N/A,N/A,Versatility Ranch Horse - Trail - Show - Leisure ,
14017,More ponies/small horses,Gelding,10 years,9 hh,Pinto,Millersburg,N/A,N/A,Trail - Show - Leisure - Driving ,
14018,More ponies/small horses,Gelding,5 years,9 hh,Buckskin,Auburn,N/A,N/A,Trail - Show - Leisure - Driving ,
14019,More ponies/small horses,Gelding,5 years,"9,1 hh",Pinto,Rigby,N/A,N/A,Trail - Show - Leisure - Driving ,
14020,Gypsy Horse Mix,Gelding,6 years,12 hh,Sorrel,Mount Vernon,N/A,N/A,Trail - Show - Leisure - Driving ,
14021,American Miniature Horse,Mare,12 years,"7,1 hh",Roan-Blue,Lyles,N/A,N/A,Trail - Show - Leisure ,
14022,American Quarter Horse,Gelding,4 years,"14,3 hh",Buckskin,Cody,N/A,N/A,Versatility Ranch Horse - Trail - Show - Western ,
14023,American Quarter Horse,Mare,3 years,"14,2 hh",Buckskin,Cody,N/A,N/A,Versatility Ranch Horse - Trail - Show - Western ,
14024,More ponies/small horses,Gelding,11 years,"9,1 hh",Buckskin,Cody,N/A,N/A,Trail - Show - Leisure ,
14025,American Quarter Horse,Gelding,3 years,"14,1 hh",Buckskin,"Cody, WY",N/A,N/A,Trail - Versatility Ranch Horse - Show - Western ,
14026,Donkey,Gelding,1 year,"6,2 hh",Gray,"Sullivan, IL",N/A,N/A,Leisure - Show ,
14027,More ponies/small horses,Mare,6 years,9 hh,Pinto,Moshannon,N/A,N/A,Trail - Show - Leisure ,
14028,More ponies/small horses,Mare,8 years,"9,2 hh",Roan-Blue,Rigby,N/A,N/A,Trail - Show - Leisure - Driving ,
14029,Donkey,Mare,1 year,7 hh,Gray,Berea,N/A,N/A,Leisure - Show - Driving ,
14030,Quarter Pony,Gelding,7 years,"13,2 hh",Palomino,Weatherford,N/A,N/A,Trail - English Pleasure - Western - Jumping ,
14031,Quarter Pony,Gelding,9 years,"12,3 hh",Pinto,Mount Vernon,N/A,N/A,Trail - Show - Western - Leisure ,
14032,Gypsy Horse,Gelding,7 years,"11,2 hh",Palomino,Canyon,N/A,N/A,Trail - Show - Leisure ,
14033,More ponies/small horses,Gelding,7 years,9 hh,N/A,Buckeye,N/A,N/A,Trail - Show - Leisure - Driving ,
14034,Quarter Pony,Gelding,5 years,N/A,N/A,Seymour,N/A,N/A,Trail - Show - Western - Leisure ,
14035,Welsh PB (Partbred) Mix,Mare,10 years,"10,1 hh",Pinto,Weatherford,N/A,N/A,Trail - Show - Leisure ,
14036,More ponies/small horses,Mare,9 years,"10,2 hh",Black,Rigby,N/A,N/A,Trail - Show - Leisure - Driving ,
14037,Quarter Pony,Mare,4 years,N/A,N/A,Rebersburg,N/A,N/A,Trail - Show - Western - Leisure ,
14038,More ponies/small horses,Gelding,5 years,8 hh,Champagne,Berea,N/A,N/A,Trail - Show - Leisure - Driving ,
14039,More ponies/small horses,Gelding,4 years,9 hh,Buckskin,Lindon,N/A,N/A,Trail - Show - Leisure ,
14040,More ponies/small horses,Gelding,6 years,11 hh,Leopard-Piebald,Rebersburg,N/A,N/A,Trail - Show - Leisure - Driving ,
14041,Shetland Ponies,Mare,8 years,"9,1 hh",Bay,Canyon,N/A,N/A,Trail - Show - Leisure - Driving ,
14042,Quarter Pony,Gelding,8 years,"13,1 hh",Palomino,Marana,N/A,N/A,Versatility Ranch Horse - Trail - Show - Leisure ,
14043,KWPN,Gelding,5 years,17 hh,Chestnut,Soest,"15,000","$15,975.00 ",Dressage,vet-check
14044,Pony of the Americas,Gelding,7 years,"12,1 hh",N/A,Buckeye,N/A,N/A,Trail - Show - Leisure - Driving ,
14045,More ponies/small horses,Gelding,10 years,"13,1 hh",Pinto,Ocala,N/A,N/A,Trail - Show - Jumping - Leisure ,
14046,American Quarter Horse,Mare,5 years,"14,3 hh",Buckskin,Cody,N/A,N/A,Versatility Ranch Horse - Reining - Show - Western ,
14047,Quarter Pony,Gelding,13 years,13 hh,Sorrel,Joshua,N/A,N/A,Versatility Ranch Horse - Trail - Western - Leisure ,
14048,More ponies/small horses,Mare,7 years,12 hh,N/A,Macomb,N/A,N/A,Trail - Show - Western - Leisure ,
14049,American Miniature Horse,Gelding,13 years,"8,2 hh",Black,Weatherford TX,N/A,"$3,500.00 ",Trail - Versatility Ranch Horse ,
14050,American Quarter Horse,Gelding,9 years,"14,2 hh",Black,Camp Verde AZ,N/A,"$3,500.00 ",Trail - Versatility Ranch Horse ,
14051,Hanoverian,Mare,3 years,"16,1 hh",Chestnut-Red,Wysin,"19,000","$20,235.00 ",Dressage ,
14052,Welsh A (Mountain Pony),Mare,10 years,"12,1 hh",Bay-Dark,Lorch,"6,000","$6,390.00 ",Leisure - Show - Breeding - Jumping ,
14053,Irish Thoroughbred,Mare,15 years,"15,2 hh",Brown,Lorch,"1,750","$1,864.00 ",Leisure - Breeding - Racing horses ,
14054,Oldenburg,Gelding,7 years,"16,1 hh",Brown,Brest,"25,000","$26,626.00 ",Dressage ,
14055,Belgian Draft,Gelding,5 years,"16,2 hh",N/A,Obertilliach,"4,900","$5,219.00 ",Eventing ,
14056,Shetland Ponies,Stallion,6 years,"8,1 hh",N/A,Obertilliach,"1,900","$2,024.00 ",Eventing ,
14057,Austrian Warmblood,Mare,9 years,"16,1 hh",Gray-Dapple,Obertilliach,"3,900","$4,154.00 ",Eventing ,
14058,American Quarter Horse,Gelding,7 years,"15,1 hh",Bay,Cherryville NC,N/A,"$3,500.00 ",Trail - Versatility Ranch Horse ,
14059,American Quarter Horse,Gelding,5 years,"14,3 hh",Bay,Calhoun City MS,N/A,"$3,500.00 ",Trail - Versatility Ranch Horse ,
14060,American Quarter Horse,Gelding,7 years,15 hh,Gray,fulton MO,N/A,"$3,500.00 ",Trail - Versatility Ranch Horse ,
14061,American Quarter Horse,Mare,11 years,"14,3 hh",Gray,Camp Verde AZ,N/A,"$3,500.00 ",Trail - Versatility Ranch Horse ,
14062,Paint Horse,Mare,13 years,"14,2 hh",Overo-all-colors,Weatherford TX,N/A,"$3,500.00 ",Trail - Versatility Ranch Horse ,
14063,American Quarter Horse,Gelding,13 years,"14,2 hh",Overo-all-colors,Weatherford TX,N/A,"$3,500.00 ",Trail - Versatility Ranch Horse ,
14064,Percheron,Gelding,15 years,"18,2 hh",Black,Brooksville KY,N/A,"$3,500.00 ",Trail - Versatility Ranch Horse ,
14065,Percheron,Gelding,15 years,N/A,N/A,Brooksville Ky,N/A,"$3,500.00 ",Trail - Versatility Ranch Horse ,
14066,Donkey,Stallion,2 years,"6,1 hh",Gray,"Howell, MI",N/A,"$3,499.00 ",Trail - Versatility Ranch Horse ,
14067,Mule,Mare,8 years,"9,2 hh",Bay,Brooksville KY,N/A,"$3,500.00 ",Trail - Versatility Ranch Horse ,
14068,American Quarter Horse,Gelding,16 years,"14,2 hh",Chestnut,Mt HOpe AL,N/A,"$3,500.00 ",Trail - Versatility Ranch Horse ,
14069,German Riding Pony,Stallion,1 year,N/A,N/A,Sumte,"5,000","$5,325.00 ",Eventing - Jumping - Leisure - Dressage ,
14070,Spanish Sporthorse,Stallion,6 years,16 hh,Chestnut,Salamanca,"25,000","$26,626.00 ",Dressage - Leisure,
14071,Irish Sport Horse,Mare,2 years,"16,1 hh",Bay,Limerick,"5,500","$5,858.00 ",Jumping - Eventing - Leisure - Dressage ,
14072,Irish Sport Horse,Gelding,9 years,"16,3 hh",Chestnut-Red,Kinsale,"18,500","$19,703.00 ",Jumping ,
14073,Irish Sport Horse,Mare,7 years,"16,2 hh",Bay,Dublin,"22,000","$23,431.00 ",Eventing - Jumping ,
14074,Mule,Gelding,2 years,13 hh,Bay,"Pendleton, ky",N/A,"$3,500.00 ",Trail - Western ,
14075,KWPN,Mare,13 years,"16,3 hh",Bay,Weert,"17,500","$18,638.00 ",Dressage ,
14076,Trakehner,Mare,9 years,"15,3 hh",Brown,Bad Oldesloe,"11,000","$11,715.00 ",Breeding - Leisure - Dressage ,
14077,German Sport Horse,Gelding,8 years,"16,1 hh",Chestnut-Red,Winnenden,"70,000","$74,552.00 ",Jumping - Dressage,
14078,Draft Horse Mix,Gelding,10 years,N/A,N/A,Cody,N/A,N/A,Versatility Ranch Horse - Trail - Show - Western ,
14079,Pintos,Mare,5 years,"13,3 hh",Buckskin,Cody,N/A,N/A,Trail - Show - Western - Leisure ,
14080,American Quarter Horse,Mare,5 years,N/A,N/A,"Cody, WY",N/A,N/A,Versatility Ranch Horse - Trail - Cowhorse - Show ,
14081,American Quarter Horse,Mare,5 years,"15,1 hh",Buckskin,"Cody, WY",N/A,N/A,Versatility Ranch Horse - Trail - Reining - Show ,
14082,American Quarter Horse,Gelding,5 years,"14,3 hh",Buckskin,Cody WY,N/A,N/A,Versatility Ranch Horse - Trail - Show - Western ,
14083,American Quarter Horse,Gelding,5 years,15 hh,Buckskin,Cody,N/A,N/A,Versatility Ranch Horse - Trail - Show - Western ,
14084,Gypsy Horse,Stallion,6 years,14 hh,Buckskin,Cody,N/A,N/A,Trail - Show - Breeding - Driving ,
14085,American Quarter Horse,Gelding,8 years,15 hh,Buckskin,"Cody, WY",N/A,N/A,Versatility Ranch Horse - Trail - Show - Driving ,
14086,Pony of the Americas,Mare,4 years,"14,1 hh",Dun,Cody WY,N/A,N/A,Trail - Versatility Ranch Horse - Show - Leisure ,
14087,American Quarter Horse,Gelding,10 years,15 hh,Buckskin,Cody WY,N/A,N/A,Versatility Ranch Horse - Trail - Show - Driving ,
14088,More ponies/small horses,Stallion,1 year,9 hh,Pinto,"Buckeye, AZ",N/A,N/A,Leisure - Trail - Show - Driving ,
14089,More ponies/small horses,Gelding,11 years,"9,1 hh",N/A,Henderson,N/A,N/A,Trail - Show - Leisure - Driving ,
14090,Quarter Pony,Gelding,11 years,"12,3 hh",Black,Canyon,N/A,N/A,Trail - Show - Western - Leisure ,
14091,Andalusian,Stallion,4 years,"15,2 hh",Black,Mallorca,"10,000","$10,650.00 ",Dressage - Working Equitation - Baroque - Eventing ,
14092,Lusitano Mix,Stallion,2 years,"16,2 hh",Black,Rio Maior,"20,000","$21,301.00 ",Dressage - Working Equitation - Show - Leisure ,
14093,Westphalian,Mare,8 years,16 hh,Brown,Saerbeck,"20,000","$21,301.00 ",Dressage ,
14094,Andalusian,Stallion,2 years,"15,2 hh",Gray,Mallorca,N/A,N/A,Dressage - Working Equitation - Eventing - Leisure ,
14095,Hanoverian,Gelding,7 years,"16,2 hh",Gray-Dapple,Schwalmtal,"15,000","$15,975.00 ",Jumping - Hunting - Eventing - Leisure,
14096,Oldenburg,Stallion,1 year,N/A,N/A,Löningen,"4,900","$5,219.00 ",Dressage,
14097,Hanoverian,Gelding,6 years,"16,2 hh",Chestnut-Red,Gleichen,"20,000","$21,301.00 ",Dressage ,
14098,Hanoverian,Gelding,8 years,"16,1 hh",Black,Gleichen,"40,000","$42,601.00 ",Dressage ,
14099,Czech Warmblood,Gelding,6 years,17 hh,Bay-Dark,Ceske Budejovic,"15,000","$15,975.00 ",Working Equitation - Hunter under saddle - Jumping - Leisure ,
14100,Cob,Mare,5 years,"14,3 hh",Black,Ganschow,N/A,N/A,Leisure - Hunting - Driving - Dressage ,
14101,Menorquin,Stallion,3 years,"15,3 hh",Black,Menorca,N/A,N/A,Leisure - Working Equitation - Eventing - Driving ,
14102,PRE Mix,Stallion,7 years,"16,1 hh",Bay-Dark,Valencia,"10,000","$10,650.00 ",Dressage - Working Equitation - Baroque - Leisure ,
14103,Shire Horse,Gelding,3 years,"17,2 hh",Black,Bad Füssing,"10,000","$10,650.00 ",Leisure ,
14104,Zangersheider,Mare,11 years,"16,2 hh",Gray,Geilenkirchen,"12,500","$13,313.00 ",Jumping - Dressage,"suitable as school horse/pony, suitable for therapeutic riding, suitable for beginners"
14105,PRE Mix,Stallion,3 years,"15,3 hh",Black,Hamburg,"10,000","$10,650.00 ",Dressage - Working Equitation - Baroque - Leisure ,
14106,German Sport Horse,Gelding,6 years,17 hh,Gray-Dapple,Epfendorf,"24,000","$25,561.00 ",Jumping - Dressage ,
14107,KWPN,Gelding,12 years,"17,1 hh",Bay-Dark,Ostrava,"25,000","$26,626.00 ",Dressage,
14108,Hanoverian,Mare,6 years,"16,1 hh",Brown,Tiddische13,"20,000","$21,301.00 ",Dressage - Leisure ,
14109,PRE Mix,Mare,2 years,16 hh,Black,Hamburg,"10,000","$10,650.00 ",Dressage - Working Equitation - Baroque - Breeding ,
14110,PRE Mix,Stallion,3 years,"15,2 hh",Black,Hamburg,"10,000","$10,650.00 ",Baroque - Working Equitation - Leisure - Dressage ,
14111,American Quarter Horse Mix,Mare,6 years,"15,3 hh",Chestnut-Red,Waldshut-Tiengen,N/A,N/A,Working Equitation - Versatility Ranch Horse - Western ,
14112,Pony of the Americas,Stallion,1 year,"13,1 hh",Leopard-Piebald,Waldshut-Tiengen,N/A,N/A,Leisure - Western - Driving ,
14113,PRE Mix,Stallion,5 years,"16,1 hh",Bay,Hamburg,"20,000","$21,301.00 ",Dressage - Working Equitation - Baroque - Breeding ,
14114,Arabian horses,Stallion,6 years,"15,3 hh",White,Lisboa / Mafra,"20,000","$21,301.00 ",Equitation Portugesa,
14115,German Riding Pony,Mare,11 years,"13,3 hh",Buckskin,Waldshut-Tiengen,N/A,N/A,Dressage - Breeding - Leisure ,
14116,Icelandic Horse,Mare,9 years,"13,1 hh",Black,Schneverdingen,"15,000","$15,975.00 ",Gaited - Leisure ,
14117,Selle Français,Gelding,10 years,17 hh,Brown,Lage,"4,950","$5,272.00 ",Dressage - Jumping - Leisure,
14118,Hanoverian,Mare,5 years,"16,2 hh",Chestnut-Red,Riedstadt,N/A,N/A,Dressage ,
14119,Hanoverian,Mare,10 years,"16,2 hh",Chestnut-Red,Riedstadt,"20,000","$21,301.00 ",Jumping ,
14120,Hanoverian,Gelding,5 years,"16,2 hh",Black,Riedstadt,N/A,N/A,Dressage - Jumping - Leisure ,
14121,Rhinelander,Gelding,4 years,"16,1 hh",Black,WürselenWürselen,"39,000","$41,536.00 ",Dressage - Leisure ,
14122,Hanoverian,Gelding,5 years,"16,2 hh",Brown,Riedstadt,N/A,N/A,Dressage ,
14123,Oldenburg,Gelding,5 years,"16,2 hh",Brown,Riedstadt,N/A,N/A,Dressage ,
14124,Zangersheider,Gelding,5 years,"16,2 hh",Chestnut,Messel,N/A,N/A,Jumping - Eventing - Dressage ,
14125,Lusitano,Mare,5 years,"16,1 hh",N/A,Borken,"26,500","$28,223.00 ",Dressage,
14126,Holstein,Gelding,17 years,18 hh,Chestnut,Castellon De La Plana/Castello De La Pla,"25,000","$26,626.00 ",Jumping,
14127,Oldenburg,Gelding,11 years,"16,3 hh",Black,Haftenkamp,"100,000","$106,503.00 ",Dressage - Leisure ,
14128,Hanoverian,Mare,13 years,"16,3 hh",Brown,Haftenkamp,"70,000","$74,552.00 ",Dressage - Leisure ,
14129,Oldenburg,Gelding,8 years,"17,1 hh",Brown,Haftenkamp,"100,000","$106,503.00 ",Dressage - Leisure ,
14130,Hanoverian,Mare,4 years,"16,1 hh",Black,Heinsberg,"15,500","$16,508.00 ",Dressage - Breeding ,
14131,Westphalian,Mare,6 years,16 hh,Brown,Zweibrücken,"20,000","$21,301.00 ",Jumping - Eventing - Dressage,
14132,Hanoverian,Gelding,5 years,"17,1 hh",Chestnut-Red,sardieu,"30,000","$31,951.00 ",Dressage ,
14133,Haflinger,Gelding,7 years,"14,2 hh",Chestnut-Red,Kaprun,"15,000","$15,975.00 ",Western allround - Dressage ,
14134,Baroque Pinto,Mare,3 years,"15,3 hh",Black,Ermelo,N/A,N/A,Dressage - Baroque - Breeding - Leisure ,
14135,Gypsy Horse,Mare,5 years,"12,3 hh",Black,Bogaarden,"2,500","$2,663.00 ",Leisure ,
14136,German Riding Pony,Mare,2 years,14 hh,Chestnut-Red,Linnich,"2,500","$2,663.00 ",Dressage - Leisure,
14137,Gypsy Horse,Gelding,13 years,"13,2 hh",Cremello,Linnich,"4,300","$4,580.00 ",Driving - Baroque - Leisure ,
14138,Zangersheider,Mare,6 years,"16,2 hh",Chestnut-Red,Mossautal,"20,000","$21,301.00 ",Jumping ,
14139,Hanoverian,Gelding,7 years,17 hh,Black,Priestewitz,"20,000","$21,301.00 ",Dressage,
14140,Heavy Warmblood,Gelding,9 years,"15,3 hh",Bay-Dark,Meinisberg,N/A,"$16,536.00 ",Leisure - Dressage,
14141,Swiss Warmblood,Mare,5 years,16 hh,Smoky-Black,Forch,"40,000","$42,601.00 ",Dressage - Jumping - Leisure,
14142,Paint Horse Mix,Gelding,3 years,15 hh,Pinto,Daleiden,"8,900","$9,479.00 ",Leisure - Trail - Western - Dressage ,
14143,Hanoverian,Mare,7 years,17 hh,Black,Riedstadt,N/A,N/A,Dressage ,
14144,KWPN,Mare,11 years,"16,2 hh",Bay-Dark,Elburg,"100,000","$106,503.00 ",Dressage,
14145,Hispano Arabian,Stallion,4 years,"15,1 hh",Chestnut,Bachstedt,"6,800","$7,242.00 ",Baroque - Working Equitation - Western - Dressage ,
14146,Kentucky Mountain Saddle Horse,Gelding,13 years,14 hh,Bay,"Whitley City, KY",N/A,"$12,500.00 ",Gaited - Trail - Western Pleasure - Western ,
14147,Quarter Pony,Mare,7 years,"12,1 hh",Buckskin,"Cody, WY",N/A,N/A,Versatility Ranch Horse - Trail - Show - Western ,
14148,More ponies/small horses,Gelding,8 years,"8,1 hh",Pinto,Greensburg,N/A,N/A,Trail - Show - Leisure - Driving ,
14149,Kentucky Mountain Saddle Horse,Gelding,10 years,15 hh,Black,"Whitley City, KY",N/A,"$7,500.00 ",Gaited - Western allround - Trail ,
14150,Arabian horses,Mare,7 years,"15,1 hh",Brown,Lodz,"8,000","$8,520.00 ",Breeding - Show ,
14151,Belgian Warmblood,Mare,13 years,16 hh,Gray,Denderhoutem,"6,500","$6,923.00 ",Breeding - Hunting - Jumping ,
14152,Zangersheider,Mare,1 year,N/A,N/A,Denderhoutem,"7,500","$7,988.00 ",Jumping - Eventing - Hunter ,
14153,Belgian Warmblood,Mare,16 years,"16,1 hh",Brown,Dendehoutem,"9,500","$10,118.00 ",Jumping - Breeding ,
14154,Zangersheider,Stallion,4 years,"16,1 hh",Gray,Denderhoutem,"30,000","$31,951.00 ",Jumping - Breeding - Mating ,
14155,Hanoverian,Stallion,2 years,"15,3 hh",Brown,Ayeneux,"10,000","$10,650.00 ",Jumping ,
14156,Hanoverian,Mare,3 years,"15,2 hh",Chestnut-Red,Ayeneux,"17,000","$18,105.00 ",Dressage ,
14157,Hanoverian,Stallion,2 years,"16,1 hh",Black,Ayeneux,"10,000","$10,650.00 ",Dressage ,
14158,Hanoverian,Gelding,4 years,17 hh,Brown,Soumagne,"15,000","$15,975.00 ",Jumping ,
14159,Icelandic Horse,Mare,6 years,14 hh,Brown,Lochen am See,"15,000","$15,975.00 ",Gaited - Breeding - Leisure - Dressage ,
14160,Thoroughbred,Gelding,7 years,"16,1 hh",Chestnut-Red,Göttingen,"9,900","$10,544.00 ",Leisure ,
14161,German Sport Horse,Mare,4 years,"16,3 hh",Bay-Dark,Jengen,"40,000","$42,601.00 ",Dressage - Breeding - Leisure ,
14162,PRE Mix,Mare,10 years,"15,2 hh",Buckskin,Valencia,"10,000","$10,650.00 ",Dressage - Working Equitation - Baroque - Leisure ,
14163,Hanoverian,Mare,6 years,"16,1 hh",Black,Alfstedt,"20,000","$21,301.00 ",Dressage - Breeding - Leisure,"Reliable for trail riding, is easy to load, vet-check"
14164,Irish Sport Horse,Gelding,7 years,17 hh,Smoky-Black,Riedstadt,N/A,N/A,Jumping ,
14165,Pony of the Americas,Gelding,12 years,13 hh,Tobiano-all-colors,"Coal City, IN",N/A,"$14,000.00 ",Driving - Trail ,
14166,Draft Horse,Gelding,4 years,16 hh,Black,"Coal City, IN",N/A,"$14,000.00 ",Trail - Driving ,
14167,Pony of the Americas,Gelding,10 years,9 hh,Buckskin,Corbin. KY,N/A,N/A,Trail ,
14168,Pony of the Americas,Gelding,12 years,N/A,N/A,"Crab Orchard, KY",N/A,N/A,Trail - Versatility Ranch Horse - Driving ,
14169,Jutland,Gelding,7 years,"13,2 hh",Gray,Altenstadt,"16,900","$17,999.00 ",Leisure - Dressage,
14170,Hanoverian,Gelding,10 years,"16,1 hh",Chestnut-Red,Riedstadt,"15,000","$15,975.00 ",Dressage ,
14171,Hanoverian,Mare,7 years,"16,1 hh",Brown,Riedstadt,N/A,N/A,Jumping - Hunter ,
14172,Westphalian,Gelding,6 years,"16,2 hh",Chestnut-Red,Riedstadt,N/A,N/A,Jumping ,
14173,Spotted Saddle Horse,Mare,9 years,15 hh,Tobiano-all-colors,"Otis Orchards, WA",N/A,"$12,000.00 ",Trail - Western allround - Gaited ,
14174,Holstein,Gelding,6 years,"16,3 hh",Brown,Riedstadt,N/A,N/A,Jumping - Hunter ,
14175,Hanoverian,Mare,5 years,16 hh,Brown,Riedstadt,N/A,N/A,Jumping - Leisure - Dressage ,
14176,Rhinelander,Gelding,5 years,16 hh,Gray,Riedstadt,"12,000","$12,780.00 ",Dressage - Jumping - Leisure ,
14177,Hanoverian,Gelding,7 years,"16,3 hh",Brown,Riedstadt,N/A,N/A,Jumping ,
14178,Hanoverian,Gelding,5 years,"16,1 hh",Brown,Riedstadt,N/A,N/A,Jumping - Leisure - Dressage ,
14179,Icelandic Horse,Mare,9 years,13 hh,Chestnut-Red,Schneverdingen,"20,000","$21,301.00 ",Gaited - Breeding ,
14180,KWPN,Gelding,9 years,17 hh,Black,De Wilp,"12,000","$12,780.00 ",Dressage,
14181,Icelandic Horse,Mare,7 years,"14,1 hh",Black,Schneverdingen,"20,000","$21,301.00 ",Gaited - Driving ,
14182,Hanoverian,Stallion,1 year,"16,1 hh",Brown,Kutenholz,"3,800","$4,047.00 ",Dressage - Eventing - Leisure ,
14183,Westphalian,Stallion,1 year,"16,2 hh",Chestnut-Red,Kutenholz,"3,500","$3,728.00 ",Dressage - Eventing - Leisure ,
14184,Hanoverian,Stallion,3 years,16 hh,Smoky-Black,Kutenholz,"25,000","$26,626.00 ",Dressage - Breeding - Eventing - Leisure ,
14185,PRE,Gelding,6 years,16 hh,Gray,Barcelona,"10,000","$10,650.00 ",Leisure ,
14186,PRE,Stallion,4 years,17 hh,Gray,Barcelona,"20,000","$21,301.00 ",Dressage - Breeding - Leisure ,
14187,German Riding Horse,Gelding,3 years,16 hh,Can be white,Linnich,"7,500","$7,988.00 ",Dressage - Jumping - Leisure,
14188,Draft Horse,Mare,5 years,15 hh,Gray,"New Summerfield, TX",N/A,"$7,500.00 ",Trail - Western allround - English Pleasure - Versatility Ranch Horse ,
14189,Tennessee walking horse,Gelding,9 years,13 hh,Black,"Fayetteville, TN",N/A,"$12,500.00 ",Gaited - Western allround - Trail ,
14190,Tennessee walking horse,Gelding,5 years,16 hh,Gray,Lawrenceburg,N/A,"$11,000.00 ",Western allround - Trail - Jumping ,
14191,Tennessee walking horse,Gelding,5 years,14 hh,Tobiano-all-colors,Lawrenceburg,N/A,"$11,000.00 ",Gaited - Western allround - Trail ,
14192,Spotted Saddle Horse,Gelding,9 years,"15,1 hh",Champagne,"Evansville, IN",N/A,N/A,Trail - Gaited ,
14193,American Quarter Horse,Mare,4 years,15 hh,Palomino,"Lawrenceburg, KY",N/A,"$10,000.00 ",Trail - Western allround - Western ,
14194,Danish Warmblood,Mare,17 years,"16,3 hh",Bay-Dark,Kamieniec Wrocławski,"14,900","$15,869.00 ",Dressage,
14195,Polish Halfbred,Mare,13 years,"16,3 hh",Brown,Zielona Góra,"34,900","$37,169.00 ",Jumping - Dressage,
14196,American Quarter Horse,Mare,9 years,16 hh,Chestnut-Red,Rheinbach,"25,000","$26,626.00 ",Western allround,
14197,Mecklenburg Warmblood,Mare,5 years,16 hh,Chestnut,Insel Poel,"20,000","$21,301.00 ",Jumping - Eventing ,
14198,Tennessee walking horse,Gelding,12 years,N/A,N/A,Mount Vernon,N/A,"$12,500.00 ",Trail - Show - Leisure ,
14199,Rocky Mountain Horse,Gelding,8 years,N/A,N/A,Mount Vernon,N/A,"$15,000.00 ",Trail - Gaited ,
14200,American Quarter Horse,Gelding,13 years,N/A,N/A,Mount Vernon,N/A,"$15,000.00 ",Versatility Ranch Horse - Trail ,
14201,German Sport Horse,Mare,7 years,"16,1 hh",Brown,Großrinderfeld,"19,500","$20,768.00 ",Dressage - Eventing - Jumping,
14202,Oldenburg,Stallion,1 year,"16,2 hh",Bay-Dark,Drentwede,"5,000","$5,325.00 ",Dressage - Eventing - Jumping - Leisure ,
14203,Icelandic Horse,Mare,10 years,14 hh,Brown,Schneverdingen,"20,000","$21,301.00 ",Gaited - Leisure,
14204,Icelandic Horse,Mare,6 years,"13,2 hh",Palomino,Schneverdingen,"20,000","$21,301.00 ",Gaited ,
14205,PRE Mix,Stallion,3 years,"15,2 hh",Brown,Hamburg,"15,000","$15,975.00 ",Dressage - Working Equitation - Baroque - Leisure ,
14206,PRE,Stallion,3 years,"15,1 hh",Black,Provinz Malaga,"15,000","$15,975.00 ",Dressage - Working Equitation - Eventing - Leisure ,
14207,PRE,Stallion,3 years,"15,1 hh",Black,Provinz Malaga,"10,000","$10,650.00 ",Dressage - Working Equitation - Eventing - Leisure ,
14208,PRE,Stallion,4 years,"15,2 hh",Gray,tabernas Almeria,"10,000","$10,650.00 ",Dressage - Baroque ,
14209,Oldenburg,Mare,10 years,16 hh,Black,Roßdorf bei Darmstadt,"70,000","$74,552.00 ",Dressage ,
14210,PRE,Mare,4 years,"16,2 hh",Gray,Wremen,"40,000","$42,601.00 ",Dressage - Working Equitation - Breeding - Leisure ,
14211,Trakehner,Stallion,3 years,16 hh,Brown,Ostenfeld,"15,000","$15,975.00 ",Jumping - Eventing ,
14212,Hanoverian,Gelding,9 years,"17,1 hh",Black,Martfeld,"100,000","$106,503.00 ",Dressage - Show - Leisure ,
14213,PRE,Stallion,1 year,"15,2 hh",Brown,Waldhölzbach,"10,000","$10,650.00 ",Dressage - Working Equitation - Show - Leisure ,
14214,German Riding Pony,Mare,6 years,"14,2 hh",N/A,Verl,"13,900","$14,804.00 ",Jumping - Dressage ,
14215,Hanoverian,Mare,8 years,"16,3 hh",Brown,Uetze,"100,000","$106,503.00 ",Jumping ,
14216,Menorquin,Stallion,1 year,"15,3 hh",Black,Menorca,N/A,N/A,Leisure - Working Equitation - Baroque - Eventing ,
14217,Holstein,Gelding,12 years,"17,2 hh",Bay-Dark,Brno,"89,000","$94,787.00 ",Jumping,
14218,Westphalian,Mare,6 years,"16,1 hh",Black,Altenmedingen,"45,000","$47,926.00 ",Dressage ,
14219,Hispano Arabian,Mare,11 years,15 hh,Brown,Efringen-Kirchen,"4,500","$4,793.00 ",Baroque - Working Equitation - Leisure - Dressage ,
14220,KWPN,Gelding,5 years,"16,2 hh",Chestnut-Red,Lelystad,"22,500","$23,963.00 ",Dressage,
14221,German Sport Horse,Mare,8 years,"17,1 hh",Chestnut-Red,Gerstetten,"70,000","$74,552.00 ",Jumping - Dressage ,
14222,Welsh D (Cob),Gelding,15 years,"14,2 hh",Bay,"Picture Butte, Alberta",N/A,"$25,000.00 ",Dressage - Jumping,
14223,Lusitano,Mare,2 years,"15,2 hh",Black,Rio Maior,"7,800","$8,307.00 ",Working Equitation - Breeding - Leisure - Dressage ,
14224,Czech Warmblood,Gelding,8 years,"16,1 hh",Chestnut-Red,1 Stunde von Prag,"12,000","$12,780.00 ",Jumping - Hunter ,
14225,Oldenburg-International (OS),Mare,14 years,"16,2 hh",Chestnut-Red,Brno,"55,000","$58,576.00 ",Jumping,
14226,German Riding Pony,Mare,9 years,"13,2 hh",Palomino,Rheine,"7,500","$7,988.00 ",Dressage - Breeding - Jumping ,
14227,KWPN,Gelding,16 years,"16,2 hh",Chestnut-Red,Ammerzoden,N/A,N/A,Dressage ,
14228,KWPN,Gelding,16 years,17 hh,Black,Ammerzoden,"100,000","$106,503.00 ",Dressage ,
14229,Trakehner,Mare,2 years,"16,1 hh",Black,Sperenberg,"5,499","$5,857.00 ",Eventing - Breeding - Jumping - Dressage ,
14230,Trakehner,Mare,1 year,"16,1 hh",Black,Sperenberg,"5,050","$5,378.00 ",Dressage - Eventing - Jumping - Leisure ,
14231,PRE Mix,Stallion,8 years,16 hh,Black,Madrid,"40,000","$42,601.00 ",Dressage - Working Equitation - Breeding - Leisure ,
14232,Other Warmbloods,Mare,6 years,16 hh,Gray,Euskirchen,"9,000","$9,585.00 ",Leisure - Dressage ,
14233,Pony of the Americas,Gelding,11 years,"9,2 hh",Black,"Charleston, IL",N/A,"$5,500.00 ",Trail - Western allround ,
14234,American Quarter Horse,Gelding,8 years,"12,2 hh",Palomino,Stephenville tX,N/A,"$3,500.00 ",Trail - Versatility Ranch Horse ,
14235,Haflinger,Mare,9 years,14 hh,Chestnut,Weatherford TX,N/A,"$3,500.00 ",Trail - Versatility Ranch Horse ,
14236,Draft Horse,Gelding,6 years,16 hh,Gray,El Paso Tx,N/A,"$3,500.00 ",Trail - Versatility Ranch Horse ,
14237,American Quarter Horse,Gelding,6 years,16 hh,Gray,El Paso TX,N/A,"$3,500.00 ",Trail - Versatility Ranch Horse ,
14238,Palomino,Gelding,8 years,"15,1 hh",Palomino,"Brodhead, KY",N/A,"$3,500.00 ",Trail - Versatility Ranch Horse ,
14239,American Quarter Horse,Gelding,8 years,"15,1 hh",Palomino,"Brodhead, KY",N/A,"$3,500.00 ",Trail - Versatility Ranch Horse ,
14240,Tennessee walking horse,Gelding,5 years,15 hh,Brown,"Hustonville, KY",N/A,"$13,999.00 ",Gaited - Western allround - Trail ,
14241,Friesian horses,Gelding,10 years,16 hh,Tobiano-all-colors,Sturgis MI,N/A,"$3,500.00 ",Trail - Versatility Ranch Horse ,
14242,Mule,Gelding,8 years,13 hh,Grullo,Mount Vernon,N/A,"$3,500.00 ",Trail - Versatility Ranch Horse ,
14243,Paint Horse,Gelding,10 years,14 hh,Tobiano-all-colors,El Paso Tx,N/A,"$3,500.00 ",Trail - Versatility Ranch Horse ,
14244,American Quarter Horse,Gelding,10 years,14 hh,Tobiano-all-colors,El Paso Tx,N/A,"$3,500.00 ",Trail - Versatility Ranch Horse ,
14245,American Quarter Horse,Gelding,11 years,"15,1 hh",Roan-Red,Level Green KY,N/A,"$3,500.00 ",Trail - Versatility Ranch Horse ,
14246,American Quarter Horse,Gelding,15 years,"15,1 hh",Roan-Bay,Valley Springs CA,N/A,"$3,500.00 ",Trail - Versatility Ranch Horse ,
14247,American Quarter Horse,Gelding,9 years,15 hh,Gray,Paicines CA,N/A,"$3,500.00 ",Trail - Versatility Ranch Horse ,
14248,Haflinger,Mare,13 years,"14,3 hh",Chestnut,Bitterwater CA,N/A,"$3,500.00 ",Trail - Versatility Ranch Horse ,
14249,American Quarter Horse,Gelding,12 years,15 hh,Grullo,Paicines CA,N/A,"$3,500.00 ",Trail - Versatility Ranch Horse ,
14250,American Quarter Horse,Gelding,7 years,"14,2 hh",Cremello,Weatherford TX,N/A,"$3,500.00 ",Trail - Versatility Ranch Horse ,
14251,Paint Horse,Gelding,11 years,"15,1 hh",N/A,"Lyles, TN",N/A,N/A,Trail - Versatility Ranch Horse - Show - Western ,
14252,American Quarter Horse,Gelding,10 years,"15,3 hh",Red Dun,Orangevale,N/A,N/A,Versatility Ranch Horse - Cowhorse - Show - Western ,
14253,Paint Horse,Gelding,8 years,"14,3 hh",Tobiano-all-colors,"Cannon Falls, MN",N/A,N/A,Trail - Versatility Ranch Horse - Show - Western ,
14254,American Quarter Horse,Gelding,6 years,"15,1 hh",Palomino,"Ponder, TX",N/A,N/A,Versatility Ranch Horse - Trail - Show - Western ,
14255,American Quarter Horse,Gelding,13 years,15 hh,Buckskin,"Clarion, PA",N/A,N/A,Versatility Ranch Horse - Trail - Show - Western ,
14256,American Quarter Horse,Gelding,13 years,"15,2 hh",Roan-Bay,"Needmore, PA",N/A,N/A,Versatility Ranch Horse - Trail - Show - Western ,
14257,American Quarter Horse,Gelding,11 years,"15,1 hh",Palomino,"Argyle, TX",N/A,N/A,Reining - Versatility Ranch Horse - Trail - Western ,
14258,American Quarter Horse,Gelding,5 years,N/A,N/A,"Canyon, TX",N/A,N/A,Reining - Versatility Ranch Horse - Trail - Show ,
14259,Appaloosa,Gelding,10 years,"15,3 hh",N/A,Waterford,N/A,N/A,Trail - Western Pleasure - Show - Western ,
14260,American Quarter Horse,Mare,7 years,15 hh,Grullo,Joshua,N/A,N/A,Versatility Ranch Horse - Trail - Show - Western ,
14261,Gypsy Horse,Mare,9 years,"14,3 hh",N/A,"Beach City, OH",N/A,N/A,Trail - English Pleasure - Breeding - Western ,
14262,American Quarter Horse,Mare,6 years,"14,1 hh",Sorrel,"Dewey, AZ",N/A,N/A,Versatility Ranch Horse - Trail - Show - Western ,
14263,Mule,Mare,14 years,"14,3 hh",Roan-Bay,Caldwell,N/A,N/A,Trail - Show - Western - Leisure ,
14264,American Quarter Horse,Gelding,9 years,"15,3 hh",Dun,Carthage,N/A,N/A,Versatility Ranch Horse - Trail - Show - Western ,
14265,American Quarter Horse Mix,Mare,4 years,"15,1 hh",Roan-Red,"Auburn, KY",N/A,N/A,Trail - English Pleasure - Show - Western ,
14266,American Quarter Horse,Gelding,9 years,16 hh,Cremello,"Bellevue, IA",N/A,N/A,Trail - Versatility Ranch Horse - Show - Western ,
14267,Paint Horse,Gelding,11 years,"15,1 hh",N/A,"Clarion, PA",N/A,N/A,Versatility Ranch Horse - Trail - Show - Leisure ,
14268,Friesian horses Mix,Gelding,9 years,"16,1 hh",Black,"Camden, MI",N/A,N/A,Trail - Versatility Ranch Horse - Driving - Dressage ,
14269,Quarter Pony,Mare,13 years,13 hh,N/A,"Elkhart, TX",N/A,N/A,Trail - Versatility Ranch Horse - Show - Leisure ,
14270,Draft Horse Mix,Mare,6 years,N/A,N/A,"Dewey, AZ",N/A,N/A,Trail - Versatility Ranch Horse - Show - Leisure ,
14271,Brandenburg Warmblood,Gelding,6 years,16 hh,Gray,Wolfsburg,"20,000","$21,301.00 ",Jumping ,
14272,Icelandic Horse,Gelding,7 years,"14,2 hh",Pinto,Lingen,"13,000","$13,845.00 ",Leisure ,
14273,Hungarian Sport Horse,Gelding,12 years,16 hh,Brown,Přelíc,"45,000","$47,926.00 ",Dressage ,
14274,American Quarter Horse,Gelding,5 years,"15,1 hh",Bay,Camp Verde AZ,N/A,"$3,500.00 ",Trail - Versatility Ranch Horse ,
14275,American Quarter Horse,Gelding,5 years,"14,3 hh",Roan-Bay,Rusk Tx,N/A,"$3,500.00 ",Trail - Versatility Ranch Horse ,
14276,American Quarter Horse,Gelding,15 years,15 hh,Buckskin,Stephenville TX,N/A,"$3,500.00 ",Trail - Versatility Ranch Horse ,
14277,Welsh A (Mountain Pony),Gelding,12 years,"13,1 hh",Palomino,"Howell, MI",N/A,"$3,500.00 ",Jumping - Trail ,
14278,American Quarter Horse,Gelding,9 years,N/A,N/A,Lipan TX,N/A,"$3,500.00 ",Trail - Versatility Ranch Horse ,
14279,Westphalian,Mare,5 years,"16,1 hh",Chestnut-Red,Nettetal,"18,000","$19,170.00 ",Jumping ,
14280,Oldenburg-International (OS),Mare,15 years,"16,2 hh",Bay,Radzionków,"8,000","$8,520.00 ",Breeding - Jumping ,
14281,Paint Horse,Gelding,10 years,15 hh,Tobiano-all-colors,Camp Verde AZ,N/A,"$3,500.00 ",Trail - Versatility Ranch Horse ,
14282,American Quarter Horse,Gelding,10 years,15 hh,Tobiano-all-colors,Camp Verde AZ,N/A,"$3,500.00 ",Trail - Versatility Ranch Horse ,
14283,American Quarter Horse,Gelding,10 years,"12,2 hh",Tobiano-all-colors,"Santa Fe, TN",N/A,"$3,500.00 ",Trail - Versatility Ranch Horse ,
14284,American Quarter Horse,Gelding,9 years,16 hh,Bay,Henderson KY,N/A,"$3,500.00 ",Trail - Versatility Ranch Horse ,
14285,German Riding Pony,Mare,4 years,"14,2 hh",Chestnut-Red,Neuenkirchen-Vörden,"40,000","$42,601.00 ",Dressage - Breeding - Eventing - Leisure ,
14286,Mecklenburg Warmblood,Stallion,3 years,N/A,N/A,Rostock,N/A,N/A,Dressage - Breeding ,
14287,Paint Horse,Mare,13 years,"14,2 hh",Black,Meuzac,"13,000","$13,845.00 ",Breeding - Western,
14288,Mecklenburg Warmblood,Stallion,3 years,N/A,N/A,Rostock,N/A,N/A,Dressage - Breeding ,
14289,PRE Mix,Mare,5 years,16 hh,Brown,Barcelona,N/A,N/A,Dressage - Baroque - Breeding - Leisure ,
14290,Holstein,Mare,1 year,N/A,N/A,Calau,"5,500","$5,858.00 ",Dressage - Breeding - Hunter - Leisure ,
14291,PRE Mix,Stallion,9 years,"16,2 hh",Brown,Barcelona,N/A,N/A,Dressage - Working Equitation - Baroque - Leisure ,
14292,PRE Mix,Stallion,4 years,"16,1 hh",Brown,Barcelona,"20,000","$21,301.00 ",Dressage - Show - Baroque - Leisure ,
14293,PRE Mix,Stallion,5 years,"16,1 hh",Brown,Barcelona,"20,000","$21,301.00 ",Dressage - Working Equitation - Baroque - Leisure ,
14294,PRE Mix,Stallion,5 years,"16,1 hh",Brown,Barcelona,N/A,N/A,Dressage - Show - Baroque - Leisure ,
14295,German Sport Horse,Mare,5 years,"16,2 hh",Chestnut-Red,Krumke,"18,000","$19,170.00 ",Jumping - Eventing - Dressage ,
14296,Haflinger,Mare,1 year,15 hh,Chestnut-Red,Staufenberg,"3,000","$3,195.00 ",Breeding ,
14297,Oldenburg,Gelding,6 years,"16,1 hh",Brown,Wees,"28,500","$30,353.00 ",Dressage - Jumping,
14298,Hanoverian,Mare,5 years,"15,2 hh",Chestnut-Red,Renningen,"40,000","$42,601.00 ",Dressage,
14299,Lusitano,Gelding,4 years,"15,2 hh",N/A,Chiclana de la Frontera,N/A,N/A,Leisure ,
14300,American Quarter Horse,Mare,5 years,"14,2 hh",Sabino,"Beach City, OH",N/A,N/A,Versatility Ranch Horse - English Pleasure - Trail - Western ,
14301,American Quarter Horse,Mare,7 years,14 hh,Sorrel,"Jacksboro, TX",N/A,N/A,Versatility Ranch Horse - Trail - Cowhorse - Show ,
14302,American Quarter Horse,Gelding,6 years,"15,2 hh",Roan-Red,"Henderson, KY",N/A,N/A,Versatility Ranch Horse - Trail - Show - Western ,
14303,American Quarter Horse,Gelding,7 years,"14,2 hh",Buckskin,"Crawford, NE",N/A,N/A,Versatility Ranch Horse - Trail - Show - Western ,
14304,American Quarter Horse,Gelding,5 years,"14,2 hh",Roan-Bay,"Zearing, IA",N/A,N/A,Versatility Ranch Horse - Trail - Show - Western ,
14305,American Quarter Horse,Mare,6 years,N/A,N/A,"Zearing, IA",N/A,N/A,Versatility Ranch Horse - Trail - Show - Western ,
14306,Andalusian,Gelding,6 years,"15,2 hh",Gray,"Allenwood, PA",N/A,N/A,Trail - English Pleasure - Show - Western ,
14307,Friesian horses,Mare,4 years,N/A,N/A,"Texarkana, TX",N/A,N/A,Trail - English Pleasure - Western - Dressage ,
14308,Quarter Pony,Gelding,13 years,13 hh,N/A,"Carthage, TX",N/A,N/A,Trail - Versatility Ranch Horse - Show - Leisure ,
14309,American Quarter Horse,Gelding,10 years,"15,2 hh",Palomino,"Fergus Falls, MN",N/A,N/A,Versatility Ranch Horse - Trail - Show - Western ,
14310,Quarter Pony,Gelding,6 years,14 hh,Black,"Orrville, OH",N/A,N/A,Trail - English Pleasure - Show - Western ,
14311,Quarter Pony,Mare,5 years,"13,2 hh",Bay,"Decorah, IA",N/A,N/A,Trail - Versatility Ranch Horse - Show - Western ,
14312,American Quarter Horse,Gelding,9 years,15 hh,Palomino,"Crawford, NE",N/A,N/A,Versatility Ranch Horse - Trail - Show - Western ,
14313,American Quarter Horse,Mare,3 years,14 hh,Sorrel,"Lufkin, TX",N/A,N/A,Versatility Ranch Horse - Trail - Cowhorse - Western ,
14314,American Quarter Horse,Mare,7 years,"14,3 hh",Sorrel,"Weatherford, TX",N/A,N/A,Cutting - Versatility Ranch Horse - Cowhorse - Show ,
14315,American Quarter Horse,Gelding,9 years,"15,3 hh",Grullo,Clarion,N/A,N/A,Versatility Ranch Horse - Trail - Show - Western ,
14316,Draft Horse Mix,Gelding,8 years,"16,1 hh",Chestnut,Waterford,N/A,N/A,Versatility Ranch Horse - Trail - Show - Western ,
14317,American Quarter Horse,Gelding,11 years,"15,1 hh",Buckskin,Rebersburg,N/A,N/A,Versatility Ranch Horse - Trail - Show - Western ,
14318,American Quarter Horse,Gelding,7 years,"14,2 hh",Roan-Bay,Ravenna,N/A,N/A,Versatility Ranch Horse - Trail - Show - Western ,
14319,American Quarter Horse,Mare,9 years,"13,1 hh",Palomino,Robards,N/A,N/A,Versatility Ranch Horse - Trail - Show - Western ,
14320,Paint Horse,Gelding,12 years,15 hh,Pinto,Ocala,N/A,N/A,Trail - English Pleasure - Show - Western ,
14321,American Quarter Horse,Mare,13 years,"15,2 hh",Roan-Bay,Clover,N/A,N/A,Trail - English Pleasure - Show - Jumping ,
14322,American Quarter Horse,Gelding,12 years,"14,2 hh",N/A,"Rosemount, MN",N/A,N/A,Cutting - Versatility Ranch Horse - Trail - Cowhorse ,
14323,Friesian horses Mix,Gelding,16 years,16 hh,N/A,"Lancaster, PA",N/A,N/A,Trail - English Pleasure - Show - Western ,
14324,Mule,Mare,11 years,"15,1 hh",Bay,"Baxter Springs, KS",N/A,N/A,Trail - Show - Leisure - Driving ,
14325,American Quarter Horse,Gelding,7 years,15 hh,Buckskin,"Congress, AZ",N/A,N/A,Versatility Ranch Horse - Trail - Show - Western ,
14326,American Quarter Horse,Mare,3 years,"14,3 hh",Bay,"Cresson, TX",N/A,N/A,Reining - Versatility Ranch Horse - Trail - Show ,
14327,American Quarter Horse,Gelding,12 years,"15,2 hh",Buckskin,"Casa Grande, AZ",N/A,N/A,Versatility Ranch Horse - Western allround - Trail - Show ,
14328,American Quarter Horse,Mare,7 years,14 hh,Palomino,"Stephenville, TX",N/A,N/A,Versatility Ranch Horse - Trail - Show - Western ,
14329,Friesian horses Mix,Gelding,6 years,15 hh,Bay,"Orrville, OH",N/A,N/A,Trail - English Pleasure - Western - Driving ,
14330,Draft Horse Mix,Gelding,9 years,16 hh,Roan-Blue,"Henderson, KY",N/A,N/A,Trail - Versatility Ranch Horse - Show - Leisure ,
14331,American Quarter Horse,Gelding,12 years,"14,3 hh",Sorrel,"Lufkin, TX",N/A,N/A,Versatility Ranch Horse - Trail - Show - Western ,
14332,American Quarter Horse,Gelding,3 years,15 hh,Bay,"Waco, TX",N/A,N/A,Reining - Versatility Ranch Horse - Trail - Show ,
14333,American Quarter Horse,Mare,3 years,15 hh,Bay,"Kaufman, TX",N/A,N/A,Versatility Ranch Horse - Trail - Show - Breeding ,
14334,Draft Horse Mix,Mare,8 years,"15,3 hh",Buckskin,"Morriston, FL",N/A,"$10,000.00 ",Trail - English Pleasure - Western - Driving ,
14335,American Quarter Horse,Gelding,3 years,"15,1 hh",Sorrel,"Waco, TX",N/A,N/A,Reining - Versatility Ranch Horse - Trail - Show ,
14336,American Quarter Horse,Gelding,4 years,"14,1 hh",Sorrel,"Arp, TX",N/A,N/A,Versatility Ranch Horse - Trail - Show - Western ,
14337,American Quarter Horse,Mare,4 years,"14,1 hh",Sorrel,"Waco, TX",N/A,N/A,Cutting - Versatility Ranch Horse - Trail - Show ,
14338,American Quarter Horse,Gelding,5 years,"14,3 hh",Buckskin,"Mount Vernon, MO",N/A,N/A,Versatility Ranch Horse - Trail - Show - Western ,
14339,Paint Horse,Mare,3 years,"14,1 hh",Roan-Red,"Waco, TX",N/A,N/A,Trail - Versatility Ranch Horse - Cowhorse - Show ,
14340,Clydesdale,Gelding,6 years,"16,1 hh",Roan-Blue,"Crab Orchard, KY",N/A,N/A,Trail - Versatility Ranch Horse - Show - Driving ,
14341,Hanoverian,Gelding,7 years,"16,2 hh",Brown,Stade,"7,000","$7,455.00 ",Leisure - Jumping,
14342,Other Breeds,Mare,7 years,16 hh,Chestnut-Red,Achtmaal,"3,450","$3,674.00 ",Leisure ,
14343,Oldenburg,Mare,5 years,"16,1 hh",Chestnut-Red,Plech,"11,000","$11,715.00 ",Dressage - Breeding - Leisure ,
14344,German Riding Pony,Mare,13 years,"14,2 hh",Gray,Klingenberg,"16,500","$17,573.00 ",Dressage - Breeding - Jumping - Leisure ,
14345,Westphalian,Gelding,15 years,16 hh,Brown,Reichenau,"5,500","$5,858.00 ",Dressage - Jumping - Leisure,
14346,PRE,Stallion,4 years,"16,2 hh",Buckskin,Barcelona,"20,000","$21,301.00 ",Dressage - Doma Vaquera - Breeding - Leisure ,
14347,PRE Mix,Gelding,4 years,15 hh,Gray,Sant Miquel D'Olerdola (Olerdola),"3,500","$3,728.00 ",Dressage - Leisure ,
14348,PRE Mix,Gelding,3 years,"14,3 hh",Gray,Sant Miquel D'Olerdola (Olerdola),"3,500","$3,728.00 ",Dressage - Working Equitation - Leisure ,
14349,PRE Mix,Gelding,3 years,"15,1 hh",Brown,Sant Miquel D'Olerdola (Olerdola),"3,500","$3,728.00 ",Dressage - Leisure ,
14350,Haflinger,Gelding,4 years,"14,2 hh",Chestnut-Red,Gummern,"7,900","$8,414.00 ",Leisure - Working Equitation - Jumping - Dressage ,
14351,Oldenburg,Gelding,4 years,"16,1 hh",Black,Wentorf bei Hamburg,"18,500","$19,703.00 ",Dressage - Eventing - Jumping - Leisure,
14352,Gypsy Horse,Mare,7 years,"13,1 hh",Pinto,Bogaarden,"2,800","$2,982.00 ",Leisure ,
14353,More ponies/small horses,Gelding,6 years,"14,3 hh",Brown,Bogaarden,"3,500","$3,728.00 ",Leisure ,
14354,Hungarian Sport Horse,Mare,7 years,"14,1 hh",Chestnut-Red,Cegléd,"4,000","$4,260.00 ",Leisure - Jumping - Dressage,
14355,Lipizzaner,Gelding,7 years,"16,1 hh",Gray,Cegléd,"10,000","$10,650.00 ",Dressage,
14356,German Sport Horse,Gelding,8 years,"16,1 hh",Gray,Cegléd,"12,000","$12,780.00 ",Jumping - Dressage,
14357,Anglo-Arab Mix,Gelding,6 years,17 hh,Gray,La Flecha,"9,000","$9,585.00 ",Jumping - Doma Vaquera - Leisure - Dressage ,
14358,Hanoverian,Gelding,8 years,"16,1 hh",Brown,Bergheim,"70,000","$74,552.00 ",Jumping ,
14359,American Quarter Horse,Gelding,3 years,15 hh,Bay,"Waco, TX",N/A,N/A,Versatility Ranch Horse - Trail - Show - Western ,
14360,Fjord Horses,Mare,11 years,"15,1 hh",Sorrel,Canistota,N/A,N/A,Trail - Show - Leisure - Driving ,
14361,Friesian horses Mix,Gelding,8 years,N/A,N/A,Oelwein,N/A,N/A,Dressage - English Pleasure - Show - Driving ,
14362,Paint Horse,Gelding,9 years,16 hh,Roan-Red,Centreville,N/A,N/A,Versatility Ranch Horse - English Pleasure - Show - Western ,
14363,Paint Horse,Gelding,7 years,"15,2 hh",Bay,"Canyon, TX",N/A,N/A,Trail - Versatility Ranch Horse - Show - Western ,
14364,Menorquin,Mare,1 year,"15,3 hh",Black,Menorca,N/A,N/A,Leisure - Working Equitation - Baroque - Eventing ,
14365,Irish Sport Horse,Mare,12 years,"15,2 hh",Brown,Lage,"2,750","$2,929.00 ",Leisure - Breeding,
14366,Baroque Pinto,Gelding,3 years,15 hh,Pinto,Chiclana de la Frontera,N/A,N/A,Baroque - Leisure ,
14367,German Sport Horse,Mare,6 years,16 hh,Brown,Danewitz,"35,000","$37,276.00 ",Jumping - Breeding - Leisure ,
14368,German Sport Horse,Stallion,3 years,16 hh,Black,Ladeburg,"20,000","$21,301.00 ",Dressage - Leisure ,
14369,Menorquin,Stallion,3 years,"15,2 hh",Black,Menorca,N/A,N/A,Leisure - Working Equitation - Baroque - Dressage ,
14370,German Sport Horse,Gelding,5 years,"16,2 hh",Black,Ladeburg,"16,500","$17,573.00 ",Jumping - Hunter - Leisure - Dressage ,
14371,Hanoverian,Stallion,2 years,"15,1 hh",Can be white,Syke OT-Gödestorf,"7,500","$7,988.00 ",Jumping - Eventing,
14372,Icelandic Horse,Mare,10 years,14 hh,Red Dun,Alkmaar,"16,500","$17,573.00 ",Gaited - Breeding,
14373,Noriker,Mare,7 years,"15,1 hh",Leopard-Piebald,Waldshut-Tiengen,N/A,N/A,Breeding - Leisure - Driving ,
14374,Menorquin,Stallion,7 years,"15,2 hh",Black,Menorca,"10,000","$10,650.00 ",Driving - Working Equitation - Baroque - Leisure ,
14375,Menorquin,Stallion,3 years,"14,3 hh",Black,Menorca,N/A,N/A,Leisure - Working Equitation - Baroque - Western ,
14376,KWPN,Gelding,5 years,"17,2 hh",Black,Almere,"12,000","$12,780.00 ",Dressage,
14377,Menorquin,Mare,1 year,"15,2 hh",Chestnut-Red,Menorca,"5,000","$5,325.00 ",Leisure - Working Equitation - Baroque - Eventing ,
14378,Hucul,Gelding,5 years,"14,2 hh",Black,Pelmberg,"4,600","$4,899.00 ",Leisure ,
14379,More ponies/small horses,Gelding,7 years,"14,1 hh",Chestnut-Red,Eichstätt,"3,900","$4,154.00 ",Leisure - Driving,
14380,Zangersheider,Stallion,1 year,N/A,N/A,Nowy Tomysl,"19,500","$20,768.00 ",Jumping,
14381,Hanoverian,Mare,1 year,"16,2 hh",Black,Ochtersum,"5,000","$5,325.00 ",Dressage - Breeding - Jumping - Leisure ,
14382,Hanoverian,Stallion,1 year,"16,2 hh",N/A,Ochtersum,"5,000","$5,325.00 ",Dressage - Eventing - Jumping - Leisure ,
14383,Hanoverian,Stallion,1 year,"16,2 hh",Smoky-Black,Ochtersum,"5,000","$5,325.00 ",Dressage - Eventing - Jumping - Leisure ,
14384,Icelandic Horse,Mare,9 years,14 hh,Dun,Schneverdingen,"20,000","$21,301.00 ",Gaited - Leisure ,
14385,Paint Horse,Mare,2 years,"15,1 hh",Tobiano-all-colors,TraunkirchenTraunkirchen,"8,500","$9,053.00 ",Western allround,
14386,Polish Halfbred,Mare,5 years,"16,1 hh",Bay-Dark,Stara Kamienica,"40,000","$42,601.00 ",Dressage ,
14387,Icelandic Horse,Gelding,7 years,"13,2 hh",Brown,Schneverdingen,"20,000","$21,301.00 ",Gaited - Leisure ,
14388,Mustang (american),Mare,11 years,"15,1 hh",Black,Kirchheim unter Teck,"16,500","$17,573.00 ",Working Equitation - Endurance - Western - Leisure ,
14389,Mustang (american),Mare,4 years,"14,3 hh",Buckskin,Nerenstetten,"15,000","$15,975.00 ",Western - Working Equitation - Endurance - Leisure ,
14390,Zangersheider,Stallion,1 year,N/A,N/A,Belfeld,"10,000","$10,650.00 ",Jumping,
14391,Lusitano,Gelding,11 years,16 hh,Buckskin,Madrid,"70,000","$74,552.00 ",Dressage ,
14392,Hanoverian,Mare,1 year,"16,2 hh",Chestnut-Red,Hamburg Osdorf,"10,000","$10,650.00 ",Dressage ,
14393,Spotted Saddle Horse,Gelding,11 years,15 hh,Tobiano-all-colors,"Whitley CitY, KY",N/A,"$12,500.00 ",Gaited - Trail ,
14394,Mule,Gelding,4 years,11 hh,Sorrel,"Stephenville, tx",N/A,"$4,500.00 ",Trail - Western allround ,
14395,Tennessee walking horse,Gelding,7 years,14 hh,Tobiano-all-colors,"Tompkinsville, KY",N/A,"$9,998.00 ",Trail - Western ,
14396,Menorquin,Stallion,1 year,"15,2 hh",Black,Menorca,N/A,N/A,Leisure - Baroque - Eventing - Driving ,
14397,American Quarter Horse,Gelding,17 years,"15,3 hh",Roan-Red,"Fishtail, MT",N/A,N/A,Trail - Versatility Ranch Horse - Western Pleasure - Cowhorse ,
14398,Quarter Pony,Mare,12 years,"13,3 hh",Sorrel,"Fishtail, MT",N/A,N/A,Trail - Versatility Ranch Horse ,
14399,Westphalian,Gelding,6 years,15 hh,Black,"Stockton, MO",N/A,N/A,Trail - Versatility Ranch Horse - Hunter - Dressage ,
14400,Quarter Pony,Gelding,9 years,13 hh,Tobiano-all-colors,"Stephenville, TX",N/A,"$10,000.00 ",Gaited - Western allround - Trail ,
14401,KWPN,Mare,1 year,"16,2 hh",Bay-Dark,Lutjegast,"2,500","$2,663.00 ",Dressage - Eventing - Hunter - Leisure ,
14402,KWPN,Stallion,1 year,"16,1 hh",Bay-Dark,Lutjegast,"2,500","$2,663.00 ",Dressage - Eventing - Hunter - Leisure ,
14403,Westphalian,Gelding,3 years,"16,1 hh",N/A,Dorsten,"14,500","$15,443.00 ",Leisure ,
14404,Westphalian,Gelding,3 years,16 hh,Brown,Dorsten,"4,900","$5,219.00 ",Dressage ,
14405,Mecklenburg Warmblood,Stallion,3 years,N/A,N/A,Rostock,N/A,N/A,Jumping - Breeding ,
14406,PRE,Mare,5 years,16 hh,Black,Galaroza (Huelva),N/A,N/A,Dressage - Working Equitation - Breeding ,
14407,Andalusian,Stallion,6 years,"15,1 hh",Smoky-Black,Vejer de la Frontera,"10,000","$10,650.00 ",Leisure - Baroque - Dressage ,
14408,American Quarter Horse,Gelding,3 years,N/A,N/A,Mooslargue,"15,000","$15,975.00 ",Reining - Western allround - Breeding - Western ,
14409,CSFR Warmblood,Gelding,9 years,"16,2 hh",Gray,1 Stunde von Prag,"24,972","$26,596.00 ",Jumping ,
14410,German Sport Horse,Stallion,1 year,N/A,N/A,Bann,"8,000","$8,520.00 ",Dressage,
14411,Tennessee walking horse,Gelding,7 years,15 hh,Gray,"Rockholds, KY",N/A,"$8,500.00 ",Gaited - Western allround - Trail ,
14412,Tennessee walking horse,Gelding,16 years,15 hh,Buckskin,"Mize, KY",N/A,"$12,500.00 ",Gaited - Trail ,
14413,German Riding Pony,Mare,6 years,"14,1 hh",Pinto,Jersbek,"15,000","$15,975.00 ",Dressage - Breeding - Eventing - Jumping ,
14414,Tennessee walking horse,Gelding,5 years,15 hh,Tobiano-all-colors,"Blaine, KY",N/A,"$20,000.00 ",Gaited - Versatility Ranch Horse - Trail - Western ,
14415,Andalusian,Stallion,4 years,"15,1 hh",Gray-Dapple,Martfeld,"6,500","$6,923.00 ",Dressage - Show - Baroque - Leisure ,
14416,Tennessee walking horse,Gelding,8 years,15 hh,Palomino,Gillsville GA,N/A,"$15,000.00 ",Gaited - Western allround - Trail - Western ,
14417,Tennessee walking horse,Gelding,12 years,15 hh,Sorrel,"Gillsville, GA",N/A,"$15,000.00 ",Gaited - Western allround - Trail ,
14418,Westphalian,Stallion,3 years,"16,1 hh",Bay-Dark,Horn-Bad Meinberg,"9,000","$9,585.00 ",Jumping - Eventing - Leisure - Dressage ,
14419,Gypsy Horse,Mare,5 years,"12,1 hh",Gray-Dark-Tan,Eethen,"1,500","$1,598.00 ",Leisure,"is a companion, suitable as school horse/pony, suitable for beginners"
14420,PRE Mix,Mare,5 years,"15,2 hh",Gray,Drage,"10,900","$11,609.00 ",Dressage - Working Equitation - Leisure ,
14421,PRE,Mare,5 years,"15,3 hh",Black,Drage,"13,500","$14,378.00 ",Dressage - Working Equitation - Breeding - Leisure ,
14422,Icelandic Horse,Mare,7 years,"13,2 hh",Dun,Straßwalchen,"10,000","$10,650.00 ",Gaited - Breeding - Leisure ,
14423,PRE Mix,Stallion,8 years,"16,1 hh",Gray,Navas Del Madroño,"100,000","$106,503.00 ",Eventing ,
14424,PRE,Mare,2 years,N/A,N/A,Küssaberg,"11,000","$11,715.00 ",Breeding - Working Equitation - Leisure - Driving ,
14425,Oldenburg,Mare,4 years,"16,1 hh",N/A,Westerstede,"10,000","$10,650.00 ",Dressage - Breeding - Eventing - Leisure ,
14426,Oldenburg,Mare,3 years,"16,1 hh",Bay,Niezabyszewo,"4,150","$4,420.00 ",Dressage ,
14427,Hanoverian,Mare,4 years,"16,2 hh",Black,Burgdorf,"15,000","$15,975.00 ",Jumping - Eventing - Mating - Dressage ,
14428,Holstein,Gelding,4 years,"16,1 hh",Gray,Zduchovice,"40,000","$42,601.00 ",Jumping ,
14429,Kentucky Mountain Saddle Horse,Gelding,8 years,15 hh,Gray,"Gillsville, GA",N/A,"$30,000.00 ",Gaited - Western allround - Trail ,
14430,Tennessee walking horse,Gelding,5 years,15 hh,Roan-Red,"Breeding, KY",N/A,"$20,000.00 ",Gaited - Trail - Western ,
14431,Hanoverian,Gelding,6 years,"16,1 hh",Brown,Kronberg im Taunus,"38,000","$40,471.00 ",Dressage ,
14432,Oldenburg-International (OS),Mare,8 years,17 hh,Bay,Zduchovice,"20,000","$21,301.00 ",Jumping - Breeding - Eventing ,
14433,Holstein,Gelding,7 years,N/A,N/A,Ostbevern,N/A,N/A,Jumping - Dressage ,
14434,Hanoverian,Gelding,7 years,N/A,N/A,Ostbevern,N/A,N/A,Dressage ,
14435,Tennessee walking horse,Gelding,6 years,15 hh,Gray,Winchester,N/A,"$6,500.00 ",Gaited - Versatility Ranch Horse - Trail - Western ,
14436,Polo Pony,Gelding,5 years,"15,1 hh",Brown,"San Miguel del monte, Buenos Aires province",N/A,"$6,000.00 ",Polo ,
14437,PRE Mix,Stallion,4 years,17 hh,N/A,Almerimar,"10,900","$11,609.00 ",Dressage ,
14438,Polo Pony,Mare,10 years,"15,1 hh",Brown,"San Miguel del monte, Buenos Aires, province","4,500","$4,793.00 ",Polo ,
14439,Arabian horses,Gelding,5 years,"15,1 hh",Brown,Kehl,"9,000","$9,585.00 ",Endurance - Western - Leisure - Dressage ,
14440,Westphalian,Gelding,13 years,"16,3 hh",N/A,Borken,"25,000","$26,626.00 ",Jumping ,
14441,PRE Mix,Stallion,8 years,17 hh,N/A,Almerimar,"11,500","$12,248.00 ",Dressage ,
14442,PRE,Stallion,2 years,"16,1 hh",Gray,Leipe,"10,000","$10,650.00 ",Leisure - Doma Vaquera - Baroque - Breeding ,
14443,American Quarter Horse,Gelding,3 years,N/A,N/A,Mooslargue,"10,000","$10,650.00 ",Reining - Western allround - Breeding - Western ,
14444,Oldenburg,Mare,11 years,"16,1 hh",Chestnut,Moorrege,"70,000","$74,552.00 ",Dressage ,
14445,Hanoverian,Mare,20 years,"16,2 hh",Chestnut-Red,Vierkirchen,"2,400","$2,556.00 ",Leisure - Hunting - Breeding - Dressage ,
14446,Irish Sport Horse,Mare,11 years,"16,2 hh",Gray,Lage,"6,500","$6,923.00 ",Dressage - Breeding - Jumping - Leisure,
14447,German Riding Pony,Mare,4 years,"13,3 hh",Black,"Wien, Leopoldstadt","9,000","$9,585.00 ",Jumping - Working Equitation - Dressage,
14448,German Riding Pony,Mare,12 years,"14,2 hh",Black,"Wien, Leopoldstadt","9,000","$9,585.00 ",Leisure - Working Equitation - Jumping - Dressage,
14449,American Quarter Horse,Mare,4 years,15 hh,Sorrel,"Waco, TX",N/A,N/A,Cutting - Versatility Ranch Horse - Trail - Cowhorse ,
14450,Mule,Gelding,8 years,"14,2 hh",Dun,"Huntsville, TX",N/A,N/A,Trail - Versatility Ranch Horse - Show - Leisure ,
14451,American Quarter Horse,Gelding,3 years,"13,3 hh",Black,"Waco, TX",N/A,N/A,Reining - Versatility Ranch Horse - Trail - Western ,
14452,Polo Pony,Mare,9 years,"15,2 hh",Black,"San Miguel del monte, Buenos Aires province","8,000","$8,520.00 ",Polo ,
14453,Other Warmbloods,Mare,20 years,"16,2 hh",Brown,Vierkirchen,"2,000","$2,130.00 ",Leisure - Dressage ,
14454,Holstein,Mare,6 years,N/A,N/A,Wächtersbach,"25,000","$26,626.00 ",Jumping ,
14455,Hanoverian,Mare,6 years,N/A,N/A,Hamburg,N/A,N/A,Dressage - Leisure ,
14456,Menorquin,Mare,1 year,"15,1 hh",Black,Menorca,"5,000","$5,325.00 ",Leisure - Working Equitation - Baroque ,
14457,Andalusian,Stallion,4 years,"15,1 hh",Pearl,Vejer de la Frontera,"10,000","$10,650.00 ",Leisure - Working Equitation - Baroque ,
14458,PRE Mix,Stallion,4 years,"16,1 hh",Gray,Barcelona,N/A,N/A,Dressage - Show - Baroque - Leisure ,
14459,Westphalian,Gelding,4 years,"16,1 hh",Bay-Dark,Sankt Wendel,"15,000","$15,975.00 ",Dressage - Breeding - Jumping - Leisure ,
14460,Oldenburg,Stallion,1 year,N/A,N/A,Rövershagen,N/A,N/A,Dressage ,
14461,Zangersheider,Mare,6 years,"16,1 hh",Chestnut-Red,Achern,"13,500","$14,378.00 ",Dressage - Jumping ,
14462,Curly horse,Mare,8 years,"15,1 hh",Black,Yseure,"13,500","$14,378.00 ",English Pleasure - Breeding - Western ,
14463,Hanoverian,Mare,15 years,16 hh,Chestnut-Red,Reichenbach,"5,900","$6,284.00 ",Dressage - Breeding - Leisure ,
14464,Hanoverian,Mare,7 years,"16,1 hh",Chestnut-Red,Korntal-Münchingen,"15,000","$15,975.00 ",Dressage - Jumping ,
14465,Haflinger,Mare,13 years,N/A,N/A,Obertilliach,"5,500","$5,858.00 ",Leisure ,
14466,Belgian Warmblood,Gelding,6 years,N/A,N/A,Wächtersbach,"22,000","$23,431.00 ",Jumping ,
14467,Haflinger,Gelding,5 years,N/A,N/A,Roßhaupten,"12,345","$13,148.00 ",Leisure - Driving ,
14468,Knabstrup,Gelding,9 years,"13,2 hh",Leopard-Piebald,Schwechatbach,"8,000","$8,520.00 ",Leisure - Working Equitation - Driving - Dressage,
14469,Polo Pony,Mare,7 years,15 hh,Brown,Ranchos,"8,000","$8,520.00 ",Polo ,
14470,Polo Pony,Gelding,8 years,15 hh,Brown,Ranchos,"8,000","$8,520.00 ",Polo ,
14471,Oldenburg,Mare,5 years,"16,1 hh",Chestnut-Red,Meckenheim,"25,000","$26,626.00 ",Dressage - Breeding - Leisure ,
14472,American Quarter Horse,Mare,13 years,"14,3 hh",Dun,Bitterwater CA,N/A,"$3,500.00 ",Trail - Versatility Ranch Horse ,
14473,Paint Horse,Gelding,15 years,"15,1 hh",Overo-all-colors,Camp Verde AZ,N/A,"$3,500.00 ",Trail - Versatility Ranch Horse ,
14474,American Quarter Horse,Gelding,15 years,"15,1 hh",Overo-all-colors,Camp Verde AZ,N/A,"$3,500.00 ",Trail - Versatility Ranch Horse ,
14475,American Quarter Horse,Gelding,8 years,"14,2 hh",Dun,Weatherford TX,N/A,"$3,500.00 ",Trail - Versatility Ranch Horse ,
14476,American Quarter Horse,Gelding,13 years,15 hh,Dun,Paicines CA,N/A,"$3,500.00 ",Trail - Versatility Ranch Horse ,
14477,American Quarter Horse,Gelding,13 years,15 hh,Dun,Paicines CA,N/A,"$3,500.00 ",Trail - Versatility Ranch Horse ,
14478,Appaloosa,Gelding,6 years,"15,1 hh",Chestnut,El Paso TX,N/A,"$3,500.00 ",Trail - Versatility Ranch Horse ,
14479,American Quarter Horse,Gelding,6 years,"15,1 hh",Chestnut,El Paso TX,N/A,"$3,500.00 ",Trail - Versatility Ranch Horse ,
14480,American Quarter Horse,Gelding,8 years,"14,1 hh",Bay,Stephenville TX,N/A,"$3,500.00 ",Trail - Jumping ,
14481,American Quarter Horse,Gelding,10 years,"14,3 hh",Chestnut,Rusk TX,N/A,"$3,500.00 ",Trail - Versatility Ranch Horse ,
14482,American Quarter Horse,Gelding,7 years,"15,3 hh",Bay,Weatherford TX,N/A,"$3,500.00 ",Trail - Versatility Ranch Horse ,
14483,American Quarter Horse,Gelding,12 years,N/A,N/A,"Brodhead, KY",N/A,"$3,500.00 ",Trail - Versatility Ranch Horse ,
14484,Mustang (american),Gelding,11 years,15 hh,Chestnut,"Fort Collins, CO",N/A,"$3,500.00 ",Trail - Versatility Ranch Horse ,
14485,Pony of the Americas,Gelding,8 years,N/A,N/A,"Brodhead, KY",N/A,"$3,500.00 ",Trail - Versatility Ranch Horse ,
14486,American Quarter Horse,Gelding,8 years,N/A,N/A,"Brodhead, Ky",N/A,"$3,500.00 ",Trail - Versatility Ranch Horse ,
14487,American Quarter Horse,Gelding,15 years,15 hh,Bay,Camp Verde Az,N/A,"$3,500.00 ",Trail - Versatility Ranch Horse ,
14488,Appaloosa,Mare,7 years,"13,2 hh",Chestnut,"Fort Collins, CO",N/A,"$3,500.00 ",Trail - Versatility Ranch Horse ,
14489,American Quarter Horse,Gelding,4 years,16 hh,Bay,"NapA Valley, CA",N/A,"$3,500.00 ",Trail - Versatility Ranch Horse ,
14490,Other Warmbloods,Gelding,6 years,N/A,N/A,Howell,N/A,"$3,500.00 ",Trail - Versatility Ranch Horse ,
14491,Pony of the Americas,Gelding,8 years,N/A,N/A,Huntland Tn,N/A,"$3,500.00 ",Trail - Versatility Ranch Horse ,
14492,American Quarter Horse,Gelding,9 years,"14,1 hh",Roan-Blue,Brooksville KY,N/A,"$3,500.00 ",Trail - Versatility Ranch Horse ,
14493,Icelandic Horse,Mare,11 years,"13,2 hh",Dun,Euskirchen,"15,000","$15,975.00 ",Leisure - Gaited ,
14494,German Sport Horse,Gelding,10 years,"17,1 hh",Brown,Reutte,N/A,N/A,Leisure ,
14495,Latvian Warmblood,Mare,12 years,N/A,N/A,Wächtersbach,"25,000","$26,626.00 ",Jumping - Leisure ,
14496,Kentucky Mountain Saddle Horse,Mare,5 years,15 hh,Buckskin,Parkers Lake,N/A,"$8,499.00 ",Gaited - Trail ,
14497,Arabian horses,Stallion,2 years,"15,1 hh",Bay-Dark,Pastetten,"5,500","$5,858.00 ",Leisure - Endurance - Western - Dressage ,
14498,Arabian horses,Mare,7 years,"14,3 hh",Brown,Wernberg-Köblitz,"7,500","$7,988.00 ",Breeding - Western - Leisure - Dressage ,
14499,Arabian horses,Mare,10 years,15 hh,Smoky-Black,Pastetten,"12,000","$12,780.00 ",Breeding - Western - Leisure - Dressage ,
14500,Holstein,Mare,7 years,N/A,N/A,Wächtersbach,"25,000","$26,626.00 ",Jumping - Eventing ,
14501,German Sport Horse,Gelding,5 years,"16,1 hh",Brown,Gadow,"8,000","$8,520.00 ",Jumping - Hunter under saddle - Hunter - Leisure ,
14502,Other Breeds Mix,Mare,12 years,"15,1 hh",Chestnut-Red,Rot an der Rot,"6,900","$7,349.00 ",Leisure - Working Equitation - Endurance - Dressage ,
14503,Spanish Sporthorse,Stallion,3 years,N/A,N/A,Arcos de la Frontera,"5,000","$5,325.00 ",Dressage - Working Equitation - Leisure ,
14504,PRE,Stallion,3 years,N/A,N/A,Arcos de la Frontera,"5,000","$5,325.00 ",Dressage - Working Equitation - Breeding - Leisure ,
14505,Oldenburg,Stallion,1 year,N/A,N/A,Wagenfeld,"6,000","$6,390.00 ",Dressage ,
14506,Belgian Warmblood,Gelding,4 years,"16,2 hh",Brown,Denderhoutem,"14,000","$14,910.00 ",Jumping - Eventing - Leisure ,
14507,Belgian Warmblood,Gelding,3 years,"16,1 hh",Gray,Denderhoutem,"12,000","$12,780.00 ",Jumping - Eventing ,
14508,Belgian Warmblood,Mare,3 years,16 hh,Chestnut-Red,Denderhoutem,"8,000","$8,520.00 ",Jumping ,
14509,Mecklenburg Warmblood,Stallion,3 years,N/A,N/A,Rostock,N/A,N/A,Jumping - Breeding ,
14510,Danish Warmblood,Mare,6 years,16 hh,Chestnut,Aars,N/A,N/A,Jumping - Hunter ,
14511,Danish Warmblood,Gelding,5 years,"16,2 hh",Bay-Dark,Aars,N/A,N/A,Jumping - Eventing - Hunter ,
14512,Austrian Warmblood,Stallion,2 years,"16,2 hh",Brown,Unterpetersdorf,"15,000","$15,975.00 ",Dressage - Working Equitation - Leisure - Driving,
14513,Spotted Saddle Horse,Gelding,8 years,16 hh,Tobiano-all-colors,"Hagerstown, MD",N/A,"$10,000.00 ",Trail - Western allround - Western Pleasure - Gaited ,
14514,Murgese,Stallion,3 years,"15,2 hh",Black,Noci,"7,600","$8,094.00 ",Leisure - Working Equitation - Baroque,
14515,Welsh B,Mare,13 years,"12,1 hh",Bay-Dark,Schenklengsfeld,"3,400","$3,621.00 ",Leisure - Jumping ,
14516,American Quarter Horse,Stallion,1 year,N/A,N/A,Köglitz,"10,000","$10,650.00 ",Reining - Western allround - Breeding - Western ,
14517,Holstein,Gelding,7 years,N/A,N/A,Wächtersbach,"27,000","$28,756.00 ",Jumping ,
14518,Oldenburg,Gelding,11 years,"16,2 hh",Brown,Schwechatbach,"35,000","$37,276.00 ",Dressage - Working Equitation - Leisure - Driving,
14519,Oldenburg,Gelding,5 years,"16,2 hh",Black,"Wien, Leopoldstadt","25,000","$26,626.00 ",Dressage - Working Equitation - Leisure - Driving,
14520,Hanoverian,Gelding,6 years,"16,1 hh",Brown,Alfstedt,"22,500","$23,963.00 ",Dressage - Jumping,"is easy to load, vet-check, Directly from the breeder"
14521,Hanoverian,Gelding,10 years,17 hh,Black,"Wien, Leopoldstadt","28,000","$29,821.00 ",Dressage - Jumping - Leisure,
14522,German Riding Pony,Gelding,7 years,"14,3 hh",Chestnut-Red,Schwechatbach,"35,000","$37,276.00 ",Dressage - Leisure - Driving,
14523,Hanoverian,Mare,15 years,"16,1 hh",Brown,Twistringen,"5,500","$5,858.00 ",Breeding - Leisure ,
14524,German Riding Pony,Mare,7 years,"14,1 hh",Brown,Twistringen,"8,000","$8,520.00 ",Breeding - Eventing - Jumping - Dressage ,
14525,Oldenburg,Mare,22 years,"16,2 hh",Brown,Twistringen,"4,000","$4,260.00 ",Breeding - Dressage ,
14526,Oldenburg,Mare,13 years,"16,1 hh",Chestnut,TwistringenTwistringen,"7,500","$7,988.00 ",Breeding - Leisure - Dressage ,
14527,Shire Horse,Mare,6 years,17 hh,Gray,Bad Füssing,"15,000","$15,975.00 ",Breeding ,
14528,Other Warmbloods,Mare,2 years,"16,3 hh",Pinto,Borgentreich,N/A,N/A,Jumping - Eventing - Leisure - Dressage ,
14529,Lusitano,Stallion,3 years,"15,2 hh",Chestnut-Red,Ribamar,"24,000","$25,561.00 ",Working Equitation - Equitation Portugesa - Leisure - Dressage ,
14530,Menorquin,Mare,1 year,"15,1 hh",Black,Menorca,"5,000","$5,325.00 ",Leisure - Working Equitation - Baroque - Western ,
14531,Westphalian,Stallion,4 years,"16,1 hh",Brown,Borgentreich,N/A,N/A,Jumping - Eventing - Leisure - Dressage ,
14532,American Quarter Horse,Gelding,7 years,N/A,N/A,Niedersayn,N/A,N/A,Western - Reining ,
14533,German Riding Horse,Mare,6 years,16 hh,Black,Nottuln,"2,500","$2,663.00 ",Leisure - Breeding ,
14534,Zangersheider,Stallion,11 years,"16,1 hh",Black,Canterbury,N/A,"$26,936.00 ",Jumping ,
14535,Irish Sport Horse,Mare,4 years,"16,1 hh",Brown,Lage,"3,500","$3,728.00 ",Dressage - Breeding - Jumping ,
14536,Oldenburg-International (OS),Gelding,6 years,"16,1 hh",Gray,Rhede,N/A,N/A,Jumping ,
14537,Hanoverian,Mare,8 years,16 hh,Gray,Neuruppin,"12,000","$12,780.00 ",Leisure - Breeding - Jumping ,
14538,KWPN,Mare,5 years,17 hh,Bay-Dark,Lengdorf,N/A,N/A,Jumping ,
14539,Rhinelander,Gelding,5 years,"17,1 hh",Brown,Willich,"19,500","$20,768.00 ",Dressage ,
14540,Fjord Horses,Mare,1 year,N/A,N/A,Dorsten,"2,500","$2,663.00 ",Leisure ,
14541,KWPN,Mare,12 years,"16,3 hh",Bay-Dark,dinteloord,"15,000","$15,975.00 ",Breeding - Jumping ,
14542,Tennessee walking horse,Gelding,11 years,14 hh,Black,"LONDON,KY",N/A,"$5,000.00 ",Gaited - Trail - Driving ,
14543,Hanoverian,Mare,1 year,N/A,N/A,Nuthe-Urstromtal,"8,000","$8,520.00 ",Dressage - Breeding - Hunter - Leisure ,
14544,Hanoverian,Stallion,1 year,N/A,N/A,Calau,"4,900","$5,219.00 ",Dressage - Hunter - Leisure - Driving ,
14545,American Quarter Horse,Mare,2 years,15 hh,Dunalino,Bergkamen,"11,500","$12,248.00 ",Western - Western allround - Reining - Breeding ,
14546,PRE,Mare,13 years,16 hh,Gray-Dapple,Sant Tomas De Fluvia,"7,000","$7,455.00 ",Dressage,
14547,Irish Sport Horse,Mare,8 years,"15,2 hh",Black,Sligo,"3,000","$3,195.00 ",Hunting - English Pleasure - Leisure - Dressage ,
14548,Cob,Gelding,7 years,"12,2 hh",Pinto,Sligo,"2,500","$2,663.00 ",Leisure - English Pleasure - Hunting - Jumping ,
14549,Hanoverian,Gelding,4 years,16 hh,Gray,Burgdorf,"20,000","$21,301.00 ",Jumping - Hunting - Eventing - Leisure ,
14550,Mini Shetland Pony,Gelding,10 years,13 hh,Sorrel,"COLUMBIA, KY",N/A,"$4,500.00 ",Gaited - Western allround - Trail ,
14551,Tennessee walking horse,Gelding,10 years,15 hh,Sorrel,Park Hills,N/A,"$6,500.00 ",Gaited - Western allround - Trail ,
14552,Zangersheider,Mare,7 years,N/A,N/A,Großostheim,"20,000","$21,301.00 ",Jumping - Eventing ,
14553,Classic Pony,Mare,7 years,"15,1 hh",Brown,Großostheim,"7,000","$7,455.00 ",Dressage - Jumping - Leisure ,
14554,Tennessee walking horse,Gelding,4 years,14 hh,Gray,"Lewisburg, TN",N/A,"$8,500.00 ",Gaited - Trail ,
14555,KWPN,Gelding,6 years,"16,2 hh",Brown,Strullendorf,"16,500","$17,573.00 ",Jumping - Leisure - Dressage ,
14556,Other Breeds Mix,Gelding,5 years,"16,1 hh",Palomino,Navas Del Madroño,"20,000","$21,301.00 ",Eventing ,
14557,Oldenburg-International (OS),Mare,4 years,"14,3 hh",Brown,Soumagne,"8,000","$8,520.00 ",Eventing - Jumping ,
14558,PRE,Stallion,2 years,16 hh,Buckskin,Tarifa,"3,900","$4,154.00 ",Leisure - Working Equitation - Baroque ,
14559,PRE,Stallion,5 years,"16,1 hh",Buckskin,Barcelona,"15,000","$15,975.00 ",Leisure - Working Equitation - Breeding - Dressage ,
14560,PRE,Stallion,4 years,16 hh,Palomino,Barcelona,"20,000","$21,301.00 ",Dressage - Working Equitation - Breeding ,
14561,Hanoverian,Mare,7 years,"16,1 hh",Brown,Bonn,"13,000","$13,845.00 ",Dressage,
14562,German Riding Pony,Mare,7 years,"14,1 hh",Brown,Wachtendonk,"20,000","$21,301.00 ",Dressage - Breeding - Eventing - Jumping,
14563,Hanoverian,Mare,13 years,"16,2 hh",Bay-Dark,Freienwill,"10,000","$10,650.00 ",Dressage - Breeding - Leisure ,
14564,Lusitano Mix,Mare,1 year,16 hh,Chestnut-Red,Málaga,N/A,N/A,Dressage - Doma Vaquera ,
14565,Selle Français,Mare,7 years,"16,1 hh",Brown,Guiche,"5,000","$5,325.00 ",Breeding - Dressage ,
14566,KWPN,Mare,7 years,16 hh,Black,Neeritter,N/A,N/A,Dressage ,
14567,Connemara,Gelding,4 years,"14,2 hh",Black,Mountrath,"8,500","$9,053.00 ",Dressage - Eventing - Jumping - Leisure ,
14568,KWPN,Mare,10 years,"16,3 hh",Brown,Nettersheim,"29,500","$31,418.00 ",Dressage - Jumping - Leisure ,
14569,Hanoverian,Stallion,1 year,"16,2 hh",Brown,Rinteln,"6,000","$6,390.00 ",Dressage ,
14570,Oldenburg,Mare,5 years,16 hh,Bay-Dark,Neeritter,"15,000","$15,975.00 ",Dressage ,
14571,Zangersheider,Mare,1 year,"12,2 hh",Bay-Dark,Bilzen,"5,000","$5,325.00 ",Jumping,
14572,KWPN,Gelding,5 years,"15,3 hh",Bay-Dark,Messel,N/A,N/A,Jumping - Leisure - Dressage ,
14573,Oldenburg,Gelding,15 years,"16,1 hh",Brown,Molfsee,"98,000","$104,372.00 ",Dressage,
14574,PRE,Gelding,3 years,"15,3 hh",Brown,"El Real De La Jara, Sevilla","10,000","$10,650.00 ",Dressage - Baroque - Breeding - Leisure ,
14575,PRE,Gelding,5 years,16 hh,Brown,"El Real De La Jara, Sevilla","40,000","$42,601.00 ",Dressage - Baroque - Leisure ,
14576,PRE,Stallion,3 years,"16,1 hh",Brown,"El Real De La Jara, Sevilla","20,000","$21,301.00 ",Dressage - Baroque - Breeding - Leisure ,
14577,Danish Warmblood,Mare,1 year,"16,1 hh",Brown,Søndersø,N/A,N/A,Dressage ,
14578,More ponies/small horses,Mare,6 years,"12,3 hh",Pinto,Rechnitz,"3,500","$3,728.00 ",Leisure - Eventing - Jumping - Dressage ,
14579,Baroque Pinto,Gelding,9 years,16 hh,Pinto,Rechnitz,"12,000","$12,780.00 ",Leisure - Show - Driving - Dressage ,
14580,PRE Mix,Stallion,4 years,16 hh,Gray-Dapple,Martfeld,"10,000","$10,650.00 ",Dressage - Show - Baroque - Leisure ,
14581,dutch coldblood,Gelding,5 years,"16,2 hh",Chestnut,Obertilliach,"4,900","$5,219.00 ",Leisure ,
14582,Welsh A (Mountain Pony),Stallion,3 years,"11,1 hh",Gray-Dapple,"Wien, Leopoldstadt","2,500","$2,663.00 ",Leisure - Jumping - Driving - Dressage,
14583,Hungarian Sport Horse,Mare,10 years,"15,2 hh",Brown,Cegléd,"4,800","$5,112.00 ",Jumping - Leisure - Dressage,
14584,Hungarian Sport Horse,Mare,13 years,16 hh,Brown,Cegléd,"8,000","$8,520.00 ",Jumping - Leisure - Dressage,
14585,PRE,Stallion,14 years,"17,2 hh",Bay-Dark,Valencia,"60,000","$63,902.00 ",Dressage ,
14586,Czech Warmblood,Mare,8 years,"16,3 hh",Chestnut,Prague,N/A,N/A,Jumping - Dressage ,
14587,Hanoverian,Gelding,13 years,"16,2 hh",Chestnut-Red,Baden,"30,000","$31,951.00 ",Dressage - Working Equitation - Jumping - Leisure,
14588,Irish Sport Horse,Gelding,9 years,"15,2 hh",Brown,Lage,"4,500","$4,793.00 ",Leisure - Hunting - Jumping - Dressage,
14589,Hanoverian,Mare,10 years,17 hh,Gray,Rennau,"100,000","$106,503.00 ",Jumping ,
14590,Oldenburg,Mare,1 year,N/A,N/A,Werlte,"10,000","$10,650.00 ",Dressage - Breeding ,
14591,Lusitano,Gelding,11 years,16 hh,Buckskin,Madrid,"70,000","$74,552.00 ",Dressage ,
14592,Polo Pony,Gelding,7 years,15 hh,Brown,Ranchos,"8,000","$8,520.00 ",Polo ,
14593,Polo Pony,Mare,6 years,15 hh,Brown,ranchos,"8,000","$8,520.00 ",Polo ,
14594,PRE Mix,Gelding,12 years,16 hh,Palomino,Martfeld,"40,000","$42,601.00 ",Dressage - Working Equitation - Baroque - Leisure ,
14595,American Quarter Horse,Gelding,12 years,15 hh,Gray-Dapple,"Spencer, tn",N/A,"$9,000.00 ",Trail - Western allround - Versatility Ranch Horse - Cowhorse ,
14596,Westphalian,Gelding,8 years,17 hh,Gray,Lengdorf,N/A,N/A,Jumping ,
14597,Paso Fino,Gelding,3 years,14 hh,Tobiano-all-colors,"Poplarville,MS",N/A,"$39,470.00 ",Gaited - Western allround - Trail ,
14598,Paso Fino,Stallion,3 years,14 hh,Black,"Poplarville, MS",N/A,"$25,000.00 ",Gaited - Versatility Ranch Horse - Trail - Western ,
14599,Paint Horse,Gelding,12 years,"14,3 hh",Tobiano-all-colors,lipan tx,N/A,"$3,500.00 ",Trail - Versatility Ranch Horse ,
14600,American Quarter Horse,Gelding,12 years,"14,3 hh",Tobiano-all-colors,Lipan TX,N/A,"$3,500.00 ",Trail - Versatility Ranch Horse ,
14601,Mustang (american),Gelding,11 years,"14,2 hh",Black,Bitterwater CA,N/A,"$3,500.00 ",Trail - Versatility Ranch Horse ,
14602,American Quarter Horse,Gelding,11 years,"14,3 hh",Buckskin,Paicines CA,N/A,"$3,500.00 ",Trail - Versatility Ranch Horse ,
14603,Paint Horse,Gelding,12 years,15 hh,Overo-all-colors,"El Paso, TX",N/A,"$3,499.00 ",Trail - Versatility Ranch Horse ,
14604,American Quarter Horse,Gelding,12 years,15 hh,Overo-all-colors,"El Paso, TX",N/A,"$3,500.00 ",Trail - Versatility Ranch Horse ,
14605,American Quarter Horse,Gelding,9 years,15 hh,Palomino,Stephenville TX,N/A,"$3,500.00 ",Trail - Versatility Ranch Horse ,
14606,American Quarter Horse,Gelding,6 years,15 hh,Dun,Milsap TX,N/A,"$3,500.00 ",Trail - Versatility Ranch Horse ,
14607,Oldenburg,Mare,11 years,"16,1 hh",Bay-Dark,Radeburg,"20,000","$21,301.00 ",Breeding ,
14608,American Quarter Horse,Gelding,12 years,"15,2 hh",Palomino,Weatherford Tx,N/A,"$3,500.00 ",Trail - Versatility Ranch Horse ,
14609,Appaloosa,Gelding,12 years,"15,1 hh",Bay,Paicines CA,N/A,"$3,500.00 ",Trail - Versatility Ranch Horse ,
14610,American Quarter Horse,Gelding,12 years,"15,1 hh",Bay,Paicines CA,N/A,"$3,500.00 ",Trail - Versatility Ranch Horse ,
14611,Hanoverian,Stallion,1 year,N/A,N/A,Neukalen,"5,300","$5,645.00 ",Dressage ,
14612,Hanoverian,Mare,1 year,N/A,N/A,Neukalen,"4,900","$5,219.00 ",Jumping ,
14613,Mecklenburg Warmblood,Gelding,5 years,"16,2 hh",Brown,Neukalen,N/A,N/A,Jumping - Eventing ,
14614,Draft Horse,Gelding,4 years,"15,2 hh",Black,Jacksboro TX,N/A,"$3,500.00 ",Trail - Versatility Ranch Horse ,
14615,Friesian horses,Gelding,4 years,N/A,N/A,Jacksboro TX,N/A,"$3,499.00 ",Trail - Versatility Ranch Horse ,
14616,American Quarter Horse,Gelding,8 years,"15,1 hh",Black,Lipan TX,N/A,"$3,500.00 ",Trail - Versatility Ranch Horse ,
14617,Arabian Partbred,Stallion,1 year,15 hh,Tobiano-all-colors,Kleblach-Lind,"2,500","$2,663.00 ",Leisure ,
14618,Trakehner,Mare,1 year,"16,1 hh",Black,Erlensee,"4,500","$4,793.00 ",Dressage - Jumping ,
14619,German Riding Pony,Gelding,14 years,"14,2 hh",Palomino,"Recke, bei Osnabrück","40,000","$42,601.00 ",Dressage - Leisure ,
14620,Belgian Warmblood,Mare,11 years,"15,3 hh",Chestnut,Forville,"35,000","$37,276.00 ",Jumping ,
14621,Belgian Warmblood,Gelding,8 years,"16,1 hh",Brown,Fernelmont,"100,000","$106,503.00 ",Jumping,
14622,PRE,Gelding,11 years,17 hh,Bay,Porvoo,"35,000","$37,276.00 ",Dressage - Baroque - Leisure ,
14623,Ukrainian Riding Horse,Gelding,13 years,17 hh,Bay-Dark,ESPOO,"38,000","$40,471.00 ",Dressage - Leisure ,
14624,American Quarter Horse,Mare,15 years,N/A,N/A,Weatherford TX,N/A,"$3,500.00 ",Trail - Versatility Ranch Horse ,
14625,American Quarter Horse,Gelding,8 years,"15,1 hh",Bay,LIpan Tx,N/A,"$3,500.00 ",Trail - Versatility Ranch Horse ,
14626,Haflinger,Gelding,6 years,N/A,N/A,cANTON tx,N/A,"$3,500.00 ",Trail - Versatility Ranch Horse ,
14627,Paint Horse,Gelding,16 years,N/A,N/A,Brooksville KY,N/A,"$3,500.00 ",Trail - Versatility Ranch Horse ,
14628,American Quarter Horse,Gelding,16 years,"15,2 hh",Tobiano-all-colors,Brooksville KY,N/A,"$3,500.00 ",Trail - Versatility Ranch Horse ,
14629,Draft Horse,Gelding,7 years,"17,3 hh",Gray,Warsaw NY,N/A,"$3,500.00 ",Dressage - Driving ,
14630,Percheron,Gelding,7 years,"17,3 hh",Gray,Warsaw NY,N/A,"$3,500.00 ",Dressage - Driving ,
14631,Mule,Gelding,12 years,N/A,N/A,Brooksville Ky,N/A,"$3,500.00 ",Trail - Versatility Ranch Horse ,
14632,Oldenburg,Stallion,1 year,"16,2 hh",Chestnut-Red,Rehau,"15,000","$15,975.00 ",Dressage - Breeding - Jumping - Leisure ,
14633,American Quarter Horse,Gelding,15 years,15 hh,Sorrel,Mt Hope Al,N/A,"$3,500.00 ",Trail - Versatility Ranch Horse ,
14634,Hanoverian,Gelding,9 years,"16,1 hh",Chestnut-Red,Fraunberg,"100,000","$106,503.00 ",Jumping,
14635,Hanoverian,Mare,2 years,"15,1 hh",Bay-Dark,Isernhagen,"9,500","$10,118.00 ",Dressage - Breeding ,
14636,Holstein,Mare,2 years,N/A,N/A,Hahnbach,"15,000","$15,975.00 ",Jumping,
14637,Oldenburg-International (OS),Mare,3 years,N/A,N/A,Hahnbach,"10,000","$10,650.00 ",Jumping - Dressage,
14638,PRE Mix,Mare,4 years,"15,1 hh",Bay-Dark,Barceona,"10,000","$10,650.00 ",Dressage - Breeding - Leisure ,
14639,PRE,Stallion,6 years,16 hh,Gray,Menorca,N/A,N/A,Dressage - Working Equitation - Eventing - Leisure ,
14640,Lusitano,Stallion,4 years,16 hh,Brown,St. Estevao,"20,000","$21,301.00 ",Baroque - Dressage,"is broken-in, is lunged, is worked on the ground"
14641,KWPN,Gelding,4 years,N/A,N/A,Békéscsaba,"15,000","$15,975.00 ",Dressage - Driving ,
14642,Oldenburg-International (OS),Mare,5 years,N/A,N/A,Hildesheim,"40,000","$42,601.00 ",Jumping - Breeding - Eventing,
14643,Irish Sport Horse,Mare,15 years,16 hh,Brown,Lage,"2,500","$2,663.00 ",Leisure - Breeding,
14644,Oldenburg-International (OS),Mare,15 years,"16,1 hh",Gray,Haren,"9,500","$10,118.00 ",Breeding - Jumping,
14645,Draft Horse Mix,Gelding,7 years,"16,2 hh",N/A,Hastings,N/A,N/A,Versatility Ranch Horse - Trail - Show - Western ,
14646,American Quarter Horse,Gelding,3 years,"14,3 hh",Roan-Red,Waco,N/A,N/A,Versatility Ranch Horse - Cowhorse - Show - Western ,
14647,More ponies/small horses,Gelding,6 years,N/A,N/A,"Fresno, OH",N/A,N/A,Leisure - Trail - Show - Driving ,
14648,American Quarter Horse,Mare,4 years,"14,2 hh",Sorrel,"Waco, TX",N/A,N/A,Reining - Versatility Ranch Horse - Trail - Western ,
14649,American Quarter Horse,Gelding,10 years,15 hh,Buckskin,"Clarion, PA",N/A,"$10,000.00 ",Versatility Ranch Horse - Trail - Show - Western ,
14650,American Quarter Horse,Mare,9 years,14 hh,Bay,"Canyon, TX",N/A,N/A,Versatility Ranch Horse - English Pleasure - Trail - Show ,
14651,American Quarter Horse,Gelding,6 years,"14,3 hh",Roan-Red,"Lewistown, IL",N/A,N/A,Cutting - Versatility Ranch Horse - Trail - Cowhorse ,
14652,American Quarter Horse,Gelding,4 years,"14,3 hh",Roan-Red,Mount Vernon,N/A,N/A,Versatility Ranch Horse - Trail - Show - Western ,
14653,American Quarter Horse,Gelding,5 years,"14,3 hh",Palomino,Canistota,N/A,N/A,Versatility Ranch Horse - Trail - Show - Western ,
14654,American Quarter Horse,Gelding,14 years,"14,3 hh",Roan-Bay,Canyon,N/A,N/A,Versatility Ranch Horse - Trail - Western - Leisure ,
14655,American Quarter Horse,Gelding,10 years,"15,3 hh",Gray,Rebersburg,N/A,N/A,Versatility Ranch Horse - Trail - Show - Western ,
14656,American Quarter Horse,Mare,6 years,"14,2 hh",Palomino,Waco,N/A,N/A,Versatility Ranch Horse - Trail - Show - Western ,
14657,American Quarter Horse,Gelding,5 years,15 hh,Palomino,Canyon,N/A,N/A,Versatility Ranch Horse - Trail - Show - Western ,
14658,American Quarter Horse,Mare,4 years,15 hh,Gray,Waco,N/A,N/A,Versatility Ranch Horse - Cowhorse - Show - Western ,
14659,American Quarter Horse,Mare,4 years,14 hh,Sorrel,Waco,N/A,N/A,Versatility Ranch Horse - Cowhorse - Reining - Show ,
14660,American Quarter Horse,Gelding,4 years,"14,3 hh",Bay,"Waco, TX",N/A,N/A,Reining - Versatility Ranch Horse - Trail - Western ,
14661,American Quarter Horse,Gelding,5 years,"15,1 hh",Gray,"Canyon, TX",N/A,N/A,Reining - Cutting - Cowhorse - Show ,
14662,American Quarter Horse,Mare,4 years,"14,2 hh",Bay,"Whitesboro, TX",N/A,N/A,Reining - Versatility Ranch Horse - Trail - Show ,
14663,American Quarter Horse,Gelding,13 years,15 hh,Palomino,"Millersburg, OH",N/A,N/A,Versatility Ranch Horse - English Pleasure - Trail - Western ,
14664,American Quarter Horse,Gelding,7 years,"14,2 hh",Sorrel,"Cody, WY",N/A,N/A,Cutting - Versatility Ranch Horse - Trail - Reining ,
14665,American Quarter Horse,Gelding,5 years,"14,2 hh",Sorrel,"Chatsworth, GA",N/A,N/A,Reining - Versatility Ranch Horse - Trail - Show ,
14666,American Quarter Horse,Gelding,11 years,15 hh,Gray,"Argyle, TX",N/A,N/A,Versatility Ranch Horse - Trail - Show - Western ,
14667,American Quarter Horse,Gelding,6 years,15 hh,N/A,"Canistota, SD",N/A,N/A,Versatility Ranch Horse - Trail - Show - Western ,
14668,American Quarter Horse,Gelding,6 years,"14,1 hh",Sorrel,"Bridgeport, TX",N/A,N/A,Versatility Ranch Horse - Trail - Show - Western ,
14669,American Quarter Horse,Gelding,12 years,"14,2 hh",Roan-Bay,"Clarion, PA",N/A,N/A,Versatility Ranch Horse - Trail - Show - Western ,
14670,American Quarter Horse,Gelding,8 years,"14,3 hh",Sorrel,"Peosta, IA",N/A,N/A,Versatility Ranch Horse - Trail - Show - Western ,
14671,Percheron Mix,Gelding,6 years,"16,1 hh",Black,"Auburn, KY",N/A,N/A,Trail - English Pleasure - Western - Driving ,
14672,American Quarter Horse,Gelding,11 years,15 hh,Gray,"Clarion, PA",N/A,N/A,Trail - Versatility Ranch Horse - Show - Western ,
14673,Draft Horse Mix,Gelding,9 years,"15,3 hh",Bay,"Sullivan, IL",N/A,N/A,Trail - English Pleasure - Western - Driving ,
14674,American Quarter Horse,Gelding,6 years,"14,2 hh",Roan-Red,"Orrville, OH",N/A,N/A,Versatility Ranch Horse - English Pleasure - Trail - Western ,
14675,American Quarter Horse,Gelding,10 years,"15,1 hh",N/A,Joshua,N/A,N/A,Versatility Ranch Horse - Trail - Show - Western ,
14676,American Quarter Horse,Mare,3 years,"14,1 hh",Roan-Red,"Waco, TX",N/A,N/A,Versatility Ranch Horse - Trail - Cowhorse - Western ,
14677,American Quarter Horse,Mare,6 years,15 hh,Sorrel,"River Falls, WI",N/A,N/A,Reining - Versatility Ranch Horse - Trail - Breeding ,
14678,American Quarter Horse,Mare,5 years,"14,3 hh",Bay,"Canistota, SD",N/A,N/A,Versatility Ranch Horse - Trail - Show - Breeding ,
14679,American Quarter Horse,Gelding,13 years,"15,1 hh",Buckskin,"Carthage, TX",N/A,N/A,Versatility Ranch Horse - Trail - Show - Western ,
14680,American Quarter Horse,Gelding,13 years,15 hh,Bay,"Rebersburg, PA",N/A,N/A,Versatility Ranch Horse - Trail - Show - Western ,
14681,Lusitano,Stallion,4 years,"16,1 hh",Bay,Ourém,N/A,N/A,Baroque - Equitation Portugesa - Working Equitation - Dressage,
14682,American Quarter Horse,Gelding,11 years,"14,3 hh",Bay,"La Grange, MO",N/A,N/A,Reining - Versatility Ranch Horse - Trail - Show ,
14683,American Quarter Horse,Gelding,13 years,"15,3 hh",Bay,"Clarion, PA",N/A,N/A,Versatility Ranch Horse - Trail - Show - Western ,
14684,American Quarter Horse,Gelding,9 years,"15,2 hh",Roan-Red,"Carthage, TX",N/A,N/A,Versatility Ranch Horse - Trail - Show - Western ,
14685,Percheron Mix,Gelding,5 years,16 hh,Roan-Blue,"Plano, IA",N/A,N/A,Trail - Show - Leisure - Driving ,
14686,Draft Horse Mix,Mare,5 years,"14,3 hh",White,"Joshua, TX",N/A,N/A,Trail - Show - Leisure ,
14687,Paint Horse,Gelding,10 years,"15,1 hh",Overo-all-colors,"Weatherford, TX",N/A,N/A,Trail - English Pleasure - Versatility Ranch Horse - Western ,
14688,American Quarter Horse,Gelding,11 years,14 hh,Bay,"Clover, SC",N/A,N/A,Versatility Ranch Horse - Trail - Show - Western ,
14689,Draft Horse,Gelding,10 years,"14,3 hh",Gray,"Midway, TX",N/A,N/A,Trail - Versatility Ranch Horse - Show - Leisure ,
14690,Appaloosa,Gelding,7 years,"14,1 hh",N/A,Elkhart,N/A,N/A,Versatility Ranch Horse - Trail - Show - Western ,
14691,American Quarter Horse,Mare,10 years,"14,2 hh",Sorrel,Rebersburg,N/A,N/A,Versatility Ranch Horse - Trail - Reining - Show ,
14692,American Quarter Horse,Gelding,3 years,N/A,N/A,Waco,N/A,N/A,Versatility Ranch Horse - Cowhorse - Show - Western ,
14693,More ponies/small horses,Gelding,3 years,N/A,N/A,"Canistota, SD",N/A,N/A,Leisure - Trail - Show ,
14694,More ponies/small horses,Gelding,13 years,8 hh,Roan-Blue,"Fresno, OH",N/A,N/A,Leisure - Breeding ,
14695,Gypsy Horse,Gelding,4 years,"12,2 hh",N/A,"Vincent, AL",N/A,N/A,Leisure - Trail - Show ,
14696,Pony of the Americas,Gelding,7 years,14 hh,Roan-Red,"Charleston, IL",N/A,N/A,Trail - Show - Jumping - Leisure ,
14697,Appaloosa,Mare,13 years,"14,3 hh",Roan-Red,"Gainesville, TX",N/A,N/A,Trail - English Pleasure - Show - Leisure ,
14698,American Quarter Horse,Gelding,14 years,"15,2 hh",Bay,"Hingham, MA",N/A,N/A,Trail - Versatility Ranch Horse - Show - Western ,
14699,Gypsy Horse Mix,Mare,7 years,"15,2 hh",N/A,"Millersburg, OH",N/A,N/A,Trail - Show - Leisure ,
14700,American Quarter Horse,Mare,6 years,"14,2 hh",Palomino,"Stephenville, TX",N/A,N/A,Versatility Ranch Horse - Trail - Breeding - Western ,
14701,American Quarter Horse,Gelding,7 years,"14,3 hh",Sorrel,"Bridgeport, TX",N/A,N/A,Trail - Versatility Ranch Horse - Show - Western ,
14702,Percheron,Gelding,5 years,"18,2 hh",Black,"Argyle, TX",N/A,"$10,000.00 ",Driving - Trail - Show - Leisure ,
14703,American Quarter Horse,Gelding,5 years,"14,2 hh",Bay,"Stephenville, TX",N/A,N/A,Versatility Ranch Horse - Trail - Show - Western ,
14704,American Quarter Horse,Gelding,6 years,"14,3 hh",Sorrel,"Cannon Falls, MN",N/A,N/A,Versatility Ranch Horse - Trail - Show - Western ,
14705,Friesian horses Mix,Gelding,8 years,"15,1 hh",Dun,Vincent,N/A,N/A,Trail - Show - Jumping - Dressage ,
14706,Shetland Ponies,Gelding,16 years,"10,1 hh",Sorrel,"Canistota, SD",N/A,N/A,Versatility Ranch Horse - Trail - Show - Leisure ,
14707,American Quarter Horse,Mare,6 years,"15,1 hh",Sorrel,"Cannon Falls, MN",N/A,N/A,Versatility Ranch Horse - Trail - Show - Western ,
14708,American Quarter Horse,Gelding,11 years,"15,3 hh",Bay,"Orrville, OH",N/A,N/A,Versatility Ranch Horse - Trail - Show - Western ,
14709,Draft Horse Mix,Gelding,8 years,"17,2 hh",Bay,"Fresno, OH",N/A,N/A,Trail - Show - Leisure - Driving ,
14710,American Quarter Horse,Gelding,11 years,"15,2 hh",Gray,"Bridgeport, TX",N/A,N/A,Versatility Ranch Horse - Trail - Show - Western ,
14711,Gypsy Horse,Gelding,11 years,"13,3 hh",Sabino,Lufkin,N/A,N/A,Trail - English Pleasure - Show - Western ,
14712,Oldenburg,Mare,19 years,"15,3 hh",Smoky-Black,Nauen,"5,000","$5,325.00 ",Leisure ,
14713,Arabian horses,Stallion,1 year,15 hh,Gray,Koprivnica,"10,000","$10,650.00 ",Endurance - Breeding - Eventing - Leisure ,
14714,Hanoverian,Mare,6 years,16 hh,Chestnut-Red,Einbeck,"18,500","$19,703.00 ",Jumping - Breeding - Leisure - Dressage ,
14715,Oldenburg,Mare,6 years,"16,1 hh",Chestnut,EinbeckEinbeck,"10,500","$11,183.00 ",Dressage - Breeding - Leisure ,
14716,Straight Egyptian,Mare,1 year,N/A,N/A,Stallhofen,"10,000","$10,650.00 ",Breeding ,
14717,Oldenburg,Stallion,9 years,"16,1 hh",Brown,Rhede,"42,000","$44,731.00 ",Dressage - Mating ,
14718,Holstein,Gelding,9 years,"16,2 hh",Brown,Gägelow,"25,000","$26,626.00 ",Jumping - Leisure ,
14719,American Quarter Horse,Gelding,5 years,"14,3 hh",Red Dun,"Canyon, TX",N/A,N/A,Reining - Versatility Ranch Horse - Trail - Show ,
14720,Holstein,Mare,6 years,"16,3 hh",Brown,trostberg,"100,000","$106,503.00 ",Jumping ,
14721,Welsh A (Mountain Pony),Stallion,7 years,"11,1 hh",Black,Opoczno,"5,000","$5,325.00 ",Breeding - Show ,
14722,Welsh A (Mountain Pony),Mare,7 years,"11,1 hh",Brown,Opoczno,"2,500","$2,663.00 ",Breeding - Leisure ,
14723,Welsh A (Mountain Pony),Mare,5 years,"11,1 hh",Chestnut-Red,OPOCZNO,"2,500","$2,663.00 ",Breeding - Leisure ,
14724,Welsh A (Mountain Pony),Mare,6 years,"11,1 hh",Chestnut-Red,OPOCZNO,"2,500","$2,663.00 ",Breeding - Leisure ,
14725,NRPS,Stallion,5 years,"14,2 hh",Palomino,Daknam,N/A,N/A,Dressage - Leisure - Mating ,
14726,Austrian Warmblood,Mare,1 year,N/A,N/A,Hetzmannsdorf,N/A,N/A,Jumping ,
14727,Hanoverian,Stallion,1 year,N/A,N/A,Rinteln,"6,000","$6,390.00 ",Dressage - Eventing - Hunter - Leisure ,
14728,Spotted Saddle Horse,Gelding,7 years,16 hh,Bay,"Crawford, COLORADO",N/A,"$25,000.00 ",Gaited - Trail ,
14729,Gypsy Horse,Mare,6 years,"14,1 hh",Pinto,Lage,"2,950","$3,142.00 ",Leisure,
14730,Lusitano,Stallion,4 years,"15,2 hh",Cremello,Bredene,"15,000","$15,975.00 ",Dressage - Equitation Portugesa - Working Equitation - Leisure ,
14731,Lusitano,Stallion,1 year,16 hh,Buckskin,Bredene,"15,000","$15,975.00 ",Dressage - Equitation Portugesa - Working Equitation - Breeding ,
14732,Lusitano,Stallion,5 years,"15,2 hh",Palomino,Bredene,"15,000","$15,975.00 ",Dressage - Equitation Portugesa - Working Equitation - Leisure ,
14733,German Sport Horse,Mare,4 years,"16,2 hh",Chestnut,Bad Zwischenahn,"40,000","$42,601.00 ",Dressage ,
14734,Lusitano,Stallion,6 years,"15,2 hh",Perlino,Bredene,"20,000","$21,301.00 ",Dressage - Equitation Portugesa - Working Equitation - Leisure ,
14735,Tennessee walking horse,Gelding,4 years,15 hh,Black,"Lewisburg, TN",N/A,"$7,500.00 ",Gaited - Trail - Show ,
14736,Tennessee walking horse,Gelding,5 years,15 hh,Sorrel,"Lewisburg, TN",N/A,"$10,000.00 ",Trail - Western allround - Gaited - Show ,
14737,More ponies/small horses,Gelding,5 years,"10,1 hh",N/A,"Rebersburg, PA",N/A,N/A,Trail - Show - Leisure - Driving ,
14738,American Quarter Horse,Gelding,12 years,"15,3 hh",Buckskin,Clarion,N/A,N/A,Versatility Ranch Horse - Trail - Cowhorse - Show ,
14739,Andalusian,Stallion,6 years,16 hh,Gray,Menorca,N/A,N/A,Dressage - Working Equitation - Eventing - Leisure ,
14740,Other Breeds,Gelding,9 years,"14,2 hh",Brown,Lathen,"4,400","$4,686.00 ",Leisure ,
14741,Lusitano,Stallion,5 years,"15,2 hh",Brown,Ourém,N/A,N/A,Equitation Portugesa - Working Equitation,
14742,Other Breeds,Mare,8 years,"14,3 hh",Pinto,Lathen,"4,400","$4,686.00 ",Leisure ,
14743,Other Breeds,Mare,9 years,"14,2 hh",Pinto,Lathen,"4,400","$4,686.00 ",Leisure ,
14744,PRE Mix,Gelding,9 years,"16,1 hh",Gray-Dapple,Navas Del Madroño,"40,000","$42,601.00 ",Eventing ,
14745,Icelandic Horse,Gelding,11 years,"14,1 hh",Chestnut-Red,Schneverdingen,"20,000","$21,301.00 ",Gaited - Leisure ,
14746,PRE Mix,Gelding,6 years,"16,1 hh",Gray,Navas Del Madroño,"20,000","$21,301.00 ",Eventing ,
14747,Hanoverian,Stallion,4 years,16 hh,Bay-Dark,Stöckse,"18,000","$19,170.00 ",Jumping - Eventing - Hunter - Dressage ,
14748,Trakehner,Gelding,14 years,"16,1 hh",Chestnut-Red,Dassel,"3,900","$4,154.00 ",Dressage - Leisure,
14749,Oldenburg,Mare,4 years,"16,1 hh",Brown,Schwaan,"12,000","$12,780.00 ",Dressage - Breeding - Leisure ,
14750,Shire Horse,Mare,10 years,17 hh,Gray,Bad Füssing,"15,000","$15,975.00 ",Breeding - Leisure ,
14751,Oldenburg,Mare,9 years,"16,1 hh",Brown,Warendorf,"15,000","$15,975.00 ",Jumping - Eventing ,
14752,Arabian horses,Stallion,2 years,"14,1 hh",Gray,Koprivnica,"5,000","$5,325.00 ",Leisure - Trail - Western - Dressage ,
14753,Arabian horses,Mare,2 years,"14,2 hh",Brown,Koprivnica,"10,000","$10,650.00 ",Western - Breeding - Eventing - Leisure ,
14754,Oldenburg,Gelding,8 years,"16,1 hh",Bay-Dark,Ziemięcice,"65,000","$69,227.00 ",Dressage ,
14755,Oldenburg-International (OS),Mare,1 year,N/A,N/A,Werlte,"10,000","$10,650.00 ",Jumping - Breeding ,
14756,Trakehner,Mare,1 year,N/A,N/A,Einbeck,"12,000","$12,780.00 ",Dressage - Breeding - Eventing - Jumping ,
14757,KWPN,Gelding,5 years,"16,1 hh",Brown,KAMNIK,"14,500","$15,443.00 ",Driving - Dressage ,
14758,Appaloosa,Mare,10 years,"14,2 hh",Leopard-Piebald,Müglitztal,"70,000","$74,552.00 ",Western - Doma Vaquera - Working Equitation - Leisure ,
14759,Oldenburg,Gelding,4 years,"16,2 hh",Smoky-Black,Isernhagen,"12,000","$12,780.00 ",Dressage - Leisure,
14760,Cob,Gelding,5 years,"12,2 hh",Black,Sligo,"2,350","$2,503.00 ",Leisure - English Pleasure - Hunting - Jumping ,
14761,Oldenburg,Stallion,2 years,17 hh,Brown,Emsdetten,"6,500","$6,923.00 ",Dressage - Mating,
14762,Cob,Mare,6 years,"13,1 hh",Gray-Blue-Tan,Sligo,"3,500","$3,728.00 ",Driving - English Pleasure - Jumping - Leisure ,
14763,German Riding Horse,Mare,5 years,"15,2 hh",Chestnut-Red,Buchhain,N/A,N/A,Eventing - Breeding - Jumping - Dressage ,
14764,German Riding Horse,Stallion,2 years,"15,3 hh",Palomino,Buchhain,N/A,N/A,Eventing - Jumping - Hunter - Dressage ,
14765,German Riding Horse,Stallion,3 years,"16,1 hh",Palomino,Buchhain,N/A,N/A,Jumping - Eventing - Hunter - Dressage ,
14766,German Riding Horse,Mare,10 years,"15,1 hh",Chestnut-Red,Buchhain,"12,500","$13,313.00 ",Eventing - Breeding - Jumping - Dressage ,
14767,German Riding Pony,Mare,1 year,"14,2 hh",Buckskin,SchubySchuby,"10,000","$10,650.00 ",Dressage - Jumping - Leisure - Driving ,
14768,Shetland Ponies,Mare,6 years,"8,1 hh",Bay-Dark,Schuby,"3,000","$3,195.00 ",Driving - Leisure ,
14769,German Riding Pony,Mare,5 years,14 hh,Black,Schuby,"14,000","$14,910.00 ",Dressage - Eventing - Leisure - Driving ,
14770,Other Breeds,Mare,10 years,"15,1 hh",Brown,Sonnefeld,"6,900","$7,349.00 ",Leisure - Breeding - Dressage ,
14771,Lipizzaner,Gelding,11 years,"16,2 hh",Gray,Reutte,N/A,N/A,Leisure ,
14772,Irish Sport Horse,Gelding,5 years,"16,1 hh",Brown,Sligo,"8,500","$9,053.00 ",Jumping - Hunting - Eventing - Dressage ,
14773,Rhinelander,Gelding,8 years,"16,2 hh",Smoky-Black,WürselenWürselen,"26,500","$28,223.00 ",Dressage - Leisure ,
14774,Icelandic Horse,Mare,6 years,"13,2 hh",Pinto,Schneverdingen,"20,000","$21,301.00 ",Gaited - Leisure ,
14775,KWPN,Gelding,13 years,"16,2 hh",Brown,Pilisjászfalu,"20,000","$21,301.00 ",Dressage ,
14776,Oldenburg,Stallion,1 year,N/A,N/A,Isernhagen,N/A,N/A,Dressage ,
14777,Icelandic Horse,Gelding,7 years,"14,2 hh",Brown,Schneverdingen,"20,000","$21,301.00 ",Gaited - Leisure ,
14778,German Sport Horse,Mare,6 years,"16,1 hh",Bay-Dark,Eglingen,"18,000","$19,170.00 ",Dressage - Eventing - Jumping - Leisure ,
14779,Oldenburg,Mare,1 year,N/A,N/A,Isernhagen,"11,000","$11,715.00 ",Dressage ,
14780,PRE Mix,Mare,10 years,16 hh,Brown,Malaga,"25,000","$26,626.00 ",Dressage - Gaited ,
14781,More ponies/small horses,Mare,3 years,"12,2 hh",Chestnut-Red,Rechnitz,"3,200","$3,408.00 ",Leisure - Jumping - Driving - Dressage ,
14782,Danish Warmblood,Mare,1 year,"16,1 hh",Brown,Søndersø,"8,500","$9,053.00 ",Dressage ,
14783,Friesian horses,Gelding,3 years,"16,1 hh",Black,Riedlingen,N/A,N/A,Driving - Leisure - Dressage ,
14784,American Quarter Horse,Stallion,1 year,N/A,N/A,Sainte-Croix-aux-Mines,"6,500","$6,923.00 ",Western - Cutting - Reining - Leisure ,
14785,New Forest Pony,Gelding,7 years,"14,1 hh",Bay-Dark,Neuwied,"70,000","$74,552.00 ",Dressage - Jumping,
14786,Shetland Ponies,Mare,10 years,14 hh,Gray,Fort worth Texas,N/A,"$2,400.00 ",Eventing - English Pleasure ,
14787,Haflinger,Stallion,4 years,"14,3 hh",N/A,Alzingen,"9,900","$10,544.00 ",Breeding - Mating,
14788,Mecklenburg Warmblood,Gelding,11 years,"16,1 hh",Black,"Wien, Donaustadt","20,000","$21,301.00 ",Dressage - Jumping - Leisure ,
14789,PRE Mix,Gelding,7 years,"15,2 hh",Gray,Navas Del Madroño,N/A,N/A,Eventing ,
14790,Oldenburg-International (OS),Gelding,5 years,"16,1 hh",Brown,Mossautal,"21,000","$22,366.00 ",Jumping - Hunter under saddle - Hunter - Leisure ,
14791,Oldenburg-International (OS),Mare,11 years,"16,2 hh",Brown,Bruchsal,"5,900","$6,284.00 ",Breeding - Jumping - Leisure ,
14792,Holstein,Mare,5 years,"16,2 hh",Brown,Rheinbach,"25,000","$26,626.00 ",Jumping - Hunter under saddle - Eventing - Leisure,
14793,Zangersheider,Gelding,4 years,"16,2 hh",Bay-Dark,Limburg an der Lahn,"17,500","$18,638.00 ",Jumping - Leisure - Dressage ,
14794,Westphalian,Mare,5 years,"16,1 hh",Smoky-Black,Limburg an der Lahn,"10,500","$11,183.00 ",Dressage - Breeding - Jumping - Leisure ,
14795,KWPN,Mare,10 years,"16,2 hh",Brown,Limburg an der Lahn,"15,500","$16,508.00 ",Dressage - Breeding - Jumping - Leisure ,
14796,German Riding Pony,Mare,9 years,"14,1 hh",Bay-Dark,Limburg an der Lahn,"12,000","$12,780.00 ",Jumping - Breeding - Leisure - Dressage ,
14797,Andalusian,Mare,3 years,"15,2 hh",Black,Menorca,"9,750","$10,384.00 ",Dressage - Working Equitation - Baroque - Eventing ,
14798,Zangersheider,Mare,3 years,N/A,N/A,Gronowice,"18,500","$19,703.00 ",Jumping - Hunter under saddle - Hunter ,
14799,Holstein,Mare,5 years,"16,1 hh",Brown,Gronowice,"36,000","$38,341.00 ",Jumping - Eventing ,
14800,Cob,Mare,8 years,12 hh,Black,Sligo,"2,000","$2,130.00 ",Leisure - Jumping ,
14801,Cob,Mare,8 years,"12,1 hh",Chestnut,Sligo,"2,300","$2,450.00 ",Leisure - Jumping ,
14802,Czech Warmblood,Gelding,11 years,"16,1 hh",Brown,Roudnice nad Labem,"40,000","$42,601.00 ",Jumping - Eventing - Dressage ,
14803,Spotted Saddle Horse,Gelding,7 years,15 hh,Tobiano-all-colors,"Lewisburg, TN",N/A,"$14,998.00 ",Gaited - Western allround - Trail ,
14804,Westphalian,Mare,4 years,"15,1 hh",Bay-Dark,Cappeln (Oldenburg),"20,000","$21,301.00 ",Dressage - Breeding - Jumping - Leisure ,
14805,Andalusian,Stallion,3 years,15 hh,Cremello,Vejer de la Frontera,"10,000","$10,650.00 ",Leisure ,
14806,Andalusian,Stallion,7 years,"15,1 hh",Gray,Vejer de la Frontera,"10,000","$10,650.00 ",Leisure - Baroque ,
14807,Paint Horse,Stallion,1 year,"14,2 hh",Overo-all-colors,Hellenthal,"5,900","$6,284.00 ",Reining - Western - Leisure,
14808,Lipizzaner,Stallion,2 years,15 hh,Gray,Vremski Britof,"10,000","$10,650.00 ",Baroque - Working Equitation - Breeding - Dressage ,
14809,Paint Horse,Mare,1 year,"14,2 hh",Palomino,Hellenthal,"4,950","$5,272.00 ",Western - Reining - Leisure,
14810,Paint Horse,Stallion,1 year,"14,3 hh",Tovero-all-colors,Hellenthal,"4,950","$5,272.00 ",Western - Reining - Leisure,
14811,Menorquin,Mare,7 years,"16,1 hh",Black,Menorca,"15,000","$15,975.00 ",Dressage - Breeding - Leisure ,
14812,Shetland Ponies,Mare,10 years,"9,1 hh",N/A,Dorsten,"1,200","$1,278.00 ",Leisure ,
14813,American Quarter Horse,Gelding,13 years,16 hh,Bay,Weatherford TX,N/A,"$3,500.00 ",Trail - Versatility Ranch Horse ,
14814,American Quarter Horse,Gelding,9 years,"14,2 hh",Palomino,Paicines CA,N/A,"$3,500.00 ",Trail - Versatility Ranch Horse ,
14815,Shetland Ponies,Mare,5 years,"9,1 hh",N/A,Dorsten,"1,200","$1,278.00 ",Leisure ,
14816,Paint Horse,Mare,13 years,15 hh,Tobiano-all-colors,Paicines CA,N/A,"$3,500.00 ",Trail - Versatility Ranch Horse ,
14817,American Quarter Horse,Mare,13 years,15 hh,Tobiano-all-colors,Paicines CA,N/A,"$3,500.00 ",Trail - Versatility Ranch Horse ,
14818,Shetland Ponies,Mare,5 years,"9,1 hh",N/A,Dorsten,"1,200","$1,278.00 ",Leisure ,
14819,American Quarter Horse,Gelding,11 years,"14,3 hh",Buckskin,Bitterwater CA,N/A,"$3,499.00 ",Trail - Versatility Ranch Horse ,
14820,Paint Horse,Gelding,7 years,"15,1 hh",Tobiano-all-colors,Canton TX,N/A,"$3,500.00 ",Trail - Versatility Ranch Horse ,
14821,American Quarter Horse,Gelding,7 years,"15,1 hh",Tobiano-all-colors,Canton TX,N/A,"$3,500.00 ",Trail - Versatility Ranch Horse ,
14822,Menorquin,Mare,4 years,16 hh,Black,Menorca,N/A,N/A,Dressage - Breeding - Eventing - Leisure ,
14823,Gypsy Horse,Stallion,3 years,"14,2 hh",Pinto,Wlen,"3,000","$3,195.00 ",Leisure ,
14824,Gypsy Horse,Stallion,2 years,15 hh,Sabino,Wleń,"4,500","$4,793.00 ",Leisure ,
14825,Gypsy Horse,Stallion,2 years,N/A,N/A,Klecza Wlen,"3,200","$3,408.00 ",Leisure ,
14826,Oldenburg,Gelding,7 years,"16,1 hh",Chestnut-Red,Pilisjászfalu,"70,000","$74,552.00 ",Dressage ,
14827,Andalusian,Stallion,5 years,16 hh,Brown,Navalcan,"7,000","$7,455.00 ",Dressage - Baroque - Breeding - Leisure ,
14828,American Quarter Horse,Gelding,11 years,"14,3 hh",Bay,Weatherford TX,N/A,"$3,500.00 ",Trail - Versatility Ranch Horse ,
14829,American Quarter Horse,Gelding,4 years,15 hh,Bay,Sweet Springs MO,N/A,"$3,500.00 ",Trail - Versatility Ranch Horse ,
14830,Paint Horse,Gelding,7 years,"15,1 hh",Chestnut,Weatherford TX,N/A,"$3,500.00 ",Trail - Jumping ,
14831,American Quarter Horse,Gelding,7 years,"15,1 hh",Chestnut,Weatherford TX,N/A,"$3,500.00 ",Trail - Versatility Ranch Horse ,
14832,American Quarter Horse,Gelding,8 years,15 hh,Roan-Bay,Brodhead KY,N/A,"$3,500.00 ",Trail - Versatility Ranch Horse ,
14833,Menorquin,Mare,1 year,"15,3 hh",Black,Menorca,N/A,N/A,Baroque - Breeding - Leisure - Dressage ,
14834,Percheron,Gelding,6 years,16 hh,Roan-Blue,Bloomfield IA,N/A,"$3,500.00 ",Trail - Versatility Ranch Horse ,
14835,American Quarter Horse,Gelding,6 years,16 hh,Roan-Blue,Bloomfield IA,N/A,"$3,500.00 ",Trail - Versatility Ranch Horse ,
14836,Paint Horse,Gelding,9 years,15 hh,Tobiano-all-colors,Stephenville TX,N/A,"$3,500.00 ",Trail - Versatility Ranch Horse ,
14837,American Quarter Horse,Gelding,9 years,15 hh,Tobiano-all-colors,Stephenville Tx,N/A,"$3,500.00 ",Trail - Versatility Ranch Horse ,
14838,Menorquin,Stallion,1 year,"15,1 hh",Black,Menorca,N/A,N/A,Dressage - Working Equitation - Leisure - Driving ,
14839,Mule,Gelding,15 years,"16,1 hh",Sorrel,Flemingsburg KY,N/A,"$3,500.00 ",Trail - Gaited ,
14840,Missouri Foxtrotter,Gelding,15 years,N/A,N/A,Flemingsburg KY,N/A,"$3,500.00 ",Trail - Gaited ,
14841,Tennessee walking horse,Gelding,15 years,N/A,N/A,"Flemingsburg, KY",N/A,"$3,500.00 ",Trail - Gaited ,
14842,Gypsy Horse,Stallion,1 year,N/A,N/A,Wlen,"4,000","$4,260.00 ",Leisure ,
14843,Gypsy Horse,Stallion,1 year,15 hh,Sabino,Wlen,"3,500","$3,728.00 ",Leisure ,
14844,Oldenburg,Gelding,4 years,"16,3 hh",Smoky-Black,Hungen,"43,000","$45,796.00 ",Dressage,
14845,Gypsy Horse,Stallion,1 year,"15,2 hh",Sabino,Wlen,"4,500","$4,793.00 ",Leisure ,
14846,German Riding Horse,Stallion,3 years,"15,3 hh",Bay-Dark,Maihingen,"5,000","$5,325.00 ",Dressage - Leisure ,
14847,Gypsy Horse,Stallion,1 year,N/A,N/A,Wlen,"4,000","$4,260.00 ",Leisure ,
14848,PRE,Gelding,5 years,"15,1 hh",Gray-Dark-Tan,Euskirchen,"15,000","$15,975.00 ",Doma Vaquera - Dressage ,
14849,Icelandic Horse,Mare,12 years,"13,3 hh",Brown,Lochen am See,"15,000","$15,975.00 ",Gaited - Show - Breeding - Leisure ,
14850,Hanoverian,Mare,1 year,N/A,N/A,Ihlow,"3,900","$4,154.00 ",Dressage - Breeding - Leisure ,
14851,Other Breeds Mix,Mare,8 years,"15,1 hh",Pinto,Ihlow,"3,800","$4,047.00 ",Leisure ,
14852,Oldenburg,Mare,21 years,"15,2 hh",Brown,Ihlow,"4,800","$5,112.00 ",Breeding - Leisure - Dressage ,
14853,Zangersheider,Stallion,1 year,N/A,N/A,Ihlow,"7,500","$7,988.00 ",Jumping ,
14854,PRE,Stallion,6 years,"16,2 hh",Gray,Vejer de la Frontera,"40,000","$42,601.00 ",Dressage - Breeding ,
14855,American Quarter Horse,Gelding,16 years,N/A,N/A,Cody WY,N/A,"$3,500.00 ",Trail - Jumping ,
14856,American Quarter Horse,Gelding,10 years,16 hh,Grullo,Howell MI,N/A,"$3,500.00 ",Trail - Versatility Ranch Horse ,
14857,American Quarter Horse,Mare,14 years,"14,2 hh",Roan-Red,camp Verde AZ,N/A,"$3,500.00 ",Trail - Versatility Ranch Horse ,
14858,Friesian horses,Gelding,5 years,"15,1 hh",Bay,Warsaw NY,N/A,"$3,500.00 ",Versatility Ranch Horse - Trail ,
14859,American Quarter Horse,Gelding,8 years,"15,2 hh",Chestnut,Lipan TX,N/A,"$3,500.00 ",Trail - Versatility Ranch Horse ,
14860,Haflinger,Gelding,15 years,N/A,N/A,Canton TX,N/A,"$3,500.00 ",Trail - Versatility Ranch Horse ,
14861,American Quarter Horse,Gelding,8 years,"14,3 hh",Overo-all-colors,Weatherford TX,N/A,"$3,500.00 ",Trail - Versatility Ranch Horse ,
14862,Mule,Gelding,10 years,"14,3 hh",Black,Brookville KY,N/A,"$3,500.00 ",Trail - Versatility Ranch Horse ,
14863,Percheron,Gelding,6 years,16 hh,Black,Brodhead Ky,N/A,"$3,500.00 ",Trail - Versatility Ranch Horse ,
14864,Draft Horse,Gelding,6 years,16 hh,Black,Brodhead KY,N/A,"$3,500.00 ",Trail - Versatility Ranch Horse ,
14865,American Quarter Horse,Gelding,6 years,16 hh,Black,Brodhead KY,N/A,"$3,500.00 ",Trail - Versatility Ranch Horse ,
14866,Friesian horses,Gelding,6 years,16 hh,Black,Brodhead Ky,N/A,"$3,499.00 ",Trail - Versatility Ranch Horse ,
14867,Gypsy Horse,Stallion,5 years,"14,1 hh",Sabino,Wlen,"20,000","$21,301.00 ",Mating - Leisure ,
14868,Gypsy Horse Mix,Stallion,4 years,"15,2 hh",Brown,Klecza Wleń,"15,000","$15,975.00 ",Leisure ,
14869,Gypsy Horse,Mare,7 years,"13,1 hh",Black,Klecza Wlen,"10,000","$10,650.00 ",Breeding ,
14870,Rhinelander,Mare,6 years,"16,1 hh",Bay-Dark,Moers,"15,000","$15,975.00 ",Breeding - Leisure - Dressage ,
14871,Irish Sport Horse,Mare,7 years,"15,2 hh",Chestnut,Co.Leitrim,"5,750","$6,124.00 ",Leisure ,
14872,PRE,Gelding,7 years,16 hh,Brown,Castalla,"10,000","$10,650.00 ",Leisure - Working Equitation - Baroque ,
14873,Welsh A (Mountain Pony),Mare,11 years,"13,1 hh",Gray,Mladá Boleslav,"10,000","$10,650.00 ",Dressage - Breeding - Jumping - Hunter ,
14874,Gypsy Horse,Mare,8 years,"13,3 hh",Chestnut-Red,Klecza Wlen,"10,000","$10,650.00 ",Leisure ,
14875,Gypsy Horse,Mare,4 years,"13,3 hh",Roan-Red,Wlen,"10,000","$10,650.00 ",Leisure ,
14876,Oldenburg,Gelding,5 years,17 hh,Brown,Regensburg,"50,000","$53,251.00 ",Dressage ,
14877,KWPN,Mare,7 years,"15,1 hh",Palomino,Chiclana de la Frontera,"2,580","$2,748.00 ",Leisure - Baroque ,
14878,Akhal-Teke,Stallion,4 years,"15,2 hh",Gray,Kisbér,"5,000","$5,325.00 ",Eventing - Leisure - Dressage ,
14879,Lipizzaner,Gelding,4 years,15 hh,Gray,Kozina,"7,000","$7,455.00 ",Baroque - Working Equitation - Dressage ,
14880,Baroque Pinto,Stallion,1 year,N/A,N/A,Chiclana de la Frontera,N/A,N/A,Leisure - Working Equitation - Driving ,
14881,American Quarter Horse,Mare,3 years,14 hh,Sorrel,Waco,N/A,N/A,Versatility Ranch Horse - Cowhorse - Show - Western ,
14882,Andalusian,Stallion,5 years,"15,2 hh",Palomino,Martfeld,"10,000","$10,650.00 ",Dressage - Show - Baroque - Leisure ,
14883,Icelandic Horse,Gelding,13 years,"13,2 hh",Brown,Schneverdingen,"15,000","$15,975.00 ",Gaited - Leisure ,
14884,Icelandic Horse,Gelding,5 years,"13,1 hh",Chestnut-Red,Schneverdingen,"15,000","$15,975.00 ",Leisure - Gaited ,
14885,Icelandic Horse,Mare,7 years,"14,1 hh",Black,Schneverdingen,"20,000","$21,301.00 ",Gaited - Leisure ,
14886,Hanoverian,Mare,1 year,"16,1 hh",Brown,Mansfeld,"3,900","$4,154.00 ",Dressage - Eventing - Jumping ,
14887,Oldenburg,Stallion,1 year,"16,2 hh",Smoky-Black,Ehrenburg,"10,000","$10,650.00 ",Dressage - Eventing - Jumping - Leisure ,
14888,American Quarter Horse,Mare,5 years,"14,1 hh",Palomino,Daknam,"6,500","$6,923.00 ",Western - Breeding ,
14889,Lusitano Mix,Stallion,1 year,"15,1 hh",Gray-Dapple,Bramstedt,"6,500","$6,923.00 ",Dressage ,
14890,PRE,Stallion,5 years,"16,1 hh",Pearl,Valdeavero,"40,000","$42,601.00 ",Dressage ,
14891,Fell pony,Mare,3 years,"13,3 hh",Can be white,Santok,"6,500","$6,923.00 ",Leisure - Trail - Jumping - Driving ,
14892,Oldenburg,Gelding,4 years,"16,2 hh",Brown,Kronberg im Taunus,"40,000","$42,601.00 ",Dressage ,
14893,German Riding Pony,Stallion,1 year,"14,2 hh",Smoky-Black,Walchum,"3,500","$3,728.00 ",Dressage - Breeding - Jumping - Leisure ,
14894,Andalusian,Stallion,9 years,"16,1 hh",Brown,Barcelona,"20,000","$21,301.00 ",Dressage - Leisure ,
14895,Paint Horse,Mare,2 years,N/A,N/A,Rheinfelden,"10,000","$10,650.00 ",Western - Western allround - Working Equitation - Western Pleasure ,
14896,Oldenburg,Mare,13 years,"14,3 hh",Smoky-Black,Walchum,"4,500","$4,793.00 ",Breeding ,
14897,PRE Mix,Stallion,5 years,16 hh,Brown,Navas Del Madroño,"15,000","$15,975.00 ",Eventing ,
14898,American Quarter Horse,Stallion,2 years,N/A,N/A,Rheinfelden,"10,000","$10,650.00 ",Western - Western allround - Western Hunter - Western Pleasure ,
14899,American Quarter Horse,Mare,1 year,N/A,N/A,Rheinfelden,"10,000","$10,650.00 ",Western - Western allround - Western Hunter - Western Pleasure ,
14900,PRE Mix,Stallion,3 years,16 hh,Gray,Barcelona,"15,000","$15,975.00 ",Dressage - Baroque - Breeding - Leisure,"is lunged, vet-check, Halter accustomed"
14901,American Quarter Horse,Mare,1 year,N/A,N/A,Rheinfelden,"10,000","$10,650.00 ",Western - Western allround - Western Hunter - Western Pleasure ,
14902,American Quarter Horse,Stallion,1 year,N/A,N/A,Rheinfelden,"10,000","$10,650.00 ",Western - Western allround - Western Hunter - Western Pleasure ,
14903,American Quarter Horse Mix,Stallion,2 years,"15,1 hh",Brown,Forst,"2,500","$2,663.00 ",Leisure - Western - Driving ,
14904,Baroque Pinto,Mare,1 year,"15,3 hh",N/A,Chiclana de la Frontera,"4,800","$5,112.00 ",Baroque - Leisure ,
14905,Lusitano,Stallion,4 years,N/A,N/A,Chiclana de la Frontera,"10,500","$11,183.00 ",Leisure ,
14906,PRE,Gelding,5 years,"16,1 hh",N/A,Chiclana de la Frontera,"8,900","$9,479.00 ",Leisure ,
14907,Paint Horse,Mare,2 years,"15,1 hh",Champagne,Buchbach,"7,250","$7,721.00 ",Western - Western allround - Cutting - Show ,
14908,Oldenburg,Gelding,6 years,"17,2 hh",Smoky-Black,Steinbrunn-le-bas,"40,000","$42,601.00 ",Dressage ,
14909,Belgian Sport Horse,Mare,8 years,"15,2 hh",Bay-Dark,Steinbrunn Le Bas,"20,000","$21,301.00 ",Dressage ,
14910,Oldenburg,Gelding,5 years,"16,2 hh",Brown,Steinbrunn-le-bas,"20,000","$21,301.00 ",Dressage ,
14911,German Riding Pony,Gelding,8 years,"14,1 hh",Chestnut-Red,Steinbrunn-le-bas,"40,000","$42,601.00 ",Dressage ,
14912,Bavarian Warmblood,Mare,20 years,N/A,N/A,Schopfloch,"1,200","$1,278.00 ",Mating ,
14913,American Quarter Horse,Mare,3 years,N/A,N/A,Cremona,N/A,N/A,Reining ,
14914,Hanoverian,Mare,16 years,"16,1 hh",Bay-Dark,Schönfeld,"10,000","$10,650.00 ",Breeding - Dressage ,
14915,German Riding Pony,Mare,7 years,"13,3 hh",N/A,Dorsten,"3,500","$3,728.00 ",Leisure ,
14916,Gypsy Horse,Stallion,3 years,15 hh,Tobiano-all-colors,Klecza,"5,000","$5,325.00 ",Breeding - Trail - Leisure - Driving ,
14917,Oldenburg,Mare,1 year,N/A,N/A,Werlte,"10,000","$10,650.00 ",Dressage - Breeding ,
14918,Oldenburg,Mare,1 year,N/A,N/A,Werlte,"10,000","$10,650.00 ",Dressage - Breeding ,
14919,Hungarian Sport Horse,Gelding,5 years,"16,1 hh",Gray,Cegléd,"12,000","$12,780.00 ",Jumping - Dressage,
14920,American Miniature Horse,Stallion,3 years,"9,1 hh",Chestnut-Red,Reutte,N/A,N/A,Leisure ,
14921,German Riding Pony,Gelding,4 years,"13,1 hh",Brown,Reutte,N/A,N/A,Leisure ,
14922,Westphalian,Mare,5 years,"16,1 hh",Chestnut-Red,Ibbenbüren,"40,000","$42,601.00 ",Dressage ,
14923,Andalusian,Stallion,3 years,"15,1 hh",Dun,Vejer de la Frontera,"10,000","$10,650.00 ",Leisure - Baroque - Dressage ,
14924,Andalusian,Gelding,4 years,15 hh,Cremello,Vejer de la Frontera,"10,000","$10,650.00 ",Leisure - Baroque ,
14925,Westphalian,Stallion,3 years,16 hh,Brown,Paderborn,N/A,N/A,Dressage ,
14926,Mini Shetland Pony,Stallion,13 years,"7,2 hh",Chestnut,Dietfurt an der Altmühl,"2,000","$2,130.00 ",Driving - Leisure ,
14927,Menorquin,Stallion,7 years,"15,2 hh",Black,Menorca,N/A,N/A,Driving - Show - Leisure ,
14928,Menorquin,Mare,7 years,"14,3 hh",Black,Menorca,N/A,N/A,Breeding - Baroque - Leisure - Driving ,
14929,Menorquin,Mare,9 years,"15,1 hh",Black,Menorca,N/A,N/A,Breeding - Baroque - Leisure - Driving ,
14930,Menorquin,Stallion,1 year,"15,2 hh",Black,Menorca,N/A,N/A,Leisure - Working Equitation - Baroque - Driving ,
14931,Trakehner,Stallion,5 years,"16,1 hh",N/A,Опицвет / Opicvet,"20,000","$21,301.00 ",Jumping - Eventing ,
14932,Trakehner,Stallion,4 years,16 hh,Bay-Dark,Опицвет / Opicvet,"10,000","$10,650.00 ",Jumping - Eventing - Dressage ,
14933,Mecklenburg Warmblood,Stallion,3 years,"17,1 hh",Black,Hohenmocker,"13,000","$13,845.00 ",Dressage - Breeding - Leisure - Driving ,
14934,Trakehner,Gelding,8 years,16 hh,Bay-Dark,Neitersen,"40,000","$42,601.00 ",Jumping - Eventing - Dressage ,
14935,German Riding Pony,Mare,6 years,"14,1 hh",Palomino,Viersen,"25,000","$26,626.00 ",Dressage - Breeding - Jumping - Leisure ,
14936,Tennessee walking horse,Gelding,5 years,15 hh,Bay,"Hustonville, KY",N/A,"$15,000.00 ",Gaited - Trail ,
14937,Tennessee walking horse,Gelding,14 years,15 hh,Tobiano-all-colors,"New Richmond, OHIO",N/A,"$11,000.00 ",Gaited - Trail ,
14938,KWPN,Gelding,9 years,"16,1 hh",Chestnut-Red,Werkendam,"100,000","$106,503.00 ",Dressage ,
14939,German Riding Pony,Gelding,4 years,"14,2 hh",Palomino,Borken,"20,000","$21,301.00 ",Dressage - Jumping ,
14940,Belgian Draft,Gelding,14 years,N/A,N/A,Obertilliach,"5,500","$5,858.00 ",Leisure ,
14941,Oldenburg,Gelding,3 years,N/A,N/A,Steinbrunn-le-bas,"15,000","$15,975.00 ",Dressage ,
14942,German Sport Horse,Stallion,4 years,"16,1 hh",Brown,Moritzburg,"40,000","$42,601.00 ",Dressage - Hunting - Breeding - Eventing ,
14943,Oldenburg,Mare,4 years,"16,2 hh",Brown,Radeburg,"40,000","$42,601.00 ",Dressage - Breeding - Leisure ,
14944,Donkey,Stallion,2 years,N/A,N/A,"BERGA, BARCELONA","2,500","$2,663.00 ",Breeding - Leisure ,
14945,American Quarter Horse,Gelding,12 years,15 hh,Sorrel,Pleasant Grove CA,N/A,"$3,500.00 ",Trail - Versatility Ranch Horse ,
14946,Paint Horse,Gelding,8 years,15 hh,Chestnut,Camp Verde AZ,N/A,"$3,500.00 ",Trail - Versatility Ranch Horse ,
14947,American Quarter Horse,Gelding,8 years,15 hh,Tobiano-all-colors,Camp Verde AZ,N/A,"$3,500.00 ",Trail - Versatility Ranch Horse ,
14948,American Quarter Horse,Gelding,13 years,15 hh,Gray,Paicines CA,N/A,"$3,500.00 ",Trail - Versatility Ranch Horse ,
14949,American Quarter Horse,Gelding,8 years,"15,1 hh",Buckskin,Paicines CA,N/A,"$3,500.00 ",Trail - Versatility Ranch Horse ,
14950,American Quarter Horse,Gelding,12 years,15 hh,Black,Bitterwater CA,N/A,"$3,500.00 ",Trail - Versatility Ranch Horse ,
14951,Paint Horse,Gelding,14 years,15 hh,Tobiano-all-colors,Lipan TX,N/A,"$3,500.00 ",Trail - Versatility Ranch Horse ,
14952,Andalusian,Gelding,5 years,"15,2 hh",Palomino,Bad Laer,"10,900","$11,609.00 ",Dressage - Working Equitation - Leisure ,
14953,American Quarter Horse,Gelding,14 years,15 hh,Tobiano-all-colors,Lipan Tx,N/A,"$3,500.00 ",Trail - Versatility Ranch Horse ,
14954,American Quarter Horse,Gelding,12 years,N/A,N/A,Stephenville TX,N/A,"$3,500.00 ",Trail - Versatility Ranch Horse ,
14955,American Quarter Horse,Gelding,9 years,15 hh,Palomino,Weatherford TX,N/A,"$3,500.00 ",Trail - Versatility Ranch Horse ,
14956,American Quarter Horse,Gelding,10 years,"14,2 hh",Chestnut,Weatherford TX,N/A,"$3,500.00 ",Trail - Versatility Ranch Horse ,
14957,American Quarter Horse,Gelding,13 years,"15,3 hh",Sorrel,Lipan TX,N/A,"$3,500.00 ",Trail - Versatility Ranch Horse ,
14958,Paint Horse,Gelding,7 years,"15,1 hh",Tobiano-all-colors,Weatherford TX,N/A,"$3,501.00 ",Trail - Versatility Ranch Horse ,
14959,American Quarter Horse,Gelding,7 years,N/A,N/A,Weatherford TX,N/A,"$3,500.00 ",Trail - Versatility Ranch Horse ,
14960,Paint Horse,Mare,10 years,N/A,N/A,Guthrie OK,N/A,"$3,500.00 ",Trail - Versatility Ranch Horse ,
14961,PRE,Mare,4 years,"15,2 hh",Brown,Traventhal,"8,500","$9,053.00 ",Leisure - Working Equitation - Breeding - Dressage,"is broken-in, is lunged, is worked on the ground"
14962,PRE Mix,Gelding,6 years,"16,2 hh",Black,Traventhal,"20,000","$21,301.00 ",Dressage - Working Equitation - Show - Baroque,
14963,PRE Mix,Gelding,4 years,"16,1 hh",Pinto,Traventhal,"20,000","$21,301.00 ",Working Equitation - Baroque - Leisure - Dressage,
14964,PRE Mix,Gelding,4 years,N/A,N/A,Traventhal,"20,000","$21,301.00 ",Dressage - Working Equitation - Baroque - Trotter,
14965,Oldenburg-International (OS),Stallion,5 years,17 hh,Bay-Dark,wardenburg,"40,000","$42,601.00 ",Jumping,
14966,American Quarter Horse,Mare,10 years,N/A,N/A,Guthrie OK,N/A,"$3,500.00 ",Trail - Versatility Ranch Horse ,
14967,NRPS,Gelding,14 years,17 hh,Bay,Werkendam,"100,000","$106,503.00 ",Dressage ,
14968,Fjord Horses,Gelding,15 years,"14,3 hh",Buckskin,Flemingsburg KY,N/A,"$3,500.00 ",Trail - Versatility Ranch Horse ,
14969,American Quarter Horse,Gelding,15 years,"14,3 hh",Buckskin,Flemingsburg kY,N/A,"$3,500.00 ",Trail - Versatility Ranch Horse ,
14970,Oldenburg,Gelding,7 years,"17,1 hh",Chestnut,Budapest,"30,000","$31,951.00 ",Dressage ,
14971,KWPN,Gelding,7 years,17 hh,Bay-Dark,Pilisjászfalu,"38,000","$40,471.00 ",Dressage ,
14972,Hanoverian,Gelding,5 years,17 hh,Brown,Pilisjászfalu,"38,000","$40,471.00 ",Dressage ,
14973,NRPS,Gelding,9 years,"16,1 hh",Chestnut-Red,Werkendam,"100,000","$106,503.00 ",Dressage ,
14974,KWPN,Gelding,9 years,"16,2 hh",Black,Pilisjászfalu,"70,000","$74,552.00 ",Dressage ,
14975,Oldenburg,Gelding,11 years,"16,2 hh",Black,Pilisjászfalu,N/A,"$100,000.00 ",Dressage ,
14976,Paint Horse,Gelding,10 years,16 hh,Buckskin,Fort Collins CO,N/A,"$3,500.00 ",Trail - Versatility Ranch Horse ,
14977,American Quarter Horse,Gelding,10 years,16 hh,Buckskin,Fort Collins CO,N/A,"$3,500.00 ",Trail - Versatility Ranch Horse ,
14978,Appaloosa,Gelding,9 years,"13,3 hh",Gray,Guthrie OK,N/A,"$3,500.00 ",Trail - Versatility Ranch Horse ,
14979,American Quarter Horse,Gelding,9 years,"13,3 hh",Gray,Guthrie OK,N/A,"$3,500.00 ",Trail - Versatility Ranch Horse ,
14980,Paint Horse,Gelding,7 years,"13,2 hh",Tobiano-all-colors,Howell MI,N/A,"$3,500.00 ",Trail - Versatility Ranch Horse ,
14981,American Quarter Horse,Gelding,7 years,"13,2 hh",Tobiano-all-colors,Howell MI,N/A,"$3,500.00 ",Trail - Jumping ,
14982,Oldenburg,Stallion,1 year,"16,3 hh",Chestnut,Walchum,"7,900","$8,414.00 ",Dressage - Breeding ,
14983,American Quarter Horse,Gelding,17 years,14 hh,Grullo,Lisbon IA,N/A,"$3,500.00 ",Trail - Versatility Ranch Horse ,
14984,American Quarter Horse,Gelding,16 years,"14,1 hh",Roan-Red,Quitman AR,N/A,"$3,500.00 ",Trail - Versatility Ranch Horse ,
14985,American Quarter Horse,Gelding,9 years,15 hh,Roan-Red,Cherryville NC,N/A,"$3,500.00 ",Trail - Versatility Ranch Horse ,
14986,Percheron,Mare,5 years,N/A,N/A,Warsaw NY,N/A,"$3,500.00 ",Dressage - Trail ,
14987,American Quarter Horse,Gelding,7 years,12 hh,Gray-Dapple,Oakley MI,N/A,"$3,500.00 ",Trail - Versatility Ranch Horse ,
14988,Oldenburg,Gelding,6 years,"16,2 hh",Black,Ocala FL,N/A,"$3,500.00 ",Trail - Versatility Ranch Horse ,
14989,Oldenburg,Mare,7 years,"16,3 hh",Smoky-Black,Walchum,"6,500","$6,923.00 ",Breeding - Leisure - Dressage ,
14990,Hanoverian,Gelding,14 years,"16,2 hh",Chestnut,Gleichen,"70,000","$74,552.00 ",Dressage ,
14991,Oldenburg,Mare,15 years,17 hh,Bay-Dark,Walchum,"3,500","$3,728.00 ",Breeding - Leisure - Dressage ,
14992,Oldenburg,Stallion,1 year,N/A,N/A,Hetzerath,"10,000","$10,650.00 ",Dressage - Breeding ,
14993,German Sport Horse,Gelding,7 years,17 hh,N/A,Düsseldorf,"40,000","$42,601.00 ",Jumping - Leisure - Dressage ,
14994,Oldenburg,Gelding,5 years,17 hh,Black,Hetzerath,"10,000","$10,650.00 ",Dressage ,
14995,Trakehner,Mare,3 years,N/A,N/A,Warlitz,N/A,N/A,Eventing ,
14996,Furioso Mix,Stallion,2 years,"12,2 hh",Bay,Győr,"5,000","$5,325.00 ",Leisure - Western - Dressage ,
14997,Trakehner,Mare,1 year,N/A,N/A,Holzbunge,"6,000","$6,390.00 ",Jumping - Dressage ,
14998,Trakehner,Stallion,1 year,N/A,N/A,Holzbunge,"6,000","$6,390.00 ",Jumping ,
14999,German Sport Horse,Mare,4 years,16 hh,Chestnut-Red,Brunn,N/A,N/A,Leisure - Dressage ,
15000,Friesian horses,Gelding,6 years,15 hh,Black,"Auburn, ky",N/A,"$11,998.00 ",Trail - English Pleasure - Western Pleasure - Driving ,
15001,Trakehner,Mare,4 years,16 hh,Chestnut-Red,Weste,N/A,N/A,Eventing - Jumping ,
15002,Oldenburg-International (OS),Gelding,11 years,"16,2 hh",Chestnut-Red,Götzendorf an der Leitha,"15,000","$15,975.00 ",Jumping - Eventing - Leisure - Dressage ,
15003,Hanoverian,Gelding,6 years,"17,1 hh",Brown,Deinstedt,"37,500","$39,938.00 ",Jumping ,
15004,German Sport Horse,Mare,3 years,"15,3 hh",Brown,Laaber,"6,500","$6,923.00 ",Dressage - Breeding - Leisure ,
15005,Other Thoroughbred Breeds,Mare,1 year,"15,2 hh",Dun,Suria,800,$852.00 ,Leisure,
15006,Spanish Sporthorse,Gelding,9 years,"14,2 hh",Brown,Messel,"10,000","$10,650.00 ",Dressage - Leisure ,
15007,Connemara,Mare,4 years,"14,3 hh",Gray-Dapple,Euskirchen,"8,500","$9,053.00 ",Leisure - Jumping - Dressage ,
15008,Zangersheider,Mare,4 years,"15,2 hh",Brown,Heusden zolder,"8,500","$9,053.00 ",Jumping - Dressage ,
15009,Zangersheider,Mare,6 years,"16,1 hh",Bay-Dark,Heusden zolder,"16,000","$17,040.00 ",Jumping ,
15010,German Riding Pony,Mare,6 years,"15,1 hh",Palomino,Heusden zolder,"9,000","$9,585.00 ",Dressage - Jumping ,
15011,Oldenburg-International (OS),Mare,8 years,"15,3 hh",Brown,Bergheim,"27,000","$28,756.00 ",Jumping ,
15012,PRE Mix,Mare,5 years,"15,1 hh",Dun,Traventhal,"15,000","$15,975.00 ",Leisure - Working Equitation - Baroque - Dressage ,
15013,PRE,Gelding,4 years,15 hh,Black,Wiebelsheim,"6,999","$7,454.00 ",Leisure - Baroque - Dressage ,
15014,PRE,Gelding,6 years,16 hh,Buckskin,Grebenhain,N/A,N/A,Dressage - Vaulting ,
15015,German Sport Horse,Mare,6 years,"15,2 hh",Brown,Gerstetten,N/A,N/A,Jumping ,
15016,Baroque Pinto,Gelding,8 years,"16,1 hh",N/A,Ermelo,N/A,N/A,Dressage - Working Equitation - Leisure ,
15017,Westphalian,Mare,6 years,17 hh,Brown,Bergheim,"11,000","$11,715.00 ",Breeding ,
15018,Hanoverian,Gelding,9 years,"16,1 hh",Bay-Dark,Stade,"40,000","$42,601.00 ",Jumping,
15019,PRE,Stallion,8 years,"15,2 hh",Gray,Vinkeveen,"100,000","$106,503.00 ",Dressage ,
15020,PRE,Stallion,4 years,16 hh,Brown,Vejer de la Frontera,"10,000","$10,650.00 ",Leisure - Baroque - Dressage ,
15021,PRE,Stallion,3 years,16 hh,Brown Falb mold,Vejer de la Frontera,"15,000","$15,975.00 ",Leisure - Baroque - Dressage ,
15022,Welsh A (Mountain Pony),Mare,3 years,"11,2 hh",Gray,Aalten,"1,950","$2,077.00 ",Hunter ,
15023,Welsh A (Mountain Pony),Gelding,3 years,"11,2 hh",Palomino,Aalten,"2,850","$3,035.00 ",Driving - Hunter ,
15024,Criollo,Gelding,3 years,"14,2 hh",Leopard-Piebald,Sommerkahl,"5,000","$5,325.00 ",Western allround - Polo - Endurance - Leisure ,
15025,KWPN,Gelding,6 years,"16,1 hh",Chestnut-Red,Kamenz,"40,000","$42,601.00 ",Jumping,
15026,Paint Horse,Gelding,8 years,16 hh,Tovero-all-colors,Thiene,"10,000","$10,650.00 ",Trail - English Pleasure - Western,
15027,Hanoverian,Mare,19 years,"16,2 hh",Brown,Filsum,"2,900","$3,089.00 ",Breeding ,
15028,PRE,Stallion,2 years,"15,2 hh",Black,Mallorca,"5,000","$5,325.00 ",Leisure - Working Equitation - Baroque - Eventing ,
15029,Oldenburg,Mare,4 years,"16,3 hh",Chestnut-Red,Berg,"25,500","$27,158.00 ",Dressage - Breeding - Vaulting - Eventing ,
15030,German Riding Horse,Mare,7 years,"16,3 hh",Gray,Büttelborn,"25,000","$26,626.00 ",Jumping - Breeding - Eventing - Dressage ,
15031,Icelandic Horse,Mare,11 years,"14,1 hh",Chestnut-Red,Lochen am See,"15,000","$15,975.00 ",Gaited - Show - Leisure - Dressage ,
15032,Shetland Ponies,Mare,13 years,"7,3 hh",Palomino,Lodz,"3,000","$3,195.00 ",Breeding - Show ,
15033,Shetland Ponies,Mare,14 years,"8,2 hh",Chestnut-Red,Lodz,"1,500","$1,598.00 ",Breeding - Show ,
15034,Hanoverian,Mare,1 year,N/A,N/A,Havelaue,"7,000","$7,455.00 ",Dressage - Breeding - Hunter - Leisure ,
15035,PRE Mix,Stallion,6 years,16 hh,Bay-Dark,Sevilla,"15,000","$15,975.00 ",Baroque - Show - Dressage ,
15036,Welsh C (of Cob Type),Mare,1 year,"13,1 hh",Smoky-Black,Meerbusch,"1,800","$1,917.00 ",Leisure - Eventing - Driving - Dressage ,
15037,Welsh C (of Cob Type),Mare,1 year,"13,1 hh",Palomino,Meerbusch,"1,700","$1,811.00 ",Dressage - Show - Leisure - Driving ,
15038,Hanoverian,Stallion,1 year,N/A,N/A,Schollene,"6,000","$6,390.00 ",Dressage - Hunter - Leisure - Driving ,
15039,Oldenburg,Stallion,1 year,"16,2 hh",Bay-Dark,Ehrenburg,"10,000","$10,650.00 ",Dressage - Jumping - Leisure ,
15040,Icelandic Horse,Mare,12 years,14 hh,Red Dun,Hvolsvöllur,"12,000","$12,780.00 ",Gaited - Breeding - Leisure ,
15041,Hucul,Mare,5 years,"12,2 hh",Brown,Bayerbach,"3,600","$3,834.00 ",Leisure ,
15042,German Riding Horse,Mare,1 year,N/A,N/A,Lich,"8,000","$8,520.00 ",Dressage - Eventing - Leisure ,
15043,German Sport Horse,Stallion,7 years,"16,2 hh",Brown,Olfen,"39,500","$42,068.00 ",Jumping - Mating ,
15044,German Sport Horse,Mare,1 year,N/A,N/A,Kloster Lehnin,N/A,N/A,Dressage - Breeding - Leisure ,
15045,Tennessee walking horse,Mare,4 years,15 hh,Black,"LEWISBURG, TN",N/A,"$8,500.00 ",Gaited - Western allround - Trail ,
15046,German Sport Horse,Mare,2 years,N/A,N/A,Empfingen,"5,900","$6,284.00 ",Dressage - Breeding - Jumping - Leisure ,
15047,German Sport Horse,Mare,2 years,N/A,N/A,Empfingen,"5,900","$6,284.00 ",Dressage - Eventing - Jumping - Leisure ,
15048,PRE Mix,Stallion,5 years,"15,2 hh",N/A,Almeeimar,"4,500","$4,793.00 ",Leisure ,
15049,PRE Mix,Stallion,5 years,"15,2 hh",Palomino,Almerimar,"4,500","$4,793.00 ",Baroque ,
15050,American Quarter Horse,Mare,3 years,N/A,N/A,Brescia,N/A,N/A,Reining,
15051,Hanoverian,Mare,10 years,16 hh,Chestnut-Red,Hünfelden,"40,000","$42,601.00 ",Dressage - Jumping - Leisure ,
15052,Other Thoroughbred Breeds,Gelding,8 years,"16,2 hh",Chestnut-Red,Wegeleben,"4,900","$5,219.00 ",Leisure - Jumping - Dressage ,
15053,Icelandic Horse,Mare,13 years,"13,2 hh",Brown,Euskirchen,"10,000","$10,650.00 ",Gaited - Breeding - Leisure ,
15054,Oldenburg,Gelding,5 years,"16,2 hh",Black,Wien,"28,000","$29,821.00 ",Dressage,
15055,Tennessee walking horse,Gelding,13 years,15 hh,Buckskin,"Charleston, KY",N/A,"$5,000.00 ",Trail - Versatility Ranch Horse ,
15056,Oldenburg,Mare,12 years,"16,1 hh",Brown,Vechta,"15,000","$15,975.00 ",Breeding - Dressage ,
15057,Tennessee walking horse,Gelding,10 years,15 hh,Tobiano-all-colors,"Lewisburg, TN",N/A,"$12,499.00 ",Gaited ,
15058,Mule,Gelding,16 years,15 hh,Bay,"GRASSY CREEK, KY",N/A,"$8,500.00 ",Gaited - Trail - Driving ,
15059,Trakehner,Mare,3 years,"16,3 hh",Black,Adelsried,"20,000","$21,301.00 ",Dressage ,
15060,Trakehner,Stallion,3 years,"16,3 hh",Bay-Dark,Adelsried,"15,000","$15,975.00 ",Dressage - Eventing ,
15061,Trakehner,Mare,2 years,17 hh,Brown,Adelsried,"10,000","$10,650.00 ",Dressage - Breeding ,
15062,Missouri Foxtrotter,Gelding,5 years,"14,2 hh",Grullo,"Auburn Hills, UT",N/A,N/A,Trail - Versatility Ranch Horse - Endurance - Western ,
15063,Hanoverian,Mare,5 years,16 hh,Brown,Eiselfing,"25,000","$26,626.00 ",Dressage - Breeding - Jumping - Leisure ,
15064,Oldenburg,Mare,13 years,"16,2 hh",Bay-Dark,Neunkirchen,"40,000","$42,601.00 ",Jumping ,
15065,KWPN,Gelding,9 years,"16,1 hh",Chestnut-Red,Isernhagen,"25,000","$26,626.00 ",Driving - Dressage ,
15066,Tennessee walking horse,Gelding,5 years,14 hh,Buckskin,"Parkers Lake, KY",N/A,"$10,000.00 ",Gaited - Trail ,
15067,PRE,Stallion,8 years,17 hh,Gray-Fleabitten,Roeser,"40,000","$42,601.00 ",Dressage - Working Equitation - Breeding - Leisure ,
15068,Shetland Ponies,Stallion,1 year,"8,3 hh",N/A,Susteren,750,$799.00 ,Leisure ,
15069,German Riding Pony,Stallion,1 year,N/A,N/A,Kloster Lehnin,N/A,N/A,Dressage - Breeding - Leisure ,
15070,Swedish Warmblood,Mare,1 year,"16,2 hh",Brown,Blentarp,"9,000","$9,585.00 ",Jumping ,
15071,Swedish Warmblood,Stallion,1 year,"16,1 hh",Bay-Dark,Blentarp,"8,500","$9,053.00 ",Jumping ,
15072,Appaloosa,Stallion,4 years,16 hh,Leopard-Piebald,Hitzum,"20,000","$21,301.00 ",Dressage - Show - Breeding - Jumping ,
15073,Appaloosa,Stallion,5 years,16 hh,Leopard-Piebald,Hitzum,N/A,N/A,Dressage - Show - Jumping - Mating ,
15074,Rocky Mountain Horse,Gelding,9 years,"14,1 hh",Cremello,GOVEN,"8,500","$9,053.00 ",Leisure ,
15075,Lusitano,Stallion,4 years,"15,2 hh",Brown Falb mold,Huelca,"20,000","$21,301.00 ",Dressage - Working Equitation,
15076,Oldenburg-International (OS),Gelding,5 years,"16,1 hh",Chestnut-Red,Lübtheen,"20,000","$21,301.00 ",Jumping - Eventing - Hunter ,
15077,Hanoverian,Mare,3 years,"16,1 hh",N/A,Winsen (Luhe),"15,000","$15,975.00 ",Dressage ,
15078,Hanoverian,Mare,2 years,N/A,N/A,Vierlinden Friedersdorf,"10,000","$10,650.00 ",Dressage - Breeding - Hunter - Leisure ,
15079,Hanoverian,Mare,3 years,N/A,N/A,Strausberg,"18,000","$19,170.00 ",Jumping - Breeding - Eventing - Hunter ,
15080,Hanoverian,Stallion,2 years,N/A,N/A,Strausberg,"15,000","$15,975.00 ",Dressage - Eventing - Hunter - Leisure ,
15081,German Riding Pony,Mare,5 years,"14,2 hh",Black,Groß Kreutz,"40,000","$42,601.00 ",Dressage - Show - Breeding - Hunter ,
15082,Mecklenburg Warmblood,Mare,5 years,"16,1 hh",Brown,Gadow,"20,000","$21,301.00 ",Jumping ,
15083,PRE,Gelding,21 years,"16,1 hh",Gray-Fleabitten,Grajera,"5,000","$5,325.00 ",Leisure - Doma Vaquera - Show - Dressage ,
15084,Westphalian,Gelding,5 years,16 hh,Brown,Bönen,"10,000","$10,650.00 ",Jumping,
15085,PRE,Gelding,11 years,"15,1 hh",Black,Zierikzee,"4,500","$4,793.00 ",Dressage,"is broken-in, is incl. tack equipment, is easy to load"
15086,PRE,Stallion,4 years,16 hh,Black,Vejer de la Frontera,"20,000","$21,301.00 ",Dressage - Working Equitation - Baroque ,
15087,Andalusian,Gelding,8 years,16 hh,Gray,Alcántara,"10,000","$10,650.00 ",Dressage ,
15088,American Quarter Horse,Mare,9 years,14 hh,Chestnut,"Clarksburg, TN",N/A,"$4,499.00 ",Trail - Western allround - Western ,
15089,PRE Mix,Stallion,5 years,"15,2 hh",Gray,Sevilla,"15,000","$15,975.00 ",Dressage ,
15090,Trakehner,Stallion,1 year,N/A,N/A,ZapelCrivitz,"10,000","$10,650.00 ",Eventing - Jumping - Leisure - Dressage ,
15091,Trakehner,Stallion,1 year,N/A,N/A,ZapelCrivitz,"10,000","$10,650.00 ",Eventing - Jumping - Leisure - Dressage ,
15092,Westphalian,Gelding,10 years,"16,2 hh",Brown,Rhede,N/A,N/A,Dressage ,
15093,Other Warmbloods Mix,Gelding,4 years,15 hh,N/A,Dorsten,"4,500","$4,793.00 ",Driving ,
15094,Hanoverian,Stallion,1 year,N/A,N/A,Strausberg,"15,000","$15,975.00 ",Dressage - Breeding - Hunter - Leisure ,
15095,Hanoverian,Stallion,1 year,N/A,N/A,Strausberg,"10,000","$10,650.00 ",Dressage - Hunter - Leisure - Driving ,
15096,Tennessee walking horse,Gelding,7 years,15 hh,Black,Cynthiana,N/A,"$10,000.00 ",Gaited - Western Pleasure - Show ,
15097,Haflinger,Stallion,13 years,15 hh,Chestnut-Red,Westendorf,N/A,N/A,Breeding ,
15098,Appaloosa,Gelding,6 years,"13,2 hh",Bay,"Bitterwater, CA",N/A,"$3,500.00 ",Trail - Versatility Ranch Horse ,
15099,American Quarter Horse,Gelding,6 years,"13,2 hh",Bay,Bitterwater CA,N/A,"$3,500.00 ",Trail - Versatility Ranch Horse ,
15100,American Quarter Horse,Gelding,9 years,"14,3 hh",Chestnut,Valley Springs CA,N/A,"$3,500.00 ",Trail - Versatility Ranch Horse ,
15101,American Quarter Horse,Gelding,7 years,"14,2 hh",Chestnut,Paicines CA,N/A,"$3,500.00 ",Trail - Versatility Ranch Horse ,
15102,Hanoverian,Mare,4 years,16 hh,Brown,Fehrbellin,"20,000","$21,301.00 ",Jumping - Eventing - Hunter - Leisure ,
15103,Mustang (american),Gelding,6 years,16 hh,Gray-Dapple,King City CA,N/A,"$3,500.00 ",Trail - Versatility Ranch Horse ,
15104,American Quarter Horse,Gelding,8 years,15 hh,Chestnut,Pleasant Grove MO,N/A,"$3,499.00 ",Trail - Versatility Ranch Horse ,
15105,Westphalian,Gelding,4 years,"17,1 hh",Brown,Rhede,"29,000","$30,886.00 ",Dressage ,
15106,American Quarter Horse,Gelding,12 years,"14,2 hh",Roan-Red,Paicines CA,N/A,"$3,500.00 ",Trail - Versatility Ranch Horse ,
15107,American Quarter Horse,Gelding,8 years,"15,1 hh",Palomino,Granbury TX,N/A,"$3,500.00 ",Trail - Versatility Ranch Horse ,
15108,American Quarter Horse,Gelding,8 years,"14,3 hh",Roan-Bay,Camp Verde AZ,N/A,"$3,500.00 ",Trail - Versatility Ranch Horse ,
15109,American Quarter Horse,Gelding,7 years,"16,1 hh",Black,Lisbon IA,N/A,"$3,500.00 ",Trail - Versatility Ranch Horse ,
15110,American Quarter Horse,Gelding,10 years,"15,2 hh",Chestnut,Mountain Grove MO,N/A,"$3,500.00 ",Trail - Versatility Ranch Horse ,
15111,American Quarter Horse,Gelding,12 years,"13,1 hh",Tobiano-all-colors,Stephenville TX,N/A,"$3,500.00 ",Trail - Versatility Ranch Horse ,
15112,Percheron,Gelding,8 years,16 hh,Grullo,Flemingsburg KY,N/A,"$3,500.00 ",Trail - Versatility Ranch Horse ,
15113,American Quarter Horse,Gelding,8 years,16 hh,Grullo,Flemingsburg Ky,N/A,"$3,500.00 ",Trail - Versatility Ranch Horse ,
15114,Appaloosa,Gelding,4 years,15 hh,Leopard-Piebald,Jacksboro TX,N/A,"$3,500.00 ",Trail - Versatility Ranch Horse ,
15115,American Quarter Horse,Gelding,12 years,15 hh,Cremello,Lisbon IA,N/A,"$3,500.00 ",Trail - Versatility Ranch Horse ,
15116,Mule,Gelding,9 years,"14,2 hh",Dun,Charleston IL,N/A,"$3,500.00 ",Trail - Versatility Ranch Horse ,
15117,American Quarter Horse,Gelding,9 years,"14,2 hh",Dun,Charleston IL,N/A,"$3,500.00 ",Trail - Versatility Ranch Horse ,
15118,Gypsy Horse,Gelding,7 years,"15,2 hh",Tobiano-all-colors,Grassy Creek Ky,N/A,"$3,500.00 ",Trail - Versatility Ranch Horse ,
15119,American Quarter Horse,Gelding,7 years,"15,2 hh",Tobiano-all-colors,Grassy Creek KY,N/A,"$3,500.00 ",Trail - Versatility Ranch Horse ,
15120,Pony of the Americas,Gelding,15 years,"12,1 hh",Champagne,Mt Hope AL,N/A,"$3,500.00 ",Trail - Versatility Ranch Horse ,
15121,American Quarter Horse,Gelding,15 years,"12,1 hh",Champagne,Mt Hope Al,N/A,"$3,500.00 ",Trail - Versatility Ranch Horse ,
15122,Pony of the Americas,Gelding,8 years,"9,1 hh",Brown,Huntland TN,N/A,"$3,500.00 ",Trail - Versatility Ranch Horse ,
15123,American Quarter Horse,Gelding,8 years,"9,1 hh",Brown,Huntland Tn,N/A,"$3,500.00 ",Trail - Versatility Ranch Horse ,
15124,Mule,Gelding,9 years,16 hh,Chestnut,Brooksville KY,N/A,"$3,500.00 ",Trail - Versatility Ranch Horse ,
15125,Mule,Gelding,14 years,"15,1 hh",Black,Brooksville Ky,N/A,"$3,500.00 ",Trail - Versatility Ranch Horse ,
15126,Percheron,Gelding,5 years,"15,2 hh",Gray-Dapple,Shipshewana IN,N/A,"$3,500.00 ",Trail - Driving ,
15127,American Quarter Horse,Gelding,5 years,"15,2 hh",Gray-Dapple,Shipshewana IN,N/A,"$3,500.00 ",Trail - Driving ,
15128,PRE Mix,Stallion,7 years,16 hh,Buckskin,Sevilla,"25,000","$26,626.00 ",Baroque - Show - Leisure ,
15129,Haflinger,Mare,4 years,"14,2 hh",Chestnut-Red,Ruderatshofen,"10,000","$10,650.00 ",Dressage - Breeding - Jumping - Leisure ,
15130,Oldenburg,Stallion,2 years,N/A,N/A,Milín,"25,000","$26,626.00 ",Dressage ,
15131,Trakehner,Mare,4 years,"16,2 hh",Chestnut-Red,Coesfeld,"25,000","$26,626.00 ",Dressage - Breeding - Eventing ,
15132,Tennessee walking horse,Mare,6 years,14 hh,Gray,"Hustonville, KY",N/A,"$10,000.00 ",Gaited - Western allround - Trail ,
15133,Icelandic Horse,Gelding,13 years,"13,1 hh",Black,Lochen am See,"10,000","$10,650.00 ",Gaited - Leisure - Dressage ,
15134,PRE Mix,Mare,16 years,"14,3 hh",Gray,Grajera,"5,000","$5,325.00 ",Leisure - Equitation Portugesa - Doma Vaquera - Working Equitation ,
15135,PRE,Stallion,7 years,"15,3 hh",Gray-Dapple,Vejer de la Frontera,"40,000","$42,601.00 ",Dressage - Baroque - Leisure ,
15136,Trakehner,Mare,4 years,"16,2 hh",Chestnut-Red,Rüsselsheim,"20,000","$21,301.00 ",Dressage - Breeding - Eventing - Jumping ,
15137,American Quarter Horse,Mare,2 years,"12,2 hh",Bay-Dark,Brixem,"12,345","$13,148.00 ",Reining - Cutting ,
15138,German Sport Horse,Stallion,1 year,17 hh,Black,Hainichen,"9,500","$10,118.00 ",Jumping,
15139,Oldenburg,Mare,9 years,"17,1 hh",Black,Radeburg,"20,000","$21,301.00 ",Breeding - Dressage ,
15140,Hanoverian,Gelding,4 years,"16,1 hh",Smoky-Black,Brniště,"10,000","$10,650.00 ",Jumping - Eventing - Hunter - Dressage,
15141,PRE,Stallion,1 year,16 hh,Bay,Dochamps,"4,000","$4,260.00 ",Dressage - Baroque ,
15142,Friesian horses,Stallion,7 years,"16,1 hh",Black,Madrid,"40,000","$42,601.00 ",Leisure - Show - Dressage ,
15143,PRE,Stallion,3 years,"16,1 hh",Brown,Tabernas Almeria,"10,000","$10,650.00 ",Dressage - Working Equitation ,
15144,KWPN,Gelding,14 years,"16,1 hh",Bay-Dark,Gundelfingen,"40,000","$42,601.00 ",Dressage - Jumping ,
15145,Hanoverian,Gelding,6 years,16 hh,Black,Weil,"22,000","$23,431.00 ",Dressage - Leisure ,
15146,NRPS,Mare,7 years,16 hh,Leopard-Piebald,Lutjegast,"9,750","$10,384.00 ",Breeding - Dressage ,
15147,Welsh D (Cob),Mare,1 year,N/A,N/A,Wustermark,N/A,N/A,Leisure - Breeding - Dressage ,
15148,Heavy Warmblood,Gelding,5 years,16 hh,Brown,Eggermühlen,"8,350","$8,893.00 ",Leisure ,
15149,Trakehner,Gelding,5 years,16 hh,Chestnut-Red,Ganschow,N/A,N/A,Driving ,
15150,American Quarter Horse,Gelding,6 years,N/A,N/A,Paupisi,N/A,N/A,Reining,
15151,Tennessee walking horse,Mare,10 years,13 hh,Tobiano-all-colors,"Shelbyville, tn",N/A,"$6,000.00 ",Gaited - Western allround - Trail - Western Pleasure ,
15152,Haflinger,Gelding,2 years,"14,1 hh",N/A,Trebbin,"6,000","$6,390.00 ",Dressage - Eventing - Jumping - Mating ,
15153,Tennessee walking horse,Mare,13 years,15 hh,Sorrel,"Tompkinsville, KY",N/A,"$5,499.00 ",Trail - Versatility Ranch Horse - Gaited - Western ,
15154,Andalusian,Gelding,4 years,15 hh,Black,Mallorca,"4,500","$4,793.00 ",Leisure - Working Equitation - Baroque - Western ,
15155,PRE,Stallion,6 years,16 hh,Gray-Dapple,Vejer de la Frontera,"15,000","$15,975.00 ",Dressage - Working Equitation - Leisure ,
15156,PRE Mix,Stallion,4 years,16 hh,Gray-Dark-Tan,Vejer de la Frontera,"20,000","$21,301.00 ",Leisure - Baroque - Dressage ,
15157,PRE Mix,Gelding,4 years,"15,2 hh",Gray-Dapple,Hamburg,"15,000","$15,975.00 ",Baroque - Working Equitation - Leisure - Dressage ,
15158,American Quarter Horse,Mare,2 years,N/A,N/A,Eores,N/A,N/A,Reining ,
15159,Tennessee walking horse,Gelding,4 years,14 hh,Bay,"Whitley City, KY",N/A,"$30,000.00 ",Gaited - Western allround - Trail - Driving ,
15160,Westphalian,Gelding,5 years,"16,2 hh",Chestnut-Red,Ibbenbüren,"70,000","$74,552.00 ",Dressage ,
15161,KWPN,Mare,15 years,"16,1 hh",Smoky-Black,Rommerskirchen,"3,800","$4,047.00 ",Dressage - Breeding - Leisure ,
15162,Hanoverian,Mare,8 years,17 hh,Bay-Dark,Rommerskirchen,"24,000","$25,561.00 ",Jumping - Hunting - Eventing - Leisure ,
15163,German Sport Horse,Stallion,2 years,17 hh,Bay-Dark,Burgstall,"4,300","$4,580.00 ",Jumping - Leisure - Driving - Dressage ,
15164,German Sport Horse,Stallion,2 years,"16,1 hh",Brown,Burgstall,"4,400","$4,686.00 ",Jumping - Leisure - Driving - Dressage ,
15165,Pintos,Mare,12 years,"14,2 hh",Pinto,Linkenbach,"5,800","$6,177.00 ",Leisure - Trail - Western ,
15166,PRE Mix,Stallion,5 years,"16,2 hh",Brown,Navas Del Madroño,"20,000","$21,301.00 ",Eventing ,
15167,Pony of the Americas,Mare,4 years,13 hh,Black,"Albany, KY",N/A,"$5,000.00 ",Gaited - Trail - Show - Western ,
15168,American Quarter Horse,Stallion,3 years,"14,1 hh",Roan-Bay,Shipshewana,N/A,"$25,000.00 ",Western allround - Trail - Cutting - Cowhorse ,
15169,Holstein,Gelding,15 years,"16,1 hh",Brown,Glandorf,"15,000","$15,975.00 ",Jumping - Eventing - Dressage ,
15170,German Sport Horse,Stallion,1 year,N/A,N/A,Burgstall,"5,000","$5,325.00 ",Jumping - Leisure - Dressage ,
15171,PRE,Stallion,3 years,"15,2 hh",Brown,Alicante,"4,500","$4,793.00 ",Leisure ,
15172,PRE,Stallion,3 years,"15,2 hh",Palomino,Alicante,"7,500","$7,988.00 ",Leisure - Dressage ,
15173,PRE,Stallion,2 years,"14,3 hh",Palomino,Alicante,"6,900","$7,349.00 ",Leisure - Dressage ,
15174,PRE,Stallion,2 years,"15,1 hh",Buckskin,Alicante,"5,200","$5,538.00 ",Leisure - Dressage ,
15175,PRE,Stallion,3 years,16 hh,Chestnut-Red,Alicante,"6,900","$7,349.00 ",Leisure - Dressage ,
15176,PRE,Mare,3 years,N/A,N/A,Alicante,"4,300","$4,580.00 ",Leisure - Dressage ,
15177,PRE,Stallion,3 years,"15,2 hh",Brown,Alicante,"5,000","$5,325.00 ",Leisure - Working Equitation - Dressage ,
15178,Oldenburg-International (OS),Mare,8 years,"16,1 hh",Bay-Dark,Groß Roge,"38,000","$40,471.00 ",Jumping - Breeding - Eventing - Leisure,
15179,PRE,Stallion,4 years,16 hh,Brown Falb mold,Vejer de la Frontera,"15,000","$15,975.00 ",Dressage - Leisure,
15180,Westphalian,Stallion,1 year,N/A,N/A,Ostercappeln,"8,000","$8,520.00 ",Dressage - Eventing,
15181,PRE,Gelding,12 years,"15,2 hh",Black,Dausse,"5,000","$5,325.00 ",Baroque - Working Equitation - Leisure - Dressage ,
15182,Andalusian,Gelding,9 years,"16,2 hh",Buckskin,Milín,"70,000","$74,552.00 ",Dressage - Working Equitation ,
15183,Lusitano,Gelding,6 years,"15,2 hh",Gray,Wiebelsheim,"8,500","$9,053.00 ",Leisure - Baroque - Dressage ,
15184,Trakehner,Gelding,4 years,"15,2 hh",Gray,Bosau,"6,000","$6,390.00 ",Eventing - Jumping - Leisure ,
15185,American Quarter Horse,Gelding,6 years,16 hh,Buckskin,"Gerald, MO",N/A,"$30,000.00 ",Trail - Western allround - Versatility Ranch Horse - Western ,
15186,Westphalian,Mare,4 years,"15,3 hh",Brown,Bönen,"10,000","$10,650.00 ",Jumping,
15187,Tennessee walking horse,Gelding,5 years,15 hh,Black,"Barbourville, KY",N/A,"$19,998.00 ",Gaited - Western allround - Versatility Ranch Horse - Trail ,
15188,Oldenburg,Mare,1 year,"16,2 hh",N/A,Ehrenburg,"10,000","$10,650.00 ",Dressage - Breeding - Jumping - Leisure ,
15189,Tennessee walking horse,Mare,13 years,"14,3 hh",Tobiano-all-colors,"Rockholds, KY",N/A,N/A,Trail - Gaited - Show ,
15190,Czech Warmblood,Gelding,8 years,16 hh,Bay,Milín,"40,000","$42,601.00 ",Dressage - Eventing - Jumping - Leisure ,
15191,Holstein,Stallion,1 year,N/A,N/A,Schmilau,"6,000","$6,390.00 ",Jumping ,
15192,Holstein,Stallion,1 year,N/A,N/A,Schmilau,"5,000","$5,325.00 ",Jumping ,
15193,KWPN,Mare,8 years,"16,1 hh",Bay-Dark,Olomouc,"28,000","$29,821.00 ",Jumping - Dressage ,
15194,Czech Warmblood,Gelding,6 years,"16,2 hh",Bay-Dark,Region Prag,"18,000","$19,170.00 ",Dressage - Hunting - Jumping - Hunter ,
15195,Czech Warmblood,Gelding,8 years,"16,2 hh",Pinto,Region Prag,"14,000","$14,910.00 ",Hunting - Jumping - Leisure - Dressage ,
15196,Czech Warmblood,Gelding,10 years,16 hh,Brown,Region Prag,"7,500","$7,988.00 ",Leisure - Hunting - Jumping - Dressage ,
15197,Tennessee walking horse,Gelding,7 years,15 hh,Black,"Park Hills, MO",N/A,"$6,000.00 ",Gaited - Trail ,
15198,Missouri Foxtrotter,Gelding,14 years,15 hh,Buckskin,"Maize, KS",N/A,"$11,500.00 ",Gaited - Western allround - Trail ,
15199,Tennessee walking horse,Gelding,12 years,15 hh,Gray,"Tompkinsville,KY",N/A,"$6,999.00 ",Gaited - Trail ,
15200,Hanoverian,Mare,1 year,N/A,N/A,Glandorf,"8,000","$8,520.00 ",Eventing - Jumping - Dressage ,
15201,Shire Horse,Mare,1 year,"14,1 hh",Black,Yecla De Yeltes,N/A,N/A,Driving ,
15202,Shire Horse,Mare,1 year,"13,2 hh",Black,Yecla De Yeltes,N/A,N/A,Driving ,
15203,Shire Horse,Stallion,7 years,"18,1 hh",Brown,Yecla De Yeltes,"18,000","$19,170.00 ",Driving - Mating,
15204,Shire Horse,Stallion,5 years,18 hh,Black,Yecla De Yeltes,N/A,N/A,Driving - Baroque - Mating ,
15205,KWPN,Gelding,10 years,"17,2 hh",Bay-Dark,Eindhoven,"6,500","$6,923.00 ",Dressage ,
15206,Oldenburg,Mare,5 years,"16,2 hh",Black,Bönen,"40,000","$42,601.00 ",Dressage,
15207,Hanoverian,Mare,8 years,"16,2 hh",Gray-Dapple,Glandorf,"6,000","$6,390.00 ",Breeding - Leisure ,
15208,Mecklenburg Warmblood,Mare,9 years,"17,1 hh",Chestnut-Red,Ganschow,N/A,N/A,Dressage - Hunting - Jumping - Leisure ,
15209,Andalusian,Gelding,4 years,15 hh,Gray,Miralvalles,"5,000","$5,325.00 ",Dressage - Working Equitation - Eventing - Leisure ,
15210,Lusitano,Stallion,1 year,N/A,N/A,Provinz Cordoba,"5,000","$5,325.00 ",Baroque - Eventing - Leisure - Dressage ,
15211,German Riding Pony,Stallion,2 years,"14,2 hh",N/A,Vienenburg,"3,655","$3,893.00 ",Dressage - Show - Jumping - Mating ,
15212,Oldenburg,Stallion,1 year,17 hh,Chestnut,Glewitz,"10,000","$10,650.00 ",Dressage,
15213,Hungarian Sport Horse,Mare,12 years,16 hh,Bay-Dark,Neuburg an der Donau,"10,000","$10,650.00 ",Jumping - Hunting - Leisure - Dressage ,
15214,Hanoverian,Mare,14 years,16 hh,Brown,Neuburg an der Donau,"10,000","$10,650.00 ",Dressage - Jumping - Leisure ,
15215,Hanoverian,Gelding,3 years,"16,2 hh",Chestnut-Red,Moers,"20,000","$21,301.00 ",Dressage - Jumping - Leisure ,
15216,Zangersheider,Stallion,5 years,"16,2 hh",Chestnut-Red,Sośnicowice Kuźniczka 5,"155,000","$165,079.00 ",Jumping ,
15217,Zangersheider,Stallion,5 years,"16,1 hh",Bay-Dark,Sośnicowice,"90,000","$95,852.00 ",Jumping - Eventing ,
15218,Zangersheider,Stallion,5 years,"16,2 hh",Bay,Sośnicowice,"90,000","$95,852.00 ",Eventing - Jumping ,
15219,KWPN,Stallion,3 years,16 hh,Bay-Dark,Gronowice 1B Dziadowa Kłoda,"25,000","$26,626.00 ",Jumping - Eventing ,
15220,Oldenburg,Mare,5 years,"15,1 hh",Brown,Końskie,"25,000","$26,626.00 ",Jumping - Eventing ,
15221,Anglo European Studbook,Mare,7 years,"16,2 hh",Bay,Wiercany,"70,000","$74,552.00 ",Jumping ,
15222,Freiberger Mix,Mare,1 year,N/A,N/A,Guarda,N/A,N/A,Driving - Leisure ,
15223,Paint Horse,Mare,11 years,15 hh,Dun,Granbury TX,N/A,"$3,500.00 ",Trail - Versatility Ranch Horse ,
15224,Freiberger Mix,Stallion,1 year,N/A,N/A,Guarda,N/A,N/A,Driving - Leisure ,
15225,American Quarter Horse,Mare,11 years,15 hh,Dun,Granbury TX,N/A,"$3,500.00 ",Trail - Versatility Ranch Horse ,
15226,PRE Mix,Stallion,2 years,15 hh,Gray,Menorca,"6,000","$6,390.00 ",Leisure - Working Equitation - Baroque - Eventing ,
15227,Westphalian,Gelding,6 years,"16,1 hh",Bay-Dark,Bergheim,"40,000","$42,601.00 ",Jumping - Dressage,
15228,Hanoverian,Mare,11 years,"16,2 hh",Chestnut-Red,Hohenstein Ödenwaldstetten,"40,000","$42,601.00 ",Jumping - Breeding - Eventing - Leisure,
15229,German Riding Pony,Gelding,12 years,"14,1 hh",Black,Ubstadt-Weiher,"24,000","$25,561.00 ",Dressage - Jumping,
15230,Shetland Ponies,Stallion,1 year,"10,2 hh",Black,Gadebusch,"1,100","$1,172.00 ",Breeding - Show - Driving - Mating,"Green, is easy to load, Halter accustomed"
15231,Hungarian Sport Horse,Mare,5 years,"14,1 hh",Gray-Dark-Tan,Dohren,"8,000","$8,520.00 ",Jumping - Breeding - Leisure,"is a companion, is allrounder, is easy to load"
15232,American Quarter Horse,Gelding,4 years,"14,3 hh",Chestnut-Red,München,"8,000","$8,520.00 ",Reining - Western allround - Western,"is a companion, suitable for beginners, is broken-in"
15233,American Quarter Horse,Mare,1 year,N/A,N/A,München,N/A,N/A,Reining - Western allround - Versatility Ranch Horse - Western,"is worked on the ground, is allrounder, is easy to load"
15234,American Quarter Horse,Stallion,3 years,"15,1 hh",Chestnut-Red,München,N/A,N/A,Reining - Western allround - Western,"is worked on the ground, Reliable for trail riding, is easy to load"
15235,Oldenburg,Gelding,5 years,16 hh,Chestnut-Red,Milín,"35,000","$37,276.00 ",Dressage - Working Equitation,"is broken-in, is lunged, Reliable for trail riding"
15236,American Quarter Horse,Gelding,8 years,"14,3 hh",Chestnut-Red,München,"16,000","$17,040.00 ",Leisure - Western allround - Western,"is a companion, suitable for beginners, with protection contract"
15237,Criollo,Mare,16 years,14 hh,Black,Sommerkahl,"5,000","$5,325.00 ",Breeding - Western allround - Polo - Leisure ,
15238,Criollo,Stallion,1 year,"14,2 hh",Overo-all-colors,sommerkahl,"5,000","$5,325.00 ",Western allround - Polo - Endurance - Leisure ,
15239,German Riding Pony,Gelding,6 years,"14,2 hh",Brown,Düsseldorf,"40,000","$42,601.00 ",Dressage ,
15240,German Sport Horse,Mare,4 years,"16,1 hh",Chestnut-Red,Düsseldorf,"40,000","$42,601.00 ",Dressage - Breeding ,
15241,Oldenburg,Mare,1 year,"16,2 hh",Black,Ehrenburg,"10,000","$10,650.00 ",Dressage - Breeding - Jumping - Leisure ,
15242,Zangersheider,Gelding,5 years,"16,1 hh",Brown,Insel Poel,"40,000","$42,601.00 ",Jumping ,
15243,Westphalian,Mare,6 years,16 hh,Brown,Pulheim,"23,000","$24,496.00 ",Jumping ,
15244,Westphalian,Stallion,1 year,"16,3 hh",Chestnut-Red,Mettmann,"5,000","$5,325.00 ",Dressage ,
15245,German Riding Pony,Stallion,1 year,"14,2 hh",Brown,Tonna,"4,500","$4,793.00 ",Dressage - Breeding - Eventing - Jumping ,
15246,PRE,Stallion,2 years,15 hh,Gray,La Fuente De San Esteban,"4,000","$4,260.00 ",Dressage - Doma Vaquera - Working Equitation - Leisure ,
15247,PRE,Stallion,3 years,"15,2 hh",Gray,La Fuente De San Esteban,"5,000","$5,325.00 ",Dressage - Doma Vaquera - Eventing - Leisure ,
15248,Half Arabs,Stallion,3 years,"15,2 hh",Champagne,goven,"8,500","$9,053.00 ",Endurance - English Pleasure - Leisure - Mating ,
15249,Friesian horses,Mare,12 years,"15,3 hh",Black,Großalmerode,"3,500","$3,728.00 ",Leisure - Dressage ,
15250,Westphalian,Gelding,5 years,16 hh,Chestnut-Red,Senden,"70,000","$74,552.00 ",Dressage ,
15251,American Quarter Horse,Gelding,15 years,"15,1 hh",N/A,Valley Springs CA,N/A,"$3,500.00 ",Trail - Versatility Ranch Horse ,
15252,American Quarter Horse,Gelding,11 years,15 hh,Cremello,Pleasant Grove CA,N/A,"$3,500.00 ",Trail - Versatility Ranch Horse ,
15253,American Quarter Horse,Gelding,12 years,"14,3 hh",Bay,Paicines CA,N/A,"$3,500.00 ",Trail - Versatility Ranch Horse ,
15254,American Quarter Horse,Gelding,11 years,"15,2 hh",Gray,Bitterwater CA,N/A,"$3,500.00 ",Trail - Versatility Ranch Horse ,
15255,American Quarter Horse,Gelding,3 years,"14,2 hh",Chestnut,King City CA,N/A,"$3,500.00 ",Trail - Versatility Ranch Horse ,
15256,American Quarter Horse,Gelding,10 years,"14,2 hh",Roan-Red,Paicines CA,N/A,"$3,500.00 ",Trail - Versatility Ranch Horse ,
15257,American Quarter Horse,Gelding,8 years,"15,1 hh",Sorrel,Weatherford TX,N/A,"$3,500.00 ",Trail - Versatility Ranch Horse ,
15258,KWPN,Mare,6 years,"15,2 hh",Buckskin,Poeldijk,"18,500","$19,703.00 ",Dressage ,
15259,Paint Horse,Gelding,13 years,"15,2 hh",Overo-all-colors,Stephenville TX,N/A,"$3,500.00 ",Trail - Versatility Ranch Horse ,
15260,American Quarter Horse,Gelding,13 years,"15,2 hh",Overo-all-colors,Stephenville TX,N/A,"$3,500.00 ",Trail - Versatility Ranch Horse ,
15261,American Quarter Horse,Gelding,5 years,"15,2 hh",Tobiano-all-colors,Caldwell ID,N/A,"$3,500.00 ",Trail - Versatility Ranch Horse ,
15262,American Quarter Horse,Gelding,7 years,"15,1 hh",Chestnut,Mountain Grove MO,N/A,"$3,500.00 ",Trail - Versatility Ranch Horse ,
15263,American Quarter Horse,Gelding,5 years,"14,3 hh",Buckskin,Brodhead KY,N/A,"$3,500.00 ",Trail - Versatility Ranch Horse ,
15264,Percheron,Gelding,5 years,"16,1 hh",Gray,Weatherford TX,N/A,"$3,500.00 ",Trail - Versatility Ranch Horse ,
15265,American Quarter Horse,Gelding,5 years,"16,1 hh",Gray,Weatherford TX,N/A,"$3,500.00 ",Trail - Versatility Ranch Horse ,
15266,Draft Horse,Gelding,12 years,"15,3 hh",Palomino,"Brodhead, KY",N/A,"$3,499.00 ",Trail - Versatility Ranch Horse ,
15267,American Quarter Horse,Gelding,12 years,"15,3 hh",Palomino,"Brodhead, KY",N/A,"$3,500.00 ",Trail - Versatility Ranch Horse ,
15268,American Morgan Horse,Gelding,7 years,"16,1 hh",Bay,Flemingsburg KY,N/A,"$3,500.00 ",Trail - Driving ,
15269,Shagya Arabian,Gelding,5 years,"14,3 hh",Brown,Neuhaus in der Wart,"3,000","$3,195.00 ",Leisure ,
15270,American Quarter Horse,Gelding,11 years,"14,2 hh",Chestnut,Granbury tx,N/A,"$3,500.00 ",Trail - Versatility Ranch Horse ,
15271,American Quarter Horse,Gelding,13 years,"15,1 hh",Roan-Red,Stephenville TX,N/A,"$3,500.00 ",Trail - Versatility Ranch Horse ,
15272,Hanoverian,Gelding,6 years,"16,2 hh",Bay-Dark,Tiddische,"9,500","$10,118.00 ",Dressage ,
15273,American Quarter Horse,Gelding,11 years,"15,1 hh",Gray,Stephenville Tx,N/A,"$3,500.00 ",Trail - Versatility Ranch Horse ,
15274,Mule,Gelding,15 years,"15,3 hh",Sorrel,Brooksville KY,N/A,"$3,500.00 ",Trail - Versatility Ranch Horse ,
15275,American Quarter Horse,Gelding,15 years,"15,3 hh",Sorrel,Brooksville KY,N/A,"$3,500.00 ",Trail - Versatility Ranch Horse ,
15276,American Quarter Horse,Gelding,8 years,"9,1 hh",Tobiano-all-colors,Antlers OK,N/A,"$3,500.00 ",Trail - Versatility Ranch Horse ,
15277,Pony of the Americas,Gelding,8 years,"9,1 hh",Tobiano-all-colors,Antlers OK,N/A,"$3,500.00 ",Trail - Versatility Ranch Horse ,
15278,Welsh B,Stallion,1 year,N/A,N/A,Hoppenrade,"1,500","$1,598.00 ",Driving - Breeding - Leisure ,
15279,Paint Horse,Gelding,12 years,"13,1 hh",Chestnut,Stephenville TX,N/A,"$3,500.00 ",Trail - Versatility Ranch Horse ,
15280,American Quarter Horse,Gelding,12 years,"13,1 hh",Chestnut,Stephenville TX,N/A,"$3,500.00 ",Trail - Versatility Ranch Horse ,
15281,Hanoverian,Mare,9 years,"16,2 hh",Bay-Dark,Rechnitz,"12,000","$12,780.00 ",Dressage - Breeding - Eventing - Leisure,"is registered broodmare, suitable for therapeutic riding, suitable for beginners"
15282,Other Heavy Horses,Mare,4 years,16 hh,Bay-Dark,Braunschweig,"7,800","$8,307.00 ",Leisure - Vaulting - Driving - Dressage,"suitable as school horse/pony, suitable for therapeutic riding, suitable for beginners"
15283,Arabian horses,Stallion,1 year,"15,1 hh",Brown,Mörsdorf,"2,900","$3,089.00 ",Leisure - Endurance - Mating - Dressage ,
15284,Mule,Gelding,13 years,"14,1 hh",Gray,Everett PA,N/A,"$3,500.00 ",Trail - Versatility Ranch Horse ,
15285,German Riding Pony,Stallion,1 year,"14,2 hh",Palomino,Vienenburg,"2,955","$3,147.00 ",Dressage - Western - Eventing - Mating,
15286,Oldenburg,Mare,12 years,"16,1 hh",Brown,Iserlohn,"4,000","$4,260.00 ",Dressage - Breeding - Leisure ,
15287,Oldenburg,Stallion,1 year,N/A,N/A,Pisek,"6,000","$6,390.00 ",Dressage - Leisure ,
15288,PRE,Mare,3 years,"14,3 hh",Black,La Fuente De San Esteban,"5,000","$5,325.00 ",Dressage - Doma Vaquera - Working Equitation - Leisure ,
15289,German Sport Horse,Gelding,5 years,"16,2 hh",Smoky-Black,Velden,"25,000","$26,626.00 ",Dressage - Leisure ,
15290,PRE,Stallion,4 years,"16,1 hh",Perlino,Camarma de esteruelas,"40,000","$42,601.00 ",Dressage ,
15291,Hungarian Sport Horse,Gelding,8 years,16 hh,Bay,Győrújbarát,"20,000","$21,301.00 ",Jumping - Eventing - Hunter - Dressage ,
15292,PRE,Mare,2 years,16 hh,Gray,Mallorca,"5,000","$5,325.00 ",Leisure - Working Equitation - Eventing - Dressage ,
15293,Lusitano,Stallion,4 years,"15,3 hh",Gray,Badajoz,"14,000","$14,910.00 ",Dressage ,
15294,Paint Horse,Stallion,2 years,"14,3 hh",Pearl,Rödinghausen,"6,700","$7,136.00 ",Western allround - Versatility Ranch Horse - Western - Leisure ,
15295,Lusitano Mix,Mare,5 years,"14,1 hh",Champagne,Rödinghausen,"5,900","$6,284.00 ",Doma Vaquera - Baroque - Leisure ,
15296,Lusitano,Stallion,1 year,"14,1 hh",Dunalino,Valencia,"4,900","$5,219.00 ",Leisure - Working Equitation ,
15297,Lusitano,Mare,1 year,"13,2 hh",Brown,Valencia,"10,000","$10,650.00 ",Leisure ,
15298,Arabian Partbred,Mare,1 year,"15,1 hh",N/A,Kleblach-Lind,"10,000","$10,650.00 ",Breeding - Endurance - Eventing - Leisure ,
15299,Arabian Partbred,Mare,4 years,"15,1 hh",Tobiano-all-colors,Kleblach-Lind,"10,000","$10,650.00 ",Breeding - Endurance - Eventing - Leisure ,
15300,Arabian Partbred,Mare,5 years,N/A,N/A,Kleblach-Lind,"10,000","$10,650.00 ",Breeding - Eventing - Leisure ,
15301,Andalusian,Mare,2 years,N/A,N/A,Mallorca,"5,000","$5,325.00 ",Leisure - Working Equitation - Baroque - Eventing ,
15302,Oldenburg,Stallion,1 year,"16,1 hh",Black,Bramsche,"15,000","$15,975.00 ",Dressage - Hunter under saddle - Breeding - Jumping,
15303,German Riding Pony,Gelding,5 years,"13,3 hh",Buckskin,Haunetal,"15,000","$15,975.00 ",Dressage - Driving ,
15304,Bavarian Warmblood,Stallion,1 year,"16,2 hh",Brown,Anrode,"10,000","$10,650.00 ",Jumping - Eventing - Hunter ,
15305,Hanoverian,Mare,7 years,"16,2 hh",Brown,Ostercappeln,N/A,N/A,Breeding,
15306,Oldenburg,Mare,2 years,N/A,N/A,Ostercappeln,N/A,N/A,Dressage,
15307,Oldenburg,Mare,9 years,"16,2 hh",Black,Diepholz,N/A,N/A,Breeding,
15308,Hanoverian,Mare,3 years,"16,1 hh",Black,Ostercappeln,N/A,N/A,Dressage,
15309,German Riding Pony,Gelding,7 years,"14,2 hh",Chestnut-Red,Hochdorf-Assenheim,"15,000","$15,975.00 ",Jumping - Dressage ,
15310,KWPN,Mare,7 years,16 hh,Black,Baden,N/A,N/A,Dressage ,
15311,PRE Mix,Stallion,4 years,"16,2 hh",Gray,Vejer de la Frontera,"10,000","$10,650.00 ",Baroque - Breeding - Leisure - Dressage ,
15312,Draft Horse,Gelding,4 years,16 hh,Tobiano-all-colors,"Auburn, KY",N/A,"$20,000.00 ",Western allround - Trail - Dressage ,
15313,Percheron,Gelding,6 years,16 hh,Gray,"Tompkinsville, KY",N/A,"$35,000.00 ",Trail - English Pleasure - Versatility Ranch Horse - Western ,
15314,American Quarter Horse,Gelding,8 years,14 hh,Dun,"Mayslick, KY",N/A,"$5,500.00 ",Trail - Versatility Ranch Horse - Western Pleasure - Western ,
15315,PRE,Stallion,14 years,15 hh,Gray,Baza,"5,500","$5,858.00 ",Dressage - Breeding - Leisure - Mating ,
15316,Edelbluthaflinger,Gelding,4 years,"14,1 hh",Palomino,Viersen,"15,000","$15,975.00 ",Dressage - Working Equitation - Jumping - Leisure ,
15317,Hanoverian,Mare,1 year,"16,2 hh",Chestnut-Red,Zülpich,"7,500","$7,988.00 ",Jumping - Breeding - Dressage ,
15318,Irish Sport Horse,Mare,5 years,"16,1 hh",Brown,Boutersem,N/A,N/A,Eventing ,
15319,Menorquin,Mare,1 year,"15,3 hh",Black,Menorca,N/A,N/A,Dressage - Breeding - Eventing - Leisure ,
15320,PRE Mix,Stallion,6 years,"15,2 hh",Black,Navas Del Madroño,"15,000","$15,975.00 ",Eventing ,
15321,Other Breeds,Gelding,19 years,15 hh,Pinto,Lathen,"3,900","$4,154.00 ",Leisure ,
15322,Gypsy Horse,Mare,13 years,13 hh,Pinto,Eggermühlen,"5,350","$5,698.00 ",Leisure ,
15323,German Sport Horse,Gelding,6 years,N/A,N/A,Zossen,N/A,N/A,Dressage - Breeding - Jumping - Hunter ,
15324,Oldenburg,Mare,6 years,17 hh,Bay-Dark,Regensdorf,N/A,"$38,584.00 ",Jumping - Eventing ,
15325,Cob,Gelding,14 years,"14,2 hh",Smoky-Black,Ganschow,N/A,N/A,Driving - Hunting - Leisure - Dressage ,
15326,Latvian Warmblood,Gelding,7 years,"16,2 hh",Pinto,Ganschow,N/A,N/A,Jumping - Vaulting - Hunter - Leisure ,
15327,Friesian horses,Mare,1 year,N/A,N/A,"Eatonton, GA",N/A,N/A,Dressage ,
15328,PRE,Stallion,13 years,"15,2 hh",Perlino,Galaroza (Huelva),"15,000","$15,975.00 ",English Pleasure - Baroque - Breeding - Mating ,
15329,German Riding Pony,Mare,4 years,"14,1 hh",Brown,Cappeln (Oldenburg),"35,000","$37,276.00 ",Dressage - Breeding ,
15330,American Quarter Horse,Gelding,10 years,"15,1 hh",Roan-Blue,Mount Vernon,N/A,"$20,000.00 ",Versatility Ranch Horse - Trail ,
15331,Appaloosa,Gelding,8 years,15 hh,Chestnut,Mount Vernon,N/A,"$15,000.00 ",Versatility Ranch Horse - Trail ,
15332,American Quarter Horse,Gelding,8 years,15 hh,Chestnut,Mount Vernon,N/A,"$15,000.00 ",Trail - Versatility Ranch Horse ,
15333,American Quarter Horse,Gelding,9 years,"14,1 hh",Buckskin,Mount Vernon,N/A,"$22,500.00 ",Versatility Ranch Horse - Trail ,
15334,Friesian horses,Gelding,6 years,"15,3 hh",Black,Mount Vernon,N/A,"$22,500.00 ",Versatility Ranch Horse - Trail ,
15335,American Quarter Horse,Gelding,6 years,N/A,N/A,Mount Vernon,N/A,"$22,500.00 ",Versatility Ranch Horse - Trail ,
15336,Draft Horse,Gelding,6 years,N/A,N/A,Mount Vernon,N/A,"$27,500.00 ",Versatility Ranch Horse - Trail ,
15337,American Quarter Horse,Gelding,7 years,"16,1 hh",N/A,Mount Vernon,N/A,"$27,500.00 ",Versatility Ranch Horse - Trail ,
15338,Missouri Foxtrotter,Gelding,9 years,15 hh,Sorrel,"Conway, AR",N/A,N/A,Trail - Versatility Ranch Horse - Gaited - Show ,
15339,Menorquin,Mare,1 year,"15,2 hh",Black,Menorca,N/A,N/A,Leisure - Working Equitation - Eventing - Dressage ,
15340,Lusitano,Mare,1 year,16 hh,Palomino,Rio Maior,"9,800","$10,437.00 ",Dressage - Working Equitation - Show - Breeding,"Green, is easy to load, Halter accustomed"
15341,Hanoverian,Stallion,1 year,N/A,N/A,Borstel,"10,000","$10,650.00 ",Dressage ,
15342,Tennessee walking horse,Gelding,8 years,15 hh,Sorrel,"Parkers Lake, KY",N/A,N/A,Trail - Gaited ,
15343,Menorquin,Stallion,3 years,"15,2 hh",Black,Menorca,N/A,N/A,Dressage - Working Equitation - Eventing - Leisure ,
15344,Gypsy Horse,Gelding,4 years,"13,2 hh",Brown,Lathen,"4,400","$4,686.00 ",Leisure ,
15345,Kentucky Mountain Saddle Horse,Gelding,15 years,"15,2 hh",Cremello,"Parkers Lake, KY",N/A,N/A,Trail - Gaited ,
15346,Gypsy Horse,Gelding,6 years,"13,2 hh",Brown,Lathen,"4,400","$4,686.00 ",Leisure ,
15347,Gypsy Horse,Gelding,11 years,"13,1 hh",Chestnut-Red,Lathen,"4,400","$4,686.00 ",Leisure ,
15348,Irish Sport Horse,Gelding,16 years,16 hh,N/A,Dorsten,"4,000","$4,260.00 ",Leisure ,
15349,Spotted Saddle Horse,Gelding,8 years,15 hh,N/A,"Mount Vernon, KY",N/A,N/A,Trail - Versatility Ranch Horse - Cowhorse - Gaited ,
15350,Mule,Mare,6 years,"14,2 hh",N/A,"Strunk, KY",N/A,N/A,Trail - Versatility Ranch Horse - Driving ,
15351,Missouri Foxtrotter,Mare,10 years,"14,2 hh",N/A,"Strunk, KY",N/A,N/A,Trail - Gaited - Driving ,
15352,PRE,Stallion,7 years,"15,2 hh",Gray,Tabernas Almeria,"15,000","$15,975.00 ",Dressage - Baroque ,
15353,Mecklenburg Warmblood,Mare,6 years,"16,3 hh",N/A,Stade,"15,000","$15,975.00 ",Dressage - Breeding - Eventing - Leisure ,
15354,German Riding Pony,Mare,5 years,"14,1 hh",Gray-Dapple,Grevenbroich,"7,500","$7,988.00 ",Leisure - Jumping - Dressage ,
15355,PRE,Stallion,7 years,16 hh,Black,Vejer de la Frontera,"70,000","$74,552.00 ",Dressage - Working Equitation - Baroque ,
15356,Lusitano,Gelding,7 years,"16,1 hh",N/A,Cascais,"40,000","$42,601.00 ",Dressage - Working Equitation ,
15357,Tennessee walking horse,Mare,13 years,15 hh,Roan-Red,"Mayslick, KY",N/A,"$5,000.00 ",Gaited - Trail ,
15358,Paint Horse,Mare,7 years,15 hh,Buckskin,"Graham,TX",N/A,"$10,000.00 ",Western allround - Trail - Cowhorse - Breeding ,
15359,Missouri Foxtrotter,Mare,11 years,15 hh,Palomino,"Greensburg, ky",N/A,"$6,500.00 ",Gaited - Western allround ,
15360,Tennessee walking horse,Gelding,7 years,14 hh,Tobiano-all-colors,"Manchester,MI",N/A,"$7,000.00 ",Gaited - Trail ,
15361,Draft Horse,Mare,5 years,14 hh,Palomino,"Ava, MO",N/A,"$20,000.00 ",English Pleasure - Western allround - Trail - Western Pleasure ,
15362,Tennessee walking horse,Gelding,5 years,14 hh,Sorrel,"Sneedville, TN",N/A,"$12,500.00 ",Gaited - Western allround - Show ,
15363,Kentucky Mountain Saddle Horse,Mare,6 years,15 hh,Buckskin,"Gillsville, GA",N/A,"$12,500.00 ",Gaited - Trail ,
15364,Lusitano,Gelding,6 years,16 hh,Brown,Lisboa,"40,000","$42,601.00 ",Dressage - Working Equitation - Leisure,
15365,Lusitano,Stallion,6 years,"16,1 hh",Chestnut-Red,Almargem do Bispo,"40,000","$42,601.00 ",Working Equitation - Baroque,
15366,Lusitano,Stallion,3 years,"15,1 hh",Gray,Salvaterra de Magos,"10,000","$10,650.00 ",Dressage - Leisure,
15367,PRE Mix,Mare,5 years,"15,3 hh",Brown,Madrid,"15,000","$15,975.00 ",Leisure - Working Equitation - Dressage,
15368,German Sport Horse,Gelding,13 years,"16,1 hh",N/A,Mallorca,51,$54.00 ,Dressage ,
15369,Menorquin,Mare,2 years,"15,3 hh",Black,Menorca,N/A,N/A,Leisure - Baroque - Breeding - Dressage ,
15370,Oldenburg,Gelding,15 years,"16,3 hh",Brown,Gleichen,"40,000","$42,601.00 ",Dressage ,
15371,Selle Français,Stallion,1 year,N/A,N/A,Steinbrunn Le Bas,"10,000","$10,650.00 ",Dressage ,
15372,Selle Français,Stallion,1 year,N/A,N/A,Steinbrunn Le Bas,"10,000","$10,650.00 ",Dressage ,
15373,Lusitano,Stallion,8 years,16 hh,Bay-Dark,Ribamar,"32,000","$34,081.00 ",Dressage - Equitation Portugesa - Working Equitation - Leisure ,
15374,PRE,Gelding,4 years,"15,1 hh",Gray,Provinz Granada,"10,000","$10,650.00 ",Working Equitation - Jumping - Leisure - Dressage ,
15375,Fell pony,Mare,10 years,"13,3 hh",Gray,Santok,"8,500","$9,053.00 ",Jumping - Hunter under saddle - Leisure - Driving ,
15376,PRE Mix,Stallion,8 years,17 hh,Gray,Tabernas Almeria,"15,000","$15,975.00 ",Dressage - Working Equitation ,
15377,Holstein,Gelding,4 years,"15,2 hh",Bay-Dark,Verden (Aller),"17,500","$18,638.00 ",Jumping - Eventing ,
15378,Lipizzaner,Stallion,2 years,"15,2 hh",Gray,Trnovska Vas,"5,500","$5,858.00 ",Baroque - Working Equitation - Leisure - Dressage ,
15379,Draft Horse,Gelding,5 years,16 hh,Black,"Gettysburg, PA",N/A,"$18,500.00 ",Western Pleasure - English Pleasure ,
15380,German Riding Pony,Mare,4 years,"14,1 hh",Pinto,Bedburg,"15,000","$15,975.00 ",Dressage - Breeding ,
15381,Andalusian,Gelding,9 years,15 hh,Palomino,Venlo,"20,000","$21,301.00 ",Dressage - Show - Baroque - Leisure ,
15382,Andalusian,Gelding,3 years,"15,1 hh",Gray,Provinz Granada,"10,000","$10,650.00 ",Dressage - Working Equitation - Baroque - Leisure ,
15383,American Quarter Horse,Gelding,16 years,15 hh,Palomino,Brodhead,N/A,"$3,500.00 ",Trail - Versatility Ranch Horse,
15384,Hanoverian,Gelding,3 years,16 hh,Brown,Zeschdorf,"10,000","$10,650.00 ",Jumping - Eventing - Hunter,
15385,Selle Français,Gelding,10 years,"16,1 hh",Brown,Lage,"6,000","$6,390.00 ",Dressage - Hunting - Jumping - Leisure,
15386,PRE,Stallion,5 years,"16,1 hh",Dun,Sigmarszell,"40,000","$42,601.00 ",Leisure - Working Equitation - Show - Dressage ,
15387,Holstein,Gelding,6 years,17 hh,Chestnut-Red,Erharting,"20,000","$21,301.00 ",Jumping - Leisure ,
15388,PRE,Stallion,3 years,"15,2 hh",Gray-Dapple,Vejer de la Frontera,"15,000","$15,975.00 ",Dressage - Baroque - Leisure ,
15389,PRE,Stallion,4 years,"16,1 hh",Smoky-Black,Vejer de la Frontera,"10,000","$10,650.00 ",Leisure - Working Equitation - Dressage ,
15390,German Riding Pony,Mare,15 years,N/A,N/A,Bedburg,"10,000","$10,650.00 ",Breeding ,
15391,Lusitano,Gelding,5 years,"15,2 hh",Smoky-Black,Herrsching am Ammersee,"40,000","$42,601.00 ",Dressage - Working Equitation - Show - Baroque ,
15392,German Riding Pony,Stallion,3 years,"14,1 hh",Chestnut-Red,Bedburg,"15,000","$15,975.00 ",Dressage - Breeding ,
15393,Cob,Mare,14 years,11 hh,Pinto,Varel Dangastermoor,"5,000","$5,325.00 ",Dressage - Eventing - Leisure ,
15394,Westphalian,Gelding,14 years,"16,1 hh",Bay-Dark,Vechta,"100,000","$106,503.00 ",Dressage ,
15395,German Sport Horse,Mare,1 year,N/A,N/A,Bad König,"10,000","$10,650.00 ",Dressage - Jumping ,
15396,Paint Horse,Mare,13 years,"14,2 hh",Tobiano-all-colors,Weatherford TX,N/A,"$3,500.00 ",Trail - Versatility Ranch Horse ,
15397,American Quarter Horse,Mare,13 years,N/A,N/A,Weatherford TX,N/A,"$3,500.00 ",Trail - Versatility Ranch Horse ,
15398,American Quarter Horse,Gelding,14 years,"15,1 hh",Chestnut,Camp Verde AZ,N/A,"$3,500.00 ",Trail - Versatility Ranch Horse ,
15399,Hanoverian,Mare,17 years,"16,1 hh",Brown,Gorleben Meetschow,"2,300","$2,450.00 ",Breeding ,
15400,American Quarter Horse,Gelding,7 years,14 hh,Roan-Red,"Paicines, CA",N/A,"$3,500.00 ",Trail - Versatility Ranch Horse ,
15401,American Quarter Horse,Gelding,13 years,15 hh,Palomino,Pleasant Grove CA,N/A,"$3,500.00 ",Trail - Versatility Ranch Horse ,
15402,American Quarter Horse,Gelding,8 years,"14,2 hh",Buckskin,Paicines CA,N/A,"$3,500.00 ",Trail - Versatility Ranch Horse ,
15403,American Quarter Horse,Gelding,7 years,"14,3 hh",Roan-Bay,Cleburne TX,N/A,"$3,500.00 ",Trail - Versatility Ranch Horse ,
15404,American Quarter Horse,Gelding,9 years,15 hh,Palomino,Stephenvillle TX,N/A,"$3,500.00 ",Trail - Versatility Ranch Horse ,
15405,Paint Horse,Gelding,12 years,"15,3 hh",Tobiano-all-colors,Keene TX,N/A,"$3,500.00 ",Trail - Versatility Ranch Horse ,
15406,American Quarter Horse,Gelding,12 years,N/A,N/A,Keene TX,N/A,"$3,500.00 ",Trail - Versatility Ranch Horse ,
15407,American Quarter Horse,Gelding,14 years,15 hh,Dun,Weatherford TX,N/A,"$3,500.00 ",Trail - Versatility Ranch Horse ,
15408,American Quarter Horse,Gelding,14 years,15 hh,Dun,Weatherford TX,N/A,"$3,500.00 ",Trail - Versatility Ranch Horse ,
15409,Percheron,Gelding,5 years,15 hh,Roan-Bay,Mountain Grove MO,N/A,"$3,500.00 ",Trail - Versatility Ranch Horse ,
15410,American Quarter Horse,Gelding,5 years,15 hh,Roan-Bay,Mountain Grove MO,N/A,"$3,500.00 ",Trail - Versatility Ranch Horse ,
15411,American Quarter Horse,Gelding,12 years,15 hh,Roan-Bay,Weatherford TX,N/A,"$3,498.00 ",Trail - Versatility Ranch Horse ,
15412,Paint Horse,Gelding,12 years,"15,1 hh",Tobiano-all-colors,Level Green KY,N/A,"$3,500.00 ",Trail - Versatility Ranch Horse ,
15413,American Quarter Horse,Gelding,12 years,"15,1 hh",Tobiano-all-colors,LEvel Green KY,N/A,"$3,500.00 ",Trail - Versatility Ranch Horse ,
15414,Lusitano,Stallion,2 years,16 hh,Brown,Rio-Maior,"15,000","$15,975.00 ",Dressage - Working Equitation - Breeding - Leisure ,
15415,Mule,Gelding,9 years,N/A,N/A,Brooksville KY,N/A,"$3,500.00 ",Trail - Versatility Ranch Horse ,
15416,Paint Horse,Gelding,8 years,"14,2 hh",Overo-all-colors,Stephenville TX,N/A,"$3,500.00 ",Trail - Versatility Ranch Horse ,
15417,American Quarter Horse,Gelding,8 years,"14,2 hh",Overo-all-colors,Stephenville Tx,N/A,"$3,500.00 ",Trail - Versatility Ranch Horse ,
15418,Lusitano,Stallion,2 years,"15,3 hh",Gray,Rio-Maior,"7,000","$7,455.00 ",Dressage - Working Equitation - Leisure ,
15419,Friesian horses,Gelding,6 years,"15,3 hh",Black,North Judson IN,N/A,"$3,500.00 ",Trail - Versatility Ranch Horse ,
15420,Haflinger,Gelding,11 years,14 hh,Chestnut,Stephenville TX,N/A,"$3,500.00 ",Trail - Versatility Ranch Horse ,
15421,Gypsy Horse,Gelding,4 years,N/A,N/A,Jacksboro TX,N/A,"$3,500.00 ",Trail - Jumping ,
15422,Hanoverian,Mare,4 years,"16,2 hh",Black,Visselhövede,"20,000","$21,301.00 ",Dressage - Breeding ,
15423,American Quarter Horse,Gelding,8 years,15 hh,Palomino,Mt Hope AL,N/A,"$3,500.00 ",Trail - Versatility Ranch Horse ,
15424,Mule,Gelding,16 years,15 hh,Chestnut,Brooksville Ky,N/A,"$3,500.00 ",Trail - Versatility Ranch Horse ,
15425,Mule,Gelding,13 years,14 hh,Chestnut,Camp Verde AZ,N/A,"$3,500.00 ",Trail - Versatility Ranch Horse ,
15426,Mule,Gelding,15 years,13 hh,Black,North Judson IN,N/A,"$3,500.00 ",Trail - Versatility Ranch Horse ,
15427,Mustang (american),Gelding,2 years,"14,1 hh",Tobiano-all-colors,USA,"15,000","$15,975.00 ",Leisure ,
15428,Mustang (american),Mare,2 years,"14,1 hh",Tovero-all-colors,Taunusstein,"10,000","$10,650.00 ",Leisure ,
15429,Mustang (american),Mare,3 years,"14,2 hh",Tobiano-all-colors,USA,"15,000","$15,975.00 ",Leisure ,
15430,Oldenburg-International (OS),Stallion,3 years,N/A,N/A,Zülpich,N/A,N/A,Jumping,
15431,Mustang (american),Gelding,6 years,14 hh,Roan-Blue,USA,"15,000","$15,975.00 ",Leisure ,
15432,Mustang (american),Gelding,3 years,"14,3 hh",Leopard-Piebald,USA,"15,000","$15,975.00 ",Leisure ,
15433,Mustang (american),Mare,5 years,"14,2 hh",Overo-all-colors,USA,"15,000","$15,975.00 ",Leisure ,
15434,Oldenburg-International (OS),Mare,3 years,N/A,N/A,Zülpich,N/A,N/A,Jumping - Breeding,
15435,Menorquin,Mare,3 years,"15,2 hh",Black,Menorca,N/A,N/A,Dressage - Breeding - Eventing - Leisure ,
15436,Oldenburg-International (OS),Mare,1 year,N/A,N/A,Zülpich,N/A,N/A,Jumping - Breeding,
15437,Oldenburg-International (OS),Stallion,1 year,N/A,N/A,Zülpich,N/A,N/A,Jumping,
15438,Oldenburg-International (OS),Mare,1 year,N/A,N/A,Zülpich,N/A,N/A,Jumping - Breeding,
15439,Oldenburg-International (OS),Stallion,1 year,N/A,N/A,Zülpich,N/A,N/A,Jumping,
15440,Hanoverian,Mare,5 years,"16,1 hh",Brown,Malaga,"60,000","$63,902.00 ",Dressage,
15441,American Quarter Horse,Gelding,7 years,15 hh,Palomino,"Torrington, WY",N/A,N/A,Reining - Versatility Ranch Horse - Cowhorse - Show,"is a companion, Reliable for trail riding, is allrounder"
15442,American Quarter Horse,Gelding,8 years,15 hh,Buckskin,"Camp Verde, AZ",N/A,N/A,Versatility Ranch Horse - Trail - Show - Western,"is a companion, Reliable for trail riding, is allrounder"
15443,Friesian horses Mix,Mare,8 years,"15,3 hh",Roan-Blue,"Beaver Springs, PA",N/A,N/A,Trail - English Pleasure - Western - Driving,"is a companion, suitable as school horse/pony, Reliable for trail riding"
15444,More ponies/small horses,Gelding,11 years,10 hh,N/A,"Aguila, AZ",N/A,N/A,Trail - Versatility Ranch Horse - Show - Leisure,"is a companion, suitable as school horse/pony, Reliable for trail riding"
15445,American Quarter Horse,Mare,9 years,"14,3 hh",Buckskin,"Clarion, PA",N/A,N/A,Versatility Ranch Horse - Trail - Show - Western,"is a companion, Reliable for trail riding, is allrounder"
15446,American Quarter Horse,Gelding,5 years,"15,1 hh",Roan-Bay,"Whitesboro, TX",N/A,N/A,Versatility Ranch Horse - Trail - Show - Western,"is a companion, Reliable for trail riding, is allrounder"
15447,American Quarter Horse,Gelding,8 years,"15,1 hh",Gray,"Somerset, KY",N/A,N/A,Cutting - Versatility Ranch Horse - Trail - Show,"is a companion, Reliable for trail riding, is allrounder"
15448,American Quarter Horse,Gelding,6 years,15 hh,Chestnut,"Kaufman, TX",N/A,N/A,Reining - Versatility Ranch Horse - Trail - Show,"is a companion, Reliable for trail riding, is allrounder"
15449,Gypsy Horse Mix,Gelding,6 years,"16,3 hh",Roan-Blue,"Aguila, AZ",N/A,N/A,Trail - English Pleasure - Jumping - Driving,"is a companion, Reliable for trail riding, is allrounder"
15450,Knabstrup,Mare,9 years,"15,1 hh",White,Roßhaupten,"5,000","$5,325.00 ",Leisure - Baroque,"Green, is capable of carrying weight, Halter accustomed"
15451,Menorquin,Stallion,2 years,"15,3 hh",Black,Menorca,N/A,N/A,Dressage - Working Equitation - Eventing - Leisure ,
15452,Lusitano,Stallion,10 years,16 hh,Gray-Dapple,Martfeld,"500,000","$532,513.00 ",Dressage - Working Equitation - Show - Baroque ,
15453,Spanish Sporthorse,Mare,5 years,"16,3 hh",Gray-Dapple,Badajoz,"12,000","$12,780.00 ",Dressage ,
15454,Andalusian,Stallion,5 years,"16,2 hh",Black,Badajoz,"12,000","$12,780.00 ",Dressage ,
15455,Other Breeds,Mare,12 years,"14,2 hh",Chestnut-Red,Listowel,"220,000","$234,306.00 ",Jumping ,
15456,PRE Mix,Gelding,2 years,"12,2 hh",Brown,Neumarkt-Sankt Veit,"2,000","$2,130.00 ",Dressage - Working Equitation ,
15457,Gypsy Horse,Mare,7 years,"13,1 hh",Black,Schweppenhausen,"2,500","$2,663.00 ",Leisure ,
15458,Small German riding horse Mix,Gelding,20 years,"12,2 hh",Gray-Fleabitten,Schweppenhausen,"2,000","$2,130.00 ",Leisure ,
15459,Hanoverian,Mare,17 years,16 hh,Black,MöllendorfMansfeld,"1,900","$2,024.00 ",Breeding - Eventing - Dressage ,
15460,KWPN,Gelding,7 years,"16,1 hh",Brown,Werkendam,N/A,N/A,Dressage ,
15461,Irish Sport Horse,Mare,6 years,"15,2 hh",Chestnut,Drumshanbo,"8,500","$9,053.00 ",Leisure ,
15462,Baden Wuerttemberg,Mare,6 years,"16,2 hh",Chestnut,Rot an der Rot,"14,900","$15,869.00 ",Dressage - Breeding - Vaulting - Leisure ,
15463,Hanoverian,Mare,9 years,"16,2 hh",Chestnut,Coesfeld,"70,000","$74,552.00 ",Dressage ,
15464,Irish Sport Horse,Mare,7 years,16 hh,Gray,Drumshanbo,"10,000","$10,650.00 ",Leisure ,
15465,Trakehner,Mare,5 years,16 hh,Brown,Majenfelde,"22,500","$23,963.00 ",Eventing - Breeding - Jumping - Dressage ,
15466,Trakehner,Mare,5 years,16 hh,Brown,Majenfelde,"22,500","$23,963.00 ",Eventing - Breeding - Jumping - Dressage ,
15467,Irish Sport Horse,Gelding,7 years,"15,3 hh",Gray-Dark-Tan,Lage,"5,000","$5,325.00 ",Dressage - Jumping - Leisure,
15468,Hanoverian,Mare,1 year,"16,3 hh",Brown,Ratekau,"10,000","$10,650.00 ",Dressage - Breeding - Jumping - Leisure ,
15469,Trakehner,Mare,16 years,"16,1 hh",Gray,Nottuln,"4,000","$4,260.00 ",Breeding ,
15470,Oldenburg,Mare,1 year,"16,1 hh",Brown,Westerstede,"6,000","$6,390.00 ",Dressage - Breeding - Eventing - Leisure ,
15471,KWPN,Mare,5 years,"16,2 hh",Bay-Dark,Werkendam,"100,000","$106,503.00 ",Dressage ,
15472,Lusitano,Gelding,5 years,"16,1 hh",Bay-Dark,Montijo,"70,000","$74,552.00 ",Dressage - Working Equitation,
15473,Lusitano,Gelding,6 years,"16,1 hh",Chestnut-Red,Cascais,"40,000","$42,601.00 ",Working Equitation - Leisure - Dressage,
15474,Lusitano,Stallion,8 years,"16,2 hh",Gray-Red-Tan,Alpiarça,"70,000","$74,552.00 ",Dressage - Working Equitation - Leisure,
15475,PRE Mix,Stallion,5 years,16 hh,Cremello,Frankfurt,"40,000","$42,601.00 ",Mating - Breeding - Dressage,
15476,Andalusian,Mare,19 years,"15,2 hh",Smoky-Black,Jülich,"10,000","$10,650.00 ",Breeding - Baroque - Dressage ,
15477,PRE,Stallion,7 years,"15,1 hh",Black,Jülich,"40,000","$42,601.00 ",Dressage - Breeding ,
15478,PRE,Mare,10 years,"15,2 hh",Gray-Dapple,Jülich,"15,000","$15,975.00 ",Breeding - Dressage ,
15479,Anglo-Arab,Gelding,5 years,"15,3 hh",Smoky-Black,Santok,"12,500","$13,313.00 ",Leisure - Hunter under saddle - Trail - Endurance ,
15480,Menorquin,Mare,3 years,"15,1 hh",Black,Menorca,N/A,N/A,Leisure - Working Equitation - Baroque - Eventing ,
15481,Hanoverian,Gelding,7 years,18 hh,Bay-Dark,Tiddische,"20,000","$21,301.00 ",Dressage ,
15482,Arabian horses,Mare,11 years,"14,2 hh",Black,GOVEN,"18,000","$19,170.00 ",Breeding - Endurance - Leisure ,
15483,KWPN,Gelding,7 years,17 hh,Brown,Weert,"70,000","$74,552.00 ",Dressage ,
15484,KWPN,Mare,6 years,16 hh,Brown,Weert,"25,000","$26,626.00 ",Dressage ,
15485,Arabian horses,Mare,7 years,"14,2 hh",Bay-Dark,Kehl,"15,000","$15,975.00 ",Endurance - Breeding - Leisure - Dressage ,
15486,Hanoverian,Mare,2 years,16 hh,Black,Au in der Hallertau,"10,000","$10,650.00 ",Dressage - Breeding - Jumping - Leisure ,
15487,Belgian Draft,Gelding,12 years,"16,2 hh",N/A,Obertilliach,"5,900","$6,284.00 ",Leisure ,
15488,Haflinger,Stallion,2 years,"14,2 hh",Chestnut-Red,Ruhpolding,"3,200","$3,408.00 ",Leisure - Breeding - Jumping - Dressage ,
15489,Haflinger,Stallion,2 years,"14,2 hh",Chestnut-Red,Ruhpolding,"3,500","$3,728.00 ",Leisure - Breeding - Jumping - Dressage ,
15490,Lusitano,Stallion,4 years,16 hh,Brown Falb mold,RIO MAIOR,"11,000","$11,715.00 ",Working Equitation - Breeding - Leisure - Dressage,"is broken-in, is lunged, is worked on the ground"
15491,Arabian horses,Mare,15 years,N/A,N/A,Kisbér,"5,000","$5,325.00 ",Breeding - Leisure ,
15492,American Quarter Horse,Gelding,5 years,14 hh,Roan-Red,"Greensburg, KY",N/A,"$15,000.00 ",Western allround - Versatility Ranch Horse - Trail - Show ,
15493,Gypsy Horse,Gelding,7 years,"12,1 hh",Gray,Lathen,"4,200","$4,473.00 ",Leisure ,
15494,Gypsy Horse,Mare,10 years,"12,2 hh",Chestnut-Red,Lathen,"4,200","$4,473.00 ",Leisure ,
15495,Gypsy Horse,Gelding,7 years,"12,2 hh",Gray,Lathen,"4,200","$4,473.00 ",Leisure ,
15496,Gypsy Horse,Mare,8 years,"12,2 hh",Pinto,Lathen,"4,200","$4,473.00 ",Leisure ,
15497,Gypsy Horse,Gelding,8 years,"12,2 hh",Black,Lathen,"4,200","$4,473.00 ",Leisure ,
15498,Gypsy Horse,Mare,5 years,"13,1 hh",Pinto,Lathen,"4,400","$4,686.00 ",Leisure ,
15499,Gypsy Horse,Gelding,7 years,"12,1 hh",Pinto,Lathen,"4,200","$4,473.00 ",Leisure ,
15500,Other Breeds Mix,Stallion,4 years,"14,2 hh",Gray-Dark-Tan,Versmold,"8,900","$9,479.00 ",Leisure - Working Equitation - Dressage ,
15501,Paint Horse,Mare,1 year,"14,2 hh",Champagne,Buchbach,"8,950","$9,532.00 ",Western - Western allround - Trail - Breeding ,
15502,Paint Horse,Mare,1 year,15 hh,Grullo,Buchbach,"8,550","$9,106.00 ",Western - Western allround - Trail - Breeding ,
15503,German Riding Pony,Stallion,1 year,"14,1 hh",Chestnut-Red,Wegeleben,"5,000","$5,325.00 ",Dressage - Breeding - Jumping - Driving ,
15504,Lusitano,Stallion,2 years,16 hh,Buckskin,Rio Maior,"8,900","$9,479.00 ",Dressage - Working Equitation - Breeding ,
15505,PRE,Mare,5 years,"16,2 hh",Brown,Menorca,N/A,N/A,Leisure - Baroque - Breeding - Eventing ,
15506,More ponies/small horses,Stallion,3 years,"9,1 hh",Roan-Red,Aitrang,"1,500","$1,598.00 ",Breeding ,
15507,PRE,Stallion,3 years,"15,3 hh",Brown Falb mold,Vejer de la Frontera,"10,000","$10,650.00 ",Leisure - Working Equitation - Dressage ,
15508,PRE,Stallion,2 years,N/A,N/A,Provinz Granada,"5,000","$5,325.00 ",Baroque - Working Equitation - Eventing - Leisure ,
15509,Lusitano,Stallion,5 years,"15,2 hh",Buckskin,Martfeld,"10,000","$10,650.00 ",Dressage - Show - Baroque - Leisure ,
15510,Tennessee walking horse,Gelding,10 years,15 hh,Roan-Blue,"Breeding, KY",N/A,"$10,000.00 ",Gaited - Versatility Ranch Horse - Trail ,
15511,Arabo-Friesian,Stallion,12 years,"16,1 hh",Black,Saulnay,"25,000","$26,626.00 ",Dressage - Eventing - Jumping - Mating ,
15512,Andalusian,Mare,5 years,"16,2 hh",Brown,Menorca,N/A,N/A,Breeding - Working Equitation - Baroque - Leisure ,
15513,Trakehner,Gelding,4 years,"16,2 hh",Bay-Dark,Ganschow,N/A,N/A,Dressage - Jumping - Hunter - Leisure ,
15514,PRE Mix,Stallion,5 years,"17,1 hh",Dun,Navas Del Madroño,"70,000","$74,552.00 ",Eventing ,
15515,Oldenburg-International (OS),Stallion,4 years,N/A,N/A,Zülpich,N/A,N/A,Jumping,
15516,Oldenburg-International (OS),Stallion,4 years,N/A,N/A,Zülpich,N/A,N/A,Jumping,
15517,Oldenburg-International (OS),Stallion,4 years,N/A,N/A,Zülpich,N/A,N/A,Jumping,
15518,Oldenburg-International (OS),Stallion,4 years,N/A,N/A,Zülpich,N/A,N/A,Jumping,
15519,Oldenburg-International (OS),Mare,5 years,N/A,N/A,Zülpich,N/A,N/A,Breeding - Jumping,
15520,Austrian Warmblood,Mare,9 years,"14,1 hh",Gray-Dapple,Obertilliach,"3,900","$4,154.00 ",Leisure ,
15521,Haflinger,Stallion,2 years,N/A,N/A,Obertilliach,"1,500","$1,598.00 ",Leisure ,
15522,PRE Mix,Stallion,6 years,"15,1 hh",Gray-Dapple,Martfeld,"5,500","$5,858.00 ",Dressage - Show - Baroque - Leisure ,
15523,More ponies/small horses,Stallion,1 year,"8,1 hh",Leopard-Piebald,Aitrang,"2,500","$2,663.00 ",Mating ,
15524,German Sport Horse,Mare,5 years,16 hh,Brown,Aitrang,"6,000","$6,390.00 ",Jumping - Dressage ,
15525,Swiss Warmblood,Stallion,1 year,N/A,N/A,Balsthal,N/A,"$6,614.00 ",Dressage ,
15526,Tennessee walking horse,Gelding,17 years,15 hh,Tobiano-all-colors,"Gerald, MO",N/A,"$7,000.00 ",Gaited - Trail ,
15527,Rocky Mountain Horse,Gelding,6 years,14 hh,Brown,"Winchester, KY",N/A,"$20,000.00 ",Gaited - Trail ,
15528,Kentucky Mountain Saddle Horse,Gelding,6 years,14 hh,Gray,"Gillsville, GA",N/A,"$15,000.00 ",Trail - Western allround ,
15529,Tennessee walking horse,Gelding,4 years,15 hh,Black,"Gillsville, GA",N/A,"$5,499.00 ",Gaited - Trail ,
15530,Kentucky Mountain Saddle Horse,Gelding,13 years,14 hh,Cremello,"Gillsville, GA",N/A,"$4,800.00 ",Gaited - Trail ,
15531,Tennessee walking horse,Gelding,12 years,15 hh,Roan-Blue,"Grass Lake, MI",N/A,"$20,000.00 ",Gaited - Trail ,
15532,Paso Fino,Mare,10 years,14 hh,Black,"Lancaster, SC",N/A,"$18,000.00 ",Trail - English Pleasure - Show ,
15533,Haflinger,Gelding,14 years,"14,2 hh",Chestnut-Red,bozen,N/A,N/A,Dressage - Jumping - Leisure ,
15534,Paso Fino,Gelding,9 years,14 hh,Bay,"Lancaster, SC",N/A,"$15,000.00 ",Show - Western allround - English Pleasure - Trail ,
15535,Friesian horses,Stallion,4 years,"15,1 hh",Black,Tzummarum,"4,200","$4,473.00 ",Leisure ,
15536,Akhal-Teke,Gelding,5 years,16 hh,Bay,Kisbér,"15,000","$15,975.00 ",Eventing - Polo - Jumping - Leisure ,
15537,Andalusian,Gelding,4 years,"15,1 hh",Black,Provinz Malaga,"10,000","$10,650.00 ",Dressage - Working Equitation - Baroque - Leisure ,
15538,Zangersheider,Stallion,8 years,"16,1 hh",Smoky-Black,Insel Poel,"100,000","$106,503.00 ",Jumping ,
15539,Hanoverian,Gelding,5 years,"16,1 hh",Brown,Pulheim,"20,000","$21,301.00 ",Dressage ,
15540,KWPN,Stallion,4 years,"16,2 hh",Bay,Dreumel,N/A,N/A,Dressage ,
15541,Mecklenburg Warmblood,Gelding,6 years,"16,1 hh",Brown,Redefin,"15,000","$15,975.00 ",Jumping - Eventing - Leisure - Dressage ,
15542,German Riding Horse,Gelding,5 years,"15,2 hh",Bay-Dark,Düsseldorf,"12,000","$12,780.00 ",Dressage - Eventing - Jumping - Leisure ,
15543,Oldenburg,Stallion,1 year,N/A,N/A,Eschenburg,"10,000","$10,650.00 ",Dressage,
15544,Andalusian,Gelding,7 years,"15,1 hh",Brown,Tabernas Almeria,"10,000","$10,650.00 ",Dressage - Leisure ,
15545,Haflinger,Stallion,3 years,"14,2 hh",N/A,Trebbin,"7,000","$7,455.00 ",Dressage - Breeding - Jumping - Leisure ,
15546,American Quarter Horse,Gelding,12 years,15 hh,Grullo,"Ramona, CA",N/A,"$3,500.00 ",Trail - Versatility Ranch Horse ,
15547,American Quarter Horse,Gelding,14 years,"15,1 hh",Palomino,Turlock CA,N/A,"$3,500.00 ",Trail - Versatility Ranch Horse ,
15548,American Quarter Horse,Gelding,13 years,"14,3 hh",Sorrel,"Paicines, CA",N/A,"$3,500.00 ",Trail - Versatility Ranch Horse ,
15549,American Quarter Horse,Gelding,16 years,N/A,N/A,Weatherford TX,N/A,"$3,500.00 ",Trail - Versatility Ranch Horse ,
15550,Oldenburg,Stallion,3 years,"16,2 hh",Black,Reeßum,"40,000","$42,601.00 ",Dressage - Breeding - Jumping - Leisure,
15551,American Quarter Horse,Gelding,11 years,15 hh,Roan-Red,Bitterwater CA,N/A,"$3,500.00 ",Trail - Versatility Ranch Horse ,
15552,Trakehner,Gelding,5 years,17 hh,Brown,Liessel,N/A,N/A,Dressage ,
15553,American Quarter Horse,Gelding,12 years,15 hh,Palomino,Paicines CA,N/A,"$3,500.00 ",Trail - Versatility Ranch Horse ,
15554,Percheron,Gelding,5 years,17 hh,Roan-Bay,Stephenville TX,N/A,"$3,500.00 ",Trail - Versatility Ranch Horse ,
15555,Menorquin,Gelding,3 years,16 hh,Black,Wagener,N/A,N/A,Dressage - Working Equitation - Eventing - Leisure ,
15556,American Quarter Horse,Gelding,14 years,"14,2 hh",Tobiano-all-colors,Pleasant Grove CA,N/A,"$3,500.00 ",Trail - Versatility Ranch Horse ,
15557,American Quarter Horse,Gelding,10 years,"14,3 hh",Chestnut,Turlock CA,N/A,"$3,500.00 ",Trail - Versatility Ranch Horse ,
15558,American Quarter Horse,Gelding,9 years,"15,2 hh",Palomino,"shobonier, IL",N/A,"$3,500.00 ",Trail - Versatility Ranch Horse ,
15559,Haflinger,Gelding,9 years,14 hh,Chestnut,Weatherford TX,N/A,"$3,500.00 ",Trail - Jumping ,
15560,Appaloosa,Gelding,7 years,"14,3 hh",Roan-Red,Brodhead KY,N/A,"$3,500.00 ",Trail - Versatility Ranch Horse ,
15561,American Quarter Horse,Gelding,7 years,"14,3 hh",Roan-Red,Brodhead KY,N/A,"$3,500.00 ",Trail - Versatility Ranch Horse ,
15562,Clydesdale,Gelding,9 years,17 hh,Roan-Bay,Jacksboro TX,N/A,"$3,500.00 ",Trail - Versatility Ranch Horse ,
15563,Mustang (american),Gelding,10 years,"15,1 hh",Sorrel,"stephenville, TX",N/A,"$3,500.00 ",Trail - Versatility Ranch Horse ,
15564,Gypsy Horse,Gelding,5 years,"14,3 hh",Tobiano-all-colors,"Santa Fe, TN",N/A,"$3,500.00 ",Trail - Versatility Ranch Horse ,
15565,American Quarter Horse,Gelding,5 years,14 hh,Black,Robards KY,N/A,"$3,500.00 ",Trail - Versatility Ranch Horse ,
15566,American Quarter Horse,Gelding,10 years,"15,2 hh",Roan-Blue,Flemingsburg KY,N/A,"$3,500.00 ",Trail - Versatility Ranch Horse ,
15567,American Quarter Horse,Gelding,6 years,"14,2 hh",Palomino,Ashland OH,N/A,"$3,499.00 ",Trail - Versatility Ranch Horse ,
15568,American Quarter Horse,Gelding,4 years,15 hh,Palomino,"Sante Fe, TN",N/A,"$3,500.00 ",Trail - Versatility Ranch Horse ,
15569,Mule,Gelding,12 years,N/A,N/A,Flemingsburg KY,N/A,"$3,500.00 ",Trail - Versatility Ranch Horse ,
15570,Paint Horse,Mare,5 years,"14,2 hh",Tobiano-all-colors,Ashland Oh,N/A,"$3,500.00 ",Trail - Versatility Ranch Horse ,
15571,American Quarter Horse,Gelding,5 years,N/A,N/A,Ashland OH,N/A,"$3,500.00 ",Trail - Versatility Ranch Horse ,
15572,American Quarter Horse,Mare,13 years,"12,1 hh",Bay,Quitman AR,N/A,"$3,500.00 ",Trail - Versatility Ranch Horse ,
15573,Caspian Horse,Gelding,15 years,N/A,N/A,Ocala FL,N/A,"$3,500.00 ",Trail - Jumping ,
15574,Mule,Mare,11 years,"13,3 hh",Bay,Brooksville KY,N/A,"$3,500.00 ",Trail - Versatility Ranch Horse ,
15575,Mule,Mare,10 years,"14,1 hh",Bay,Camp Verde AZ,N/A,"$3,500.00 ",Trail - Versatility Ranch Horse ,
15576,Trakehner,Mare,4 years,"15,2 hh",Brown,Günzburg,"10,000","$10,650.00 ",Eventing - Jumping - Dressage ,
15577,German Riding Pony,Gelding,4 years,"14,1 hh",Brown,Grevenbroich,"11,000","$11,715.00 ",Jumping - Leisure - Dressage ,
15578,Hanoverian,Gelding,5 years,"16,2 hh",Chestnut,Hohenfelde,N/A,N/A,Dressage - Eventing - Jumping - Leisure ,
15579,PRE,Mare,2 years,16 hh,Black,Menorca,"8,000","$8,520.00 ",Dressage - Working Equitation - Eventing - Leisure ,
15580,German Sport Horse,Gelding,6 years,"17,2 hh",Brown,Lechbruck,"40,000","$42,601.00 ",Jumping - Hunting - Leisure ,
15581,Akhal-Teke,Stallion,1 year,"15,2 hh",Palomino,GOVEN,"8,000","$8,520.00 ",Endurance - Eventing - Jumping - Dressage ,
15582,Icelandic Horse,Mare,1 year,"13,2 hh",Tobiano-all-colors,GOVEN,"4,200","$4,473.00 ",Leisure - Breeding ,
15583,Hanoverian,Mare,4 years,"15,2 hh",Chestnut-Red,Weil,"25,000","$26,626.00 ",Dressage ,
15584,Trakehner,Mare,1 year,N/A,N/A,Rosdorf,"10,000","$10,650.00 ",Dressage - Breeding - Eventing ,
15585,Thoroughbred,Mare,13 years,16 hh,Sorrel,GOVEN,"4,200","$4,473.00 ",Leisure - Breeding ,
15586,Half Arabs,Mare,1 year,"15,1 hh",Tobiano-all-colors,GOVEN,"5,000","$5,325.00 ",Endurance - Jumping - Leisure - Dressage ,
15587,Oldenburg,Stallion,1 year,N/A,N/A,Garrel,"5,000","$5,325.00 ",Dressage ,
15588,German Sport Horse,Gelding,3 years,"16,2 hh",Black,Weil,"19,000","$20,235.00 ",Dressage ,
15589,Lusitano,Stallion,9 years,16 hh,Gray,Provinz Granada,"20,000","$21,301.00 ",Dressage - Working Equitation - Eventing - Leisure ,
15590,Andalusian,Mare,2 years,16 hh,Black,Menorca,"8,000","$8,520.00 ",Dressage - Working Equitation - Baroque - Eventing ,
15591,Welsh A (Mountain Pony),Stallion,3 years,"11,2 hh",Gray,Meerbusch,"2,900","$3,089.00 ",Leisure - Show - Breeding - Driving,"Green, is easy to load, Halter accustomed"
15592,Slovak Warmblood,Stallion,3 years,"15,1 hh",Black,Votice,"7,980","$8,499.00 ",Jumping - Hunter ,
15593,Czech Warmblood,Stallion,3 years,16 hh,Brown,Votice,"8,000","$8,520.00 ",Jumping ,
15594,Icelandic Horse,Mare,16 years,"13,2 hh",Chestnut-Red,Stapelfeld,"14,500","$15,443.00 ",Gaited - Leisure ,
15595,Hanoverian,Gelding,5 years,17 hh,Black,Rhede,N/A,N/A,Dressage ,
15596,Danish Warmblood,Gelding,6 years,"16,3 hh",Gray,Aalborg,"20,000","$21,301.00 ",Jumping - Eventing ,
15597,PRE Mix,Gelding,7 years,16 hh,Brown,Madrid,"40,000","$42,601.00 ",Dressage ,
15598,Lusitano,Stallion,11 years,"15,2 hh",Palomino,Navas Del Madroño,"70,000","$74,552.00 ",Eventing ,
15599,Tennessee walking horse,Gelding,5 years,15 hh,Tobiano-all-colors,"Lawrenceburg, KY",N/A,"$14,999.00 ",Gaited - Trail ,
15600,Tennessee walking horse,Gelding,4 years,14 hh,Black,"ROCKHOLDS, KY",N/A,"$8,500.00 ",Gaited - Trail ,
15601,Oldenburg,Gelding,2 years,"16,2 hh",Smoky-Black,Bramsche,"20,000","$21,301.00 ",Dressage - Hunter under saddle - Breeding - Jumping,
15602,Spotted Saddle Horse,Gelding,9 years,15 hh,Tobiano-all-colors,"Hustonville, KY",N/A,"$20,000.00 ",Gaited - Western allround - Trail ,
15603,Missouri Foxtrotter,Mare,5 years,15 hh,Bay,"Gerald, MO",N/A,"$7,000.00 ",Gaited - Western allround - Trail ,
15604,Tennessee walking horse,Gelding,14 years,"15,1 hh",Black,"Corbin, KY",N/A,N/A,Trail - Gaited ,
15605,Other Thoroughbred Breeds,Gelding,4 years,"16,1 hh",Chestnut-Red,Wegeleben,"10,000","$10,650.00 ",Dressage - Jumping - Leisure ,
15606,Tennessee walking horse,Mare,6 years,15 hh,Buckskin,"Runnells, IA",N/A,N/A,Trail - Versatility Ranch Horse - Gaited - Endurance ,
15607,American Quarter Horse,Gelding,5 years,N/A,N/A,"Eatonton, GA",N/A,N/A,Trail - Versatility Ranch Horse - Western ,
15608,German Sport Horse,Stallion,1 year,N/A,N/A,Nördlingen,"10,000","$10,650.00 ",Jumping ,
15609,German Riding Pony,Stallion,1 year,N/A,N/A,Schernfeld,"10,000","$10,650.00 ",Dressage ,
15610,German Sport Horse,Stallion,1 year,N/A,N/A,Königsmoos,"10,000","$10,650.00 ",Dressage ,
15611,Oldenburg,Stallion,1 year,N/A,N/A,Alsbach-Hähnlein,"10,000","$10,650.00 ",Dressage ,
15612,German Sport Horse,Stallion,1 year,N/A,N/A,Königsmoos,"10,000","$10,650.00 ",Dressage ,
15613,Icelandic Horse,Gelding,14 years,"13,2 hh",Brown,Stapelfeld,"12,900","$13,739.00 ",Gaited - Leisure ,
15614,PRE Mix,Stallion,9 years,"17,1 hh",Black,Navas Del Madroño,"100,000","$106,503.00 ",Eventing ,
15615,Zangersheider,Gelding,9 years,"16,2 hh",Brown,Pelmberg,"7,000","$7,455.00 ",Dressage - Working Equitation - Jumping - Leisure ,
15616,PRE Mix,Stallion,6 years,"15,2 hh",Cremello,Martfeld,"15,000","$15,975.00 ",Dressage - Show - Baroque - Leisure ,
15617,PRE,Stallion,3 years,"16,1 hh",Gray,Menorca,N/A,N/A,Dressage - Eventing - Leisure - Mating ,
15618,PRE,Stallion,6 years,"15,2 hh",Dun,Tabernas Almeria,"10,000","$10,650.00 ",Dressage - Leisure ,
15619,Andalusian Mix,Mare,6 years,"15,2 hh",Gray-Dapple,"Fort Collins, CO",N/A,N/A,Trail - Jumping - Driving - Dressage ,
15620,American Quarter Horse,Gelding,11 years,"14,3 hh",Chestnut-Red,Rhede,"40,000","$42,601.00 ",Reining - Western,
15621,Spanish Sporthorse,Mare,2 years,"14,2 hh",Dun,Navas Del Madroño,"5,000","$5,325.00 ",Eventing ,
15622,PRE,Stallion,7 years,"15,3 hh",Gray,Menorca,"40,000","$42,601.00 ",Dressage - Show - Leisure - Mating ,
15623,KWPN,Mare,4 years,16 hh,Black,Dreumel,N/A,N/A,Dressage ,
15624,PRE,Mare,2 years,"15,1 hh",Gray,Mallorca,"4,000","$4,260.00 ",Dressage - Working Equitation - Baroque - Leisure ,
15625,PRE,Stallion,11 years,"16,1 hh",Gray,Tabernas Almeria,"15,000","$15,975.00 ",Dressage - Baroque ,
15626,PRE,Stallion,2 years,"15,2 hh",Gray-Dark-Tan,Tabernas Almeria,"10,000","$10,650.00 ",Dressage - Breeding ,
15627,PRE,Mare,3 years,16 hh,Brown,Tabernas Almeria,"10,000","$10,650.00 ",Dressage - Breeding ,
15628,PRE,Stallion,2 years,N/A,N/A,Provinz Granada,"10,000","$10,650.00 ",Dressage - Working Equitation - Baroque - Leisure ,
15629,German Riding Pony,Gelding,13 years,"14,1 hh",Brown,Doberlug Kirchhain,"13,000","$13,845.00 ",Jumping - Leisure - Dressage ,
15630,Welsh D (Cob),Stallion,1 year,"14,2 hh",Brown,Meerbusch,"2,500","$2,663.00 ",Dressage - Show - Leisure - Driving ,
15631,Welsh D (Cob),Stallion,1 year,"14,2 hh",Chestnut-Red,Meerbusch,"2,500","$2,663.00 ",Dressage - Baroque - Leisure - Driving ,
15632,Welsh PB (Partbred),Stallion,1 year,"14,2 hh",Smoky-Black,Meerbusch,"1,800","$1,917.00 ",Leisure ,
15633,PRE,Stallion,2 years,N/A,N/A,Provinz Granada,"5,000","$5,325.00 ",Dressage - Working Equitation - Baroque ,
15634,PRE,Stallion,2 years,N/A,N/A,Provinz Granada,"5,000","$5,325.00 ",Dressage - Working Equitation - Baroque - Leisure ,
15635,PRE Mix,Stallion,4 years,"14,3 hh",Black,Menorca,"4,900","$5,219.00 ",Leisure - Baroque - Eventing - Dressage ,
15636,Noriker,Mare,17 years,16 hh,Chestnut-Red,Obertilliach,"4,500","$4,793.00 ",Leisure ,
15637,Andalusian,Stallion,4 years,"15,1 hh",Black,Menorca,"4,900","$5,219.00 ",Leisure - Baroque - Eventing - Dressage ,
15638,Dartmoor,Mare,2 years,"12,1 hh",Smoky-Black,Edewecht,"2,600","$2,769.00 ",Breeding - Leisure - Driving ,
15639,Oldenburg-International (OS),Gelding,7 years,"16,1 hh",Bay,Zduchovice,"40,000","$42,601.00 ",Jumping - Hunter under saddle - Leisure - Dressage ,
15640,Mule,Gelding,6 years,"14,2 hh",Sorrel,Bad Homburg vor der HöheBad Homburg,"3,500","$3,728.00 ",Leisure - Western ,
15641,Oldenburg,Mare,6 years,16 hh,Brown,Hepstedt,"25,000","$26,626.00 ",Dressage - Breeding ,
15642,PRE,Mare,12 years,N/A,N/A,Tabernas Almeria,"10,000","$10,650.00 ",Breeding - Baroque ,
15643,Hispano Arabian,Stallion,3 years,"15,2 hh",Chestnut-Red,Tabernas Almería,"10,000","$10,650.00 ",Working Equitation - Dressage ,
15644,Haflinger,Mare,5 years,"14,1 hh",Palomino,Karlsbad,"11,000","$11,715.00 ",Dressage - Jumping ,
15645,Hanoverian,Mare,6 years,"16,1 hh",Chestnut-Red,Gorleben Meetschow,"10,000","$10,650.00 ",Leisure - Jumping - Hunter - Dressage ,
15646,Westphalian,Gelding,12 years,"16,2 hh",Brown,Rees,N/A,N/A,Dressage - Leisure,
15647,Other Breeds Mix,Stallion,5 years,"15,3 hh",Overo-all-colors,MADRID,"15,000","$15,975.00 ",Dressage - Leisure ,
15648,KWPN,Gelding,13 years,"16,2 hh",Brown,Rheinbach,"42,500","$45,264.00 ",Jumping - Dressage ,
15649,PRE Mix,Stallion,4 years,"15,2 hh",Black,MADRID,"5,000","$5,325.00 ",Dressage - Leisure ,
15650,Irish Sport Horse,Mare,18 years,"16,2 hh",Bay,Letterkenny,"6,600","$7,029.00 ",Jumping ,
15651,Irish Sport Horse,Mare,5 years,16 hh,Gray-Dapple,Lismore,"7,500","$7,988.00 ",Eventing - English Pleasure - Hunting - Jumping ,
15652,Noriker,Gelding,11 years,"15,2 hh",Black,Issum,"3,500","$3,728.00 ",Driving - Dressage ,
15653,Selle Français,Gelding,10 years,16 hh,Brown,"Finca San Blas, San Martín De la Vega Madrid","14,000","$14,910.00 ",Jumping,
15654,Irish Sport Horse,Mare,10 years,16 hh,Bay,Auch,"18,000","$19,170.00 ",Jumping - Eventing ,
15655,Trakehner,Mare,2 years,"16,1 hh",Chestnut-Red,Nümbrecht,"20,000","$21,301.00 ",Dressage - Breeding - Eventing ,
15656,Tennessee walking horse,Gelding,6 years,15 hh,Bay,"Salyersville, KY",N/A,"$12,500.00 ",Trail - Western ,
15657,Tennessee walking horse,Gelding,9 years,16 hh,Gray,"Campton, KY",N/A,"$15,000.00 ",Gaited - Trail - Show ,
15658,Lipizzaner,Gelding,12 years,"15,1 hh",Gray,Šentjernej,"4,800","$5,112.00 ",Leisure - Baroque - Dressage ,
15659,Lipizzaner,Gelding,4 years,"15,2 hh",Gray,Šentjernej,"4,950","$5,272.00 ",Dressage - English Pleasure - Baroque - Leisure ,
15660,Lipizzaner,Mare,4 years,"15,1 hh",Gray,Šentjernej,N/A,N/A,Driving - Breeding - Leisure - Dressage ,
15661,German Sport Horse,Stallion,1 year,N/A,N/A,Bad König,"10,000","$10,650.00 ",Jumping - Dressage ,
15662,Paint Horse,Mare,13 years,"14,3 hh",Overo-all-colors,"Lisbon ,IA",N/A,"$3,500.00 ",Trail - Versatility Ranch Horse ,
15663,American Quarter Horse,Gelding,13 years,"14,3 hh",Overo-all-colors,Lisbon IA,N/A,"$3,500.00 ",Trail - Versatility Ranch Horse ,
15664,American Quarter Horse,Gelding,7 years,"14,3 hh",Bay,paicines CA,N/A,"$3,500.00 ",Trail - Versatility Ranch Horse ,
15665,American Quarter Horse,Gelding,12 years,"14,3 hh",Black,Valley Springs CA,N/A,"$3,500.00 ",Trail - Versatility Ranch Horse ,
15666,American Quarter Horse,Gelding,5 years,N/A,N/A,Paicines CA,N/A,"$3,500.00 ",Trail - Versatility Ranch Horse ,
15667,Paint Horse,Gelding,5 years,"15,2 hh",Palomino,Paicines CA,N/A,"$3,500.00 ",Trail - Versatility Ranch Horse ,
15668,Percheron,Gelding,5 years,16 hh,Tobiano-all-colors,Jacksboro TX,N/A,"$3,500.00 ",Trail - Jumping ,
15669,American Quarter Horse,Gelding,5 years,16 hh,Tobiano-all-colors,Jacksboro TX,N/A,"$3,500.00 ",Trail - Jumping ,
15670,Arabian horses,Stallion,2 years,14 hh,Gray,Jovariškės,"5,000","$5,325.00 ",Endurance - Trail - Leisure ,
15671,Belgian Draft,Gelding,7 years,17 hh,Chestnut,Flemingsburg KY,N/A,"$3,500.00 ",Trail - Versatility Ranch Horse ,
15672,American Quarter Horse,Gelding,7 years,17 hh,Chestnut,Flemingsburg KY,N/A,"$3,500.00 ",Trail - Versatility Ranch Horse ,
15673,Arabian horses,Stallion,2 years,"14,2 hh",Gray,Jovariškės,"5,000","$5,325.00 ",Endurance - Trail - Leisure ,
15674,Draft Horse,Gelding,14 years,"16,2 hh",Tobiano-all-colors,Lisbon IA,N/A,"$3,500.00 ",Trail - Versatility Ranch Horse ,
15675,Friesian horses,Gelding,14 years,"16,2 hh",Tobiano-all-colors,Lisbon IA,N/A,"$3,500.00 ",Trail - Versatility Ranch Horse ,
15676,American Quarter Horse,Gelding,13 years,15 hh,Gray,Weatherford TX,N/A,"$3,500.00 ",Trail - Versatility Ranch Horse ,
15677,Arabian horses,Mare,2 years,N/A,N/A,Jovariškės,"4,000","$4,260.00 ",Endurance - Trail - Breeding - Leisure ,
15678,Oldenburg,Gelding,5 years,"16,3 hh",Chestnut-Red,Michaelisbruch,"5,000","$5,325.00 ",Dressage - Leisure - Driving ,
15679,Percheron,Gelding,5 years,"16,1 hh",Black,Mountain Grove MO,N/A,"$3,500.00 ",Trail - Jumping ,
15680,American Quarter Horse,Gelding,5 years,"16,1 hh",Black,Mountain Grove MO,N/A,"$3,500.00 ",Trail - Versatility Ranch Horse ,
15681,American Quarter Horse,Gelding,16 years,"15,1 hh",Bay,weatherford TX,N/A,"$3,500.00 ",Trail - Versatility Ranch Horse ,
15682,Mule,Mare,12 years,15 hh,Bay,"Brodhead, KY",N/A,"$3,500.00 ",Trail - Versatility Ranch Horse ,
15683,Andalusian,Stallion,3 years,"16,1 hh",Gray,Menorca,N/A,N/A,Dressage - Eventing - Leisure - Mating ,
15684,American Quarter Horse,Mare,12 years,15 hh,Bay,Brodhead,N/A,"$3,500.00 ",Trail - Versatility Ranch Horse ,
15685,Missouri Foxtrotter,Mare,12 years,15 hh,Bay,"Brodhead, KY",N/A,"$3,500.00 ",Trail - Versatility Ranch Horse ,
15686,Tennessee walking horse,Mare,12 years,15 hh,Bay,"Brodhead, kY",N/A,"$3,500.00 ",Trail - Gaited ,
15687,Welsh C (of Cob Type),Gelding,7 years,"14,1 hh",Black,Howell MI,N/A,"$3,500.00 ",Trail - Versatility Ranch Horse ,
15688,Haflinger,Gelding,14 years,"14,1 hh",Sorrel,Howell MI,N/A,"$3,500.00 ",Trail - Jumping ,
15689,Appaloosa,Mare,6 years,N/A,N/A,Guthrie OK,N/A,"$3,500.00 ",Trail - Versatility Ranch Horse ,
15690,Andalusian,Mare,6 years,"15,1 hh",Dun,Mallorca,"4,500","$4,793.00 ",Leisure - Working Equitation - Baroque - Eventing ,
15691,Arabian horses,Gelding,7 years,15 hh,Gray,Trakai,"5,500","$5,858.00 ",Endurance - Trail - Leisure ,
15692,Mule,Gelding,14 years,N/A,N/A,Brooksville KY,N/A,"$3,500.00 ",Trail - Versatility Ranch Horse ,
15693,Percheron,Mare,11 years,"16,3 hh",Bay,Guthrie OK,N/A,"$3,500.00 ",Trail - Versatility Ranch Horse ,
15694,American Quarter Horse,Gelding,6 years,"13,1 hh",Roan-Blue,Cave City KY,N/A,"$3,500.00 ",Trail - Versatility Ranch Horse ,
15695,Andalusian,Gelding,7 years,"15,1 hh",Brown,Tabernas Almeria,"10,000","$10,650.00 ",Dressage - Leisure ,
15696,German Riding Horse,Mare,6 years,16 hh,Chestnut,Sassenberg,"20,000","$21,301.00 ",Dressage - Jumping ,
15697,PRE Mix,Stallion,3 years,16 hh,Buckskin,Valencia,"10,000","$10,650.00 ",Dressage - Working Equitation - Baroque - Mating ,
15698,PRE,Gelding,4 years,15 hh,Gray,Euskirchen,"6,500","$6,923.00 ",Leisure - Doma Vaquera - Dressage ,
15699,Icelandic Horse,Mare,4 years,"13,3 hh",Palomino,Hvolsvöllur,"3,000","$3,195.00 ",Gaited ,
15700,Mecklenburg Warmblood,Mare,1 year,N/A,N/A,Loddin,"15,000","$15,975.00 ",Jumping - Breeding - Eventing ,
15701,Small German riding horse,Mare,1 year,N/A,N/A,Gudow,"6,500","$6,923.00 ",Dressage - Breeding - Leisure ,
15702,Mecklenburg Warmblood,Mare,1 year,N/A,N/A,Anklam,"8,000","$8,520.00 ",Jumping - Breeding - Eventing - Leisure ,
15703,Mecklenburg Warmblood,Stallion,1 year,N/A,N/A,Weitenhagen,"10,000","$10,650.00 ",Dressage - Breeding - Eventing ,
15704,Mecklenburg Warmblood,Stallion,1 year,N/A,N/A,Hageböl,"10,000","$10,650.00 ",Dressage - Breeding - Leisure ,
15705,German Sport Horse,Stallion,3 years,"16,1 hh",Bay-Dark,Kraiburg am Inn,"10,000","$10,650.00 ",Jumping - Eventing - Dressage ,
15706,Hanoverian,Stallion,1 year,N/A,N/A,Windeck,"7,500","$7,988.00 ",Jumping ,
15707,Hanoverian,Gelding,5 years,"16,1 hh",Chestnut-Red,Prag,"22,000","$23,431.00 ",Hunter - Jumping ,
15708,Hanoverian,Stallion,2 years,N/A,N/A,Niddatal,"4,000","$4,260.00 ",Jumping ,
15709,Friesian horses Mix,Mare,10 years,"15,2 hh",Pinto,Görzke,"10,000","$10,650.00 ",Leisure - Baroque - Driving ,
15710,Andalusian,Stallion,7 years,"15,3 hh",Gray,Menorca,"40,000","$42,601.00 ",Dressage - Show - Leisure - Mating ,
15711,German Riding Pony,Gelding,7 years,"14,3 hh",Chestnut-Red,Schwechatbach,"35,000","$37,276.00 ",Dressage - Working Equitation - Driving,
15712,Haflinger,Stallion,1 year,"14,3 hh",Chestnut-Red,Trebbin,"5,000","$5,325.00 ",Dressage - Eventing - Jumping ,
15713,Menorquin,Stallion,3 years,"14,3 hh",Black,Menorca,N/A,N/A,Dressage - Working Equitation - Eventing - Leisure ,
15714,Menorquin,Stallion,3 years,16 hh,Black,Menorca,N/A,N/A,Baroque - Show - Leisure - Dressage ,
15715,German Sport Horse,Mare,8 years,"16,2 hh",N/A,Unterneukirchen,N/A,N/A,Dressage - Jumping ,
15716,PRE,Stallion,6 years,16 hh,Gray-Dapple,Vejer de la Frontera,"15,000","$15,975.00 ",Leisure - Baroque - Dressage ,
15717,Andalusian,Gelding,4 years,"14,3 hh",Palomino,Vejer de la Frontera,"10,000","$10,650.00 ",Leisure - Baroque ,
15718,PRE Mix,Stallion,5 years,16 hh,Brown,Sevilla,"15,000","$15,975.00 ",Baroque - Dressage ,
15719,Rocky Mountain Horse,Gelding,11 years,15 hh,Brown,"Tompkinsville, KY",N/A,"$6,499.00 ",Trail - Western allround ,
15720,Tennessee walking horse,Gelding,6 years,17 hh,Buckskin,"Mansfield, ohio",N/A,"$12,000.00 ",Gaited - Trail ,
15721,Andalusian,Mare,2 years,"15,2 hh",Gray,Mallorca,"4,000","$4,260.00 ",Leisure - Working Equitation - Baroque - Dressage ,
15722,PRE,Stallion,1 year,"13,2 hh",Buckskin,Feuchtwangen,"8,500","$9,053.00 ",Dressage - Doma Vaquera - Baroque - Leisure ,
15723,Oldenburg-International (OS),Stallion,1 year,N/A,N/A,Egg,N/A,"$13,229.00 ",Jumping ,
15724,Spotted Saddle Horse,Gelding,8 years,14 hh,Tobiano-all-colors,"Moscow, OHIO",N/A,"$6,500.00 ",Gaited - Trail ,
15725,Shetland Ponies,Gelding,4 years,"9,2 hh",Black,Süderlügum,"2,500","$2,663.00 ",Driving - Leisure ,
15726,Shetland Ponies,Mare,4 years,"8,3 hh",Chestnut-Red,Süderlügum,"2,500","$2,663.00 ",Driving - Leisure ,
15727,Lusitano,Gelding,8 years,16 hh,Gray,Galaroza (Huelva),"15,000","$15,975.00 ",Dressage - Working Equitation - Jumping - Leisure ,
15728,Arabian horses,Gelding,3 years,"15,1 hh",Gray,Koprivnica,"5,000","$5,325.00 ",Leisure - Endurance - Western - Jumping ,
15729,Welsh B,Gelding,5 years,"12,3 hh",Gray,Süderlügum,"5,000","$5,325.00 ",Leisure - Jumping - Hunter - Dressage ,
15730,Arabian horses,Stallion,2 years,15 hh,N/A,Koprivnica,"10,000","$10,650.00 ",Breeding - Show - Western - Dressage ,
15731,American Quarter Horse,Mare,5 years,"14,1 hh",Palomino,Müglitztal,"19,000","$20,235.00 ",Western - Western allround - Working Equitation - Reining ,
15732,PRE Mix,Gelding,6 years,"15,2 hh",Gray,Navas Del Madroño,"40,000","$42,601.00 ",Eventing ,
15733,German Riding Horse,Gelding,3 years,"16,2 hh",Pinto,Etgersleben,"5,000","$5,325.00 ",Leisure ,
15734,Trakehner,Stallion,1 year,N/A,N/A,Reisenberg,"10,000","$10,650.00 ",Eventing - Breeding - Dressage,
15735,Oldenburg,Stallion,1 year,N/A,N/A,Schwadernau,"15,000","$15,975.00 ",Dressage ,
15736,Oldenburg,Stallion,1 year,N/A,N/A,Vlotho,"7,900","$8,414.00 ",Jumping ,
15737,Trakehner,Mare,6 years,"16,1 hh",Gray,Nümbrecht,"20,000","$21,301.00 ",Eventing - Breeding - Jumping - Dressage ,
15738,Anglo European Studbook,Gelding,5 years,N/A,N/A,Georgsmarienhütte,"9,000","$9,585.00 ",Leisure ,
15739,American Quarter Horse Mix,Gelding,3 years,"13,2 hh",Chestnut-Red,Neumarkt-Sankt Veit,"6,000","$6,390.00 ",Western - Western allround ,
15740,Hanoverian,Mare,5 years,"16,1 hh",Brown,Geestland,"20,000","$21,301.00 ",Dressage - Hunter - Leisure ,
15741,PRE Mix,Stallion,2 years,"14,3 hh",Gray,Tabernas Almeria,"10,000","$10,650.00 ",Dressage - Breeding ,
15742,PRE Mix,Stallion,9 years,16 hh,Gray,Navas Del Madroño,"40,000","$42,601.00 ",Eventing ,
15743,PRE Mix,Gelding,5 years,"16,1 hh",Black,Navas Del Madroño,"20,000","$21,301.00 ",Eventing ,
15744,Azteca,Mare,3 years,"14,1 hh",Palomino,Neumarkt-Sankt Veit,"5,500","$5,858.00 ",Cutting ,
15745,PRE,Mare,1 year,N/A,N/A,Provinz Granada,"10,000","$10,650.00 ",Breeding - Working Equitation - Baroque - Dressage ,
15746,Trakehner,Mare,1 year,N/A,N/A,Lengenfeld,"10,000","$10,650.00 ",Dressage ,
15747,Trakehner,Stallion,1 year,"16,1 hh",N/A,Gladenbach,"10,000","$10,650.00 ",Eventing - Jumping ,
15748,Trakehner,Mare,1 year,N/A,N/A,Burgstädt,"10,000","$10,650.00 ",Dressage ,
15749,Trakehner,Stallion,1 year,N/A,N/A,Döbeln,"5,500","$5,858.00 ",Eventing ,
15750,Oldenburg,Mare,8 years,17 hh,Bay-Dark,Radeburg,"40,000","$42,601.00 ",Breeding - Dressage ,
15751,Trakehner,Stallion,1 year,N/A,N/A,Berthelsdorf,N/A,N/A,Eventing - Jumping ,
15752,Silesian,Gelding,5 years,"16,1 hh",Gray,Thießen,"16,000","$17,040.00 ",Driving ,
15753,Spotted Saddle Horse,Mare,14 years,14 hh,Tobiano-all-colors,"Fort Pierce, FL",N/A,"$7,500.00 ",Trail - Western allround - Gaited ,
15754,Oldenburg,Gelding,7 years,"16,2 hh",Brown,Prag,"40,000","$42,601.00 ",Jumping - Hunter ,
15755,PRE Mix,Stallion,8 years,16 hh,White,Navas Del Madroño,"100,000","$106,503.00 ",Eventing ,
15756,Trakehner,Mare,1 year,N/A,N/A,Seeligstadt,"10,000","$10,650.00 ",Jumping - Breeding - Eventing ,
15757,Trakehner,Stallion,1 year,N/A,N/A,Langerwehe,"5,000","$5,325.00 ",Jumping - Eventing ,
15758,Oldenburg,Mare,1 year,N/A,N/A,Bönen,"10,000","$10,650.00 ",Dressage,
15759,Trakehner,Gelding,5 years,"16,1 hh",Black,Lengdorf,N/A,N/A,Dressage ,
15760,American Quarter Horse,Stallion,1 year,N/A,N/A,Eurasburg,"12,000","$12,780.00 ",Reining - Breeding - Western ,
15761,Draft Horse,Mare,4 years,16 hh,Bay,"Auburn, KY",N/A,"$20,000.00 ",Trail - Endurance - Driving ,
15762,Tennessee walking horse,Gelding,3 years,15 hh,Gray,"Independence, LA",N/A,"$10,500.00 ",Gaited - Trail - Driving ,
15763,German Riding Pony,Mare,5 years,"14,1 hh",Chestnut-Red,Maurach a. A.,"10,000","$10,650.00 ",Dressage - Eventing - Jumping - Leisure ,
15764,Oldenburg,Gelding,5 years,"17,1 hh",Black,Isernhagen,"25,000","$26,626.00 ",Dressage ,
15765,Trakehner,Mare,1 year,N/A,N/A,Feldkirchen,"10,000","$10,650.00 ",Dressage - Breeding - Eventing ,
15766,Arabian horses,Gelding,7 years,"15,2 hh",Gray-Dapple,Müllheim,"7,500","$7,988.00 ",Endurance - Trail - Leisure - Dressage ,
15767,Lusitano Mix,Gelding,4 years,N/A,N/A,Tabernas Almeria,"5,000","$5,325.00 ",Dressage - Leisure ,
15768,PRE Mix,Stallion,5 years,16 hh,Palomino,Navas Del Madroño,"15,000","$15,975.00 ",Eventing ,
15769,Trakehner,Stallion,1 year,"13,2 hh",Smoky-Black,Wismar,"15,000","$15,975.00 ",Dressage - Eventing ,
15770,Trakehner,Stallion,1 year,N/A,N/A,Tjele,"10,000","$10,650.00 ",Breeding - Dressage ,
15771,Austrian Warmblood,Stallion,1 year,N/A,N/A,Polling,"10,000","$10,650.00 ",Dressage ,
15772,Oldenburg,Gelding,14 years,"16,2 hh",Bay,Slany,"100,000","$106,503.00 ",Dressage ,
15773,Westphalian,Gelding,4 years,"16,1 hh",Brown,Ibbenbüren,"5,000","$5,325.00 ",Dressage ,
15774,Berber,Stallion,3 years,"15,1 hh",Sabino,Goé,"10,500","$11,183.00 ",Leisure - Working Equitation - Western - Dressage ,
15775,Wuerttemberg,Gelding,7 years,17 hh,Brown,Rot an der Rot,"15,000","$15,975.00 ",Dressage - Vaulting ,
15776,Arabian Partbred,Stallion,11 years,"15,1 hh",Pinto,Rot an der Rot,"10,000","$10,650.00 ",Endurance - Breeding - Leisure - Dressage ,
15777,Andalusian,Mare,2 years,"16,2 hh",Bay,Valencia,"3,500","$3,728.00 ",Dressage ,
15778,Andalusian,Gelding,11 years,"15,2 hh",Brown,Tabernas Almeria,"10,000","$10,650.00 ",Dressage - Leisure ,
15779,Holstein,Mare,6 years,16 hh,Gray,Zduchovice,N/A,N/A,Hunter under saddle - Breeding - Jumping - Leisure ,
15780,American Quarter Horse,Gelding,8 years,"14,2 hh",Buckskin,Woodside CA,N/A,"$3,500.00 ",Trail - Versatility Ranch Horse ,
15781,American Quarter Horse,Gelding,13 years,"14,2 hh",Buckskin,Paicines CA,N/A,"$3,500.00 ",Trail - Versatility Ranch Horse ,
15782,Friesian horses,Mare,1 year,"15,2 hh",Black,GOVEN,"8,500","$9,053.00 ",Dressage - Working Equitation - Show - Breeding ,
15783,Paint Horse,Gelding,6 years,"15,2 hh",Tobiano-all-colors,Camp Verde AZ,N/A,"$3,500.00 ",Trail - Versatility Ranch Horse ,
15784,American Quarter Horse,Gelding,6 years,"15,2 hh",Tobiano-all-colors,Camp Verde AZ,N/A,"$3,500.00 ",Trail - Versatility Ranch Horse ,
15785,American Quarter Horse,Gelding,14 years,15 hh,Dun,Paicines CA,N/A,"$3,500.00 ",Trail - Versatility Ranch Horse ,
15786,American Quarter Horse,Gelding,15 years,N/A,N/A,Stephenville TX,N/A,"$3,500.00 ",Trail - Versatility Ranch Horse ,
15787,American Quarter Horse,Gelding,7 years,"15,1 hh",Chestnut,Weatherford TX,N/A,"$3,500.00 ",Trail - Versatility Ranch Horse ,
15788,American Quarter Horse,Gelding,9 years,"13,2 hh",Dun,Pleasant Grove CA,N/A,"$3,500.00 ",Trail - Versatility Ranch Horse ,
15789,Paint Horse,Gelding,8 years,15 hh,Tobiano-all-colors,Granbury TX,N/A,"$3,500.00 ",Trail - Versatility Ranch Horse ,
15790,American Quarter Horse,Gelding,8 years,15 hh,Tobiano-all-colors,Granbury TX,N/A,"$3,500.00 ",Trail - Versatility Ranch Horse ,
15791,Percheron,Gelding,6 years,"16,3 hh",Gray-Dapple,FLemingsburg Ky,N/A,"$3,500.00 ",Trail - Versatility Ranch Horse ,
15792,American Quarter Horse,Gelding,6 years,"16,3 hh",Gray-Dapple,Flemingsburg Ky,N/A,"$3,500.00 ",Trail - Versatility Ranch Horse ,
15793,Pony of the Americas,Gelding,7 years,"13,1 hh",Bay,"Brodhead, KY",N/A,"$3,500.00 ",Trail - Versatility Ranch Horse ,
15794,Other Warmbloods,Mare,5 years,16 hh,Chestnut-Red,Uetze,"20,000","$21,301.00 ",Dressage - Breeding - Leisure,
15795,American Quarter Horse,Gelding,7 years,"13,1 hh",Bay,Brodhead,N/A,"$3,500.00 ",Trail - Versatility Ranch Horse ,
15796,Draft Horse,Gelding,7 years,"14,3 hh",Black,"Brodhead, Ky",N/A,"$3,500.00 ",Trail - Versatility Ranch Horse ,
15797,American Quarter Horse,Gelding,7 years,"14,3 hh",Black,"Brodhead, KY",N/A,"$3,500.00 ",Trail - Versatility Ranch Horse ,
15798,American Quarter Horse,Gelding,7 years,14 hh,Chestnut,Valley Srings CA,N/A,"$3,500.00 ",Trail - Versatility Ranch Horse ,
15799,American Quarter Horse,Gelding,15 years,16 hh,Bay,Weatherford TX,N/A,"$3,500.00 ",Trail - Versatility Ranch Horse ,
15800,Missouri Foxtrotter,Mare,12 years,N/A,N/A,Parkers Lake KY,N/A,"$3,500.00 ",Trail - Gaited ,
15801,Tennessee walking horse,Mare,12 years,N/A,N/A,Parkers Lake KY,N/A,"$3,500.00 ",Trail - Gaited ,
15802,Draft Horse,Gelding,5 years,"16,1 hh",Grullo,"Shipshewana, IN",N/A,"$3,500.00 ",Trail - Versatility Ranch Horse ,
15803,American Quarter Horse,Gelding,5 years,N/A,N/A,Shipshewanan IN,N/A,"$3,500.00 ",Trail - Versatility Ranch Horse ,
15804,Fjord Horses,Gelding,7 years,"15,2 hh",Buckskin,Brooksville Ky,N/A,"$3,500.00 ",Trail - Versatility Ranch Horse ,
15805,American Quarter Horse,Gelding,7 years,"15,2 hh",Buckskin,Brookesville Ky,N/A,"$3,500.00 ",Trail - Versatility Ranch Horse ,
15806,Mule,Gelding,13 years,N/A,N/A,Brooksville Ky,N/A,"$3,500.00 ",Trail - Versatility Ranch Horse ,
15807,American Quarter Horse,Gelding,13 years,N/A,N/A,Brooksville KY,N/A,"$3,500.00 ",Trail - Versatility Ranch Horse ,
15808,American Quarter Horse,Gelding,10 years,"16,1 hh",Buckskin,Goshen OH,N/A,"$3,500.00 ",Trail - Versatility Ranch Horse ,
15809,Paint Horse,Mare,8 years,15 hh,Tobiano-all-colors,"Howell, MI",N/A,"$3,500.00 ",Trail - Versatility Ranch Horse ,
15810,American Quarter Horse,Mare,8 years,15 hh,Tobiano-all-colors,Howell MI,N/A,"$3,500.00 ",Trail - Versatility Ranch Horse ,
15811,Oldenburg,Stallion,1 year,16 hh,Bay-Dark,Butjadingen,"9,000","$9,585.00 ",Dressage,
15812,German Sport Horse,Stallion,1 year,N/A,N/A,Rottweil,"10,000","$10,650.00 ",Dressage,
15813,Hanoverian,Mare,2 years,"16,1 hh",Chestnut,Trois-Ponts,N/A,N/A,Dressage ,
15814,Hanoverian,Gelding,4 years,"16,2 hh",Chestnut,Trois-Ponts,N/A,N/A,Dressage ,
15815,PRE,Stallion,5 years,16 hh,Brown,Vejer de la Frontera,"20,000","$21,301.00 ",Dressage - Working Equitation - Baroque ,
15816,Hispano Arabian,Mare,7 years,"15,2 hh",Brown,Vejer de Frontera,"10,000","$10,650.00 ",Leisure - Working Equitation - Dressage ,
15817,Other Warmbloods,Stallion,1 year,16 hh,Dun,Eggermühlen,"5,000","$5,325.00 ",Leisure ,
15818,Noriker,Mare,14 years,16 hh,Chestnut,Varrel,"2,900","$3,089.00 ",Leisure - Driving ,
15819,Andalusian,Gelding,6 years,"15,2 hh",Black,Valencia,"15,000","$15,975.00 ",Dressage - Working Equitation - Baroque - Leisure ,
15820,Westphalian,Gelding,11 years,"16,2 hh",Brown,Gleichen,"70,000","$74,552.00 ",Dressage ,
15821,PRE Mix,Gelding,13 years,16 hh,Brown,Dietlikon,"15,000","$15,975.00 ",Leisure ,
15822,Latvian Warmblood,Mare,8 years,"17,1 hh",Bay-Dark,Babite,"40,000","$42,601.00 ",Dressage - Breeding - Leisure ,
15823,Welsh D (Cob),Gelding,4 years,"14,1 hh",Black,Neumünster,"6,500","$6,923.00 ",Leisure ,
15824,Gypsy Horse,Mare,8 years,"13,2 hh",Pinto,St. Pantaleon,N/A,"$5,402.00 ",Leisure ,
15825,Hanoverian,Mare,6 years,"16,1 hh",Black,KutenholzMulsum,"28,000","$29,821.00 ",Dressage ,
15826,Zangersheider,Mare,8 years,"15,2 hh",Brown,Willich,"28,000","$29,821.00 ",Jumping ,
15827,Arabian horses,Mare,12 years,15 hh,Chestnut,GOVEN,"3,800","$4,047.00 ",Endurance - Trail - Breeding - Leisure ,
15828,Icelandic Horse,Mare,6 years,"13,1 hh",Grullo,GOVEN,"7,200","$7,668.00 ",Leisure - Breeding ,
15829,Akhal-Teke,Mare,23 years,"15,2 hh",Cremello,GOVEN,"5,500","$5,858.00 ",Dressage - Endurance - Breeding ,
15830,Tennessee walking horse,Mare,10 years,15 hh,Chestnut,"Lewisburg, TN",N/A,"$12,500.00 ",Gaited - Trail ,
15831,Tennessee walking horse,Gelding,13 years,15 hh,Bay,"Campbellsville, KY",N/A,"$10,000.00 ",Gaited - Trail ,
15832,Akhal-Teke,Stallion,1 year,"15,3 hh",Buckskin,GOVEN,"6,800","$7,242.00 ",Eventing - Endurance - Dressage ,
15833,Half Arabs,Stallion,2 years,"14,2 hh",Tobiano-all-colors,GOVEN,"4,500","$4,793.00 ",Eventing - Endurance - Leisure ,
15834,Oldenburg-International (OS),Mare,5 years,"16,2 hh",Gray,Wietzen,"20,000","$21,301.00 ",Jumping,
15835,Icelandic Horse,Mare,2 years,"13,2 hh",Tobiano-all-colors,GOVEN,"4,500","$4,793.00 ",Leisure ,
15836,Other Thoroughbred Breeds,Stallion,1 year,15 hh,Brown,GOVEN,"2,200","$2,343.00 ",Endurance - Eventing - Jumping - Leisure ,
15837,Pony of the Americas,Gelding,7 years,9 hh,Palomino,"Antlers, OK",N/A,"$10,000.00 ",Trail ,
15838,PRE,Stallion,4 years,15 hh,Gray,Baza,"10,000","$10,650.00 ",Dressage - Working Equitation - Breeding - Leisure ,
15839,Paint Horse,Gelding,2 years,15 hh,Tobiano-all-colors,Hellenthal,"6,500","$6,923.00 ",Western - Reining - Leisure,
15840,American Quarter Horse,Mare,2 years,"14,2 hh",Chestnut-Red,Hellenthal,"7,900","$8,414.00 ",Reining - Western - Leisure,
15841,PRE,Mare,1 year,N/A,N/A,Chiclana de la Frontera,"5,000","$5,325.00 ",Leisure ,
15842,Paint Horse,Stallion,1 year,"14,2 hh",Black,Hellenthal,"7,900","$8,414.00 ",Reining - Cutting - Western,
15843,Westphalian,Gelding,13 years,"16,1 hh",Bay-Dark,Bönen,"100,000","$106,503.00 ",Dressage,
15844,Paint Horse,Gelding,2 years,"14,2 hh",Overo-all-colors,Hellenthal,"5,900","$6,284.00 ",Reining - Western - Leisure,
15845,Tennessee walking horse,Gelding,9 years,15 hh,Black,"Park Hills, MO",N/A,"$9,000.00 ",Gaited - Trail ,
15846,Oldenburg,Mare,12 years,16 hh,Bay-Dark,Radeburg,"20,000","$21,301.00 ",Breeding - Dressage ,
15847,Knabstrup,Mare,7 years,"15,2 hh",Leopard-Piebald,Stahnsdorf,"11,000","$11,715.00 ",Breeding - Leisure ,
15848,Trakehner,Mare,1 year,"16,1 hh",Chestnut,Feldkirchen,"10,000","$10,650.00 ",Dressage ,
15849,German Sport Horse,Gelding,5 years,N/A,N/A,Grevenbroich,"15,000","$15,975.00 ",Jumping - Leisure - Dressage ,
15850,Kentucky Mountain Saddle Horse,Gelding,12 years,15 hh,Brown,"Science Hill, KY",N/A,"$10,000.00 ",Gaited - Trail ,
15851,American Quarter Horse,Mare,10 years,N/A,N/A,Kemnath,"10,000","$10,650.00 ",Breeding ,
15852,German Riding Pony,Gelding,4 years,"14,1 hh",Buckskin,Lindlar,"15,000","$15,975.00 ",Dressage,
15853,Donkey,Stallion,3 years,"14,2 hh",Black,"BERGA, BARCELONA","4,000","$4,260.00 ",Breeding ,
15854,Hanoverian,Mare,4 years,"16,2 hh",Black,EnnigerlohEnnigerloh,"20,000","$21,301.00 ",Dressage - Breeding,
15855,Donkey,Stallion,3 years,"14,1 hh",Black,"BERGA, BARCELONA","3,500","$3,728.00 ",Breeding ,
15856,Oldenburg,Mare,1 year,"16,3 hh",Chestnut,Belgern,"5,000","$5,325.00 ",Dressage - Breeding - Eventing - Leisure ,
15857,PRE Mix,Stallion,3 years,"16,1 hh",Gray,Navas Del Madroño,"15,000","$15,975.00 ",Eventing ,
15858,Oldenburg,Stallion,3 years,"16,1 hh",Brown,Bramsche,"45,000","$47,926.00 ",Dressage - Breeding - Jumping - Hunter,
15859,Hungarian Sport Horse,Gelding,3 years,"16,1 hh",Chestnut,Écs,"10,000","$10,650.00 ",Eventing - Jumping - Hunter - Dressage ,
15860,Hungarian Sport Horse,Gelding,3 years,16 hh,Chestnut,Écs,"10,000","$10,650.00 ",Eventing - Jumping - Hunter - Dressage ,
15861,Mule,Gelding,2 years,"13,1 hh",Black,"Pendleton, KY",N/A,N/A,Trail ,
15862,Paint Horse,Gelding,10 years,"15,1 hh",Tobiano-all-colors,"Coatesville, PA",N/A,N/A,Trail ,
15863,American Quarter Horse,Mare,17 years,"15,3 hh",Sorrel,"Penrose, CO",N/A,N/A,Trail ,
15864,Mule,Gelding,7 years,"14,2 hh",Dun,"Quinton, VA",N/A,N/A,Trail ,
15865,Haflinger,Gelding,6 years,"14,2 hh",Chestnut-Red,Iggingen,"10,000","$10,650.00 ",Leisure ,
15866,Paint Horse,Gelding,10 years,"15,2 hh",Tobiano-all-colors,"Chaska, MN",N/A,N/A,Trail - Western Pleasure - Jumping ,
15867,Oldenburg,Gelding,5 years,"16,1 hh",Black,Vechta,"40,000","$42,601.00 ",Dressage ,
15868,Westphalian,Mare,1 year,17 hh,Brown,Wülperode,"15,000","$15,975.00 ",Dressage - Breeding - Leisure,
15869,Trakehner,Stallion,1 year,"16,1 hh",Chestnut-Red,Günzburg,"10,000","$10,650.00 ",Eventing - Breeding - Jumping - Dressage ,
15870,Shire Horse,Mare,6 years,17 hh,Brown,Bad Füssing,"15,000","$15,975.00 ",Leisure ,
15871,Other Warmbloods,Stallion,1 year,"16,2 hh",Pinto,Borgentreich,N/A,N/A,Jumping - Eventing - Leisure - Dressage ,
15872,Trakehner,Gelding,5 years,17 hh,Bay-Dark,Emmerthal,N/A,N/A,Dressage - Jumping - Leisure,
15873,Trakehner,Mare,4 years,"16,2 hh",Bay-Dark,Emmerthal,"40,000","$42,601.00 ",Dressage - Breeding - Jumping - Leisure,
15874,Trakehner,Gelding,4 years,"16,2 hh",Brown,Wolfhagen,"15,000","$15,975.00 ",Jumping - Eventing - Leisure - Dressage ,
15875,PRE,Mare,10 years,"15,2 hh",Brown,Mallorca,"6,500","$6,923.00 ",Leisure - Working Equitation - Baroque - Eventing ,
15876,PRE,Stallion,4 years,"16,1 hh",Black,Sigmarszell,"40,000","$42,601.00 ",Leisure - Working Equitation - Breeding - Dressage ,
15877,Austrian Warmblood,Stallion,1 year,N/A,N/A,Reutte,N/A,N/A,Leisure ,
15878,Tennessee walking horse,Mare,2 years,15 hh,Buckskin,"Christiana, TN",N/A,"$20,000.00 ",Trail - Gaited ,
15879,Kentucky Mountain Saddle Horse,Gelding,3 years,15 hh,Brown,"Tyner, KY",N/A,"$20,000.00 ",Gaited - Trail ,
15880,Arabian horses,Gelding,3 years,"14,3 hh",Chestnut-Red,Herzberg am Harz,"4,200","$4,473.00 ",Leisure - Endurance - Western ,
15881,Arabian horses,Gelding,3 years,"14,3 hh",Chestnut-Red,Herzberg am Harz,"4,200","$4,473.00 ",Leisure - Endurance - Western,
15882,Connemara,Mare,4 years,N/A,N/A,Kildare,"7,500","$7,988.00 ",Jumping - Eventing ,
15883,Hanoverian,Gelding,8 years,N/A,N/A,Malaga,"220,000","$234,306.00 ",Dressage ,
15884,Other Thoroughbred Breeds,Mare,9 years,16 hh,Brown,Glandorf,"20,000","$21,301.00 ",Eventing - Jumping - Dressage ,
15885,Westphalian,Stallion,1 year,N/A,N/A,Hamm,"10,500","$11,183.00 ",Jumping ,
15886,Westphalian,Mare,1 year,N/A,N/A,Hamm,"12,000","$12,780.00 ",Jumping - Breeding ,
15887,PRE Mix,Mare,7 years,"16,2 hh",Black,Madrid,"40,000","$42,601.00 ",Dressage ,
15888,Hanoverian,Gelding,5 years,"16,1 hh",Chestnut-Red,Navas Del Madroño,"70,000","$74,552.00 ",Eventing ,
15889,Oldenburg,Stallion,1 year,N/A,N/A,Surwold,"6,000","$6,390.00 ",Dressage ,
15890,Oldenburg-International (OS),Mare,10 years,"16,2 hh",Brown,Löningen,"6,000","$6,390.00 ",Leisure ,
15891,Oldenburg,Mare,7 years,"16,2 hh",Bay-Dark,Eschweiler,"70,000","$74,552.00 ",Dressage - Breeding - Eventing ,
15892,Appaloosa,Gelding,15 years,"14,1 hh",Bay,Weatherford TX,N/A,"$3,500.00 ",Trail - Versatility Ranch Horse ,
15893,American Quarter Horse,Gelding,15 years,"14,1 hh",Bay,Weatherford TX,N/A,"$3,500.00 ",Trail - Versatility Ranch Horse ,
15894,Appaloosa,Gelding,8 years,14 hh,Bay,Paicines CA,N/A,"$3,500.00 ",Trail - Versatility Ranch Horse ,
15895,PRE Mix,Stallion,4 years,"15,3 hh",Buckskin,Badajoz,"15,000","$15,975.00 ",Baroque - Western allround - Leisure,"is broken-in, is lunged, is worked on the ground"
15896,American Quarter Horse,Gelding,12 years,15 hh,Bay,Bitterwater CA,N/A,"$3,500.00 ",Trail - Versatility Ranch Horse ,
15897,American Quarter Horse,Gelding,9 years,"15,1 hh",Chestnut,Paicines CA,N/A,"$3,500.00 ",Trail - Versatility Ranch Horse ,
15898,Appaloosa,Gelding,7 years,"14,3 hh",Roan-Red,Sweet Springs MO,N/A,"$3,500.00 ",Trail - Versatility Ranch Horse ,
15899,American Quarter Horse,Gelding,7 years,"14,3 hh",Roan-Red,Sweet Springs MO,N/A,"$3,500.00 ",Trail - Versatility Ranch Horse ,
15900,American Quarter Horse,Gelding,11 years,15 hh,Buckskin,Pleasant Grove CA,N/A,"$3,500.00 ",Trail - Versatility Ranch Horse ,
15901,Draft Horse,Gelding,7 years,15 hh,Palomino,Sweet Springs MO,N/A,"$3,500.00 ",Trail - Versatility Ranch Horse ,
15902,American Quarter Horse,Gelding,7 years,15 hh,Palomino,"Sweet Springs, MO",N/A,"$3,500.00 ",Trail - Versatility Ranch Horse ,
15903,Draft Horse,Gelding,5 years,"16,2 hh",Palomino,"Howell, MI",N/A,"$3,500.00 ",Trail - Versatility Ranch Horse ,
15904,Gypsy Horse,Gelding,5 years,"16,2 hh",Palomino,"Howell, MI",N/A,"$3,500.00 ",Trail - Jumping ,
15905,Draft Horse,Mare,10 years,N/A,N/A,Marshall MO,N/A,"$3,500.00 ",Trail - Versatility Ranch Horse ,
15906,American Quarter Horse,Mare,10 years,N/A,N/A,Marshall MO,N/A,"$3,500.00 ",Trail - Versatility Ranch Horse ,
15907,Mule,Gelding,14 years,"15,1 hh",Sorrel,Everett PA,N/A,"$3,500.00 ",Trail - Versatility Ranch Horse ,
15908,American Quarter Horse,Gelding,14 years,"15,1 hh",Sorrel,Everett PA,N/A,"$3,500.00 ",Trail - Versatility Ranch Horse ,
15909,American Quarter Horse,Gelding,13 years,14 hh,Buckskin,Maysville KY,N/A,"$3,500.00 ",Trail - Versatility Ranch Horse ,
15910,Andalusian,Mare,10 years,"15,2 hh",Brown,Mallorca,"6,500","$6,923.00 ",Leisure - Working Equitation - Baroque - Eventing ,
15911,Friesian horses,Mare,10 years,"15,2 hh",Black,Marshall MO,N/A,"$3,500.00 ",Trail - Dressage ,
15912,Mule,Mare,12 years,N/A,N/A,Flemingsburg KY,N/A,"$3,500.00 ",Trail - Versatility Ranch Horse ,
15913,American Quarter Horse,Mare,12 years,N/A,N/A,Flemingsburg Ky,N/A,"$3,500.00 ",Trail - Versatility Ranch Horse ,
15914,Icelandic Horse,Gelding,11 years,"13,3 hh",Black,Stapelfeld,"12,800","$13,632.00 ",Gaited - Leisure ,
15915,American Quarter Horse,Gelding,7 years,N/A,N/A,"Princeton, MO",N/A,"$3,500.00 ",Trail - Versatility Ranch Horse ,
15916,Appaloosa,Gelding,14 years,"13,2 hh",Roan-Red,Stephenville TX,N/A,"$3,499.00 ",Trail - Versatility Ranch Horse ,
15917,American Quarter Horse,Gelding,14 years,"13,2 hh",Roan-Red,Stephenville TX,N/A,"$3,500.00 ",Trail - Versatility Ranch Horse ,
15918,American Quarter Horse,Gelding,5 years,16 hh,Chestnut,Van Horne IA,N/A,"$3,500.00 ",Trail - Versatility Ranch Horse ,
15919,Lusitano,Mare,2 years,N/A,N/A,Agua Derramada,"9,000","$9,585.00 ",Dressage - Working Equitation - Show - Breeding ,
15920,American Quarter Horse,Gelding,14 years,"11,3 hh",Brown,Sallisaw OK,N/A,"$3,500.00 ",Trail - Versatility Ranch Horse ,
15921,Mule,Mare,10 years,14 hh,Sorrel,Brooksville KY,N/A,"$3,500.00 ",Trail - Versatility Ranch Horse ,
15922,Pony of the Americas,Gelding,14 years,9 hh,Buckskin,Stephenville TX,N/A,"$3,500.00 ",Trail - Versatility Ranch Horse ,
15923,PRE Mix,Mare,10 years,"16,2 hh",Gray,Navas Del Madroño,"10,000","$10,650.00 ",Mating ,
15924,Oldenburg,Mare,1 year,N/A,N/A,Großheide,"13,000","$13,845.00 ",Dressage - Breeding,
15925,Hanoverian,Stallion,1 year,"16,3 hh",Brown,Edewecht,"5,000","$5,325.00 ",Dressage - Breeding - Jumping ,
15926,PRE,Gelding,4 years,"15,2 hh",Smoky-Black,Windhagen,"9,999","$10,649.00 ",Baroque - Working Equitation - Leisure ,
15927,PRE,Stallion,6 years,"15,2 hh",Gray-Dapple,Vejer de la Frontera,"15,000","$15,975.00 ",Leisure - Working Equitation - Baroque ,
15928,Haflinger Mix,Gelding,5 years,"14,2 hh",Chestnut-Red,Bredstedt,"3,000","$3,195.00 ",Endurance - Western,
15929,Noriker,Mare,4 years,N/A,N/A,Niederzier,"7,900","$8,414.00 ",Leisure - Breeding - Driving ,
15930,Noriker,Stallion,2 years,17 hh,N/A,Küßnach,"5,500","$5,858.00 ",Leisure - Western - Driving,
15931,Andalusian,Gelding,9 years,N/A,N/A,Niederzier,"19,000","$20,235.00 ",Dressage - Working Equitation - Show - Leisure ,
15932,Lusitano Mix,Gelding,4 years,N/A,N/A,Niederzier,"12,000","$12,780.00 ",Dressage - Working Equitation - Leisure - Driving ,
15933,PRE,Mare,4 years,N/A,N/A,Küssaberg,"10,000","$10,650.00 ",Dressage - Working Equitation - Breeding - Leisure ,
15934,PRE Mix,Gelding,4 years,N/A,N/A,Niederzier,"20,000","$21,301.00 ",Dressage - Working Equitation - Leisure - Driving ,
15935,Other Breeds,Mare,1 year,"15,1 hh",Bay,CHESTER,N/A,"$7,958.00 ",English Pleasure - Hunter under saddle - Show - Eventing ,
15936,Oldenburg Mix,Mare,3 years,"15,1 hh",Brown,Ovelgönne,"20,000","$21,301.00 ",Dressage - Eventing,"Green, is easy to load, Halter accustomed"
15937,Akhal-Teke,Mare,6 years,"15,2 hh",Palomino,Ovelgönne,"13,000","$13,845.00 ",Leisure - Eventing - Jumping - Dressage,"is broken-in, is worked on the ground, is allrounder"
15938,Oldenburg Mix,Mare,1 year,N/A,N/A,Ovelgönne,"15,000","$15,975.00 ",Leisure - Jumping - Dressage,"Halter accustomed, Stands for the farrier, Directly from the breeder"
15939,Akhal-Teke,Mare,4 years,"15,1 hh",Perlino,Ovelgönne,N/A,N/A,Leisure - Breeding,"suitable for beginners, is lunged, is easy to load"
15940,Akhal-Teke,Gelding,4 years,16 hh,Brown,Ovelgönne,N/A,N/A,Eventing,"is lunged, is easy to load, Halter accustomed"
15941,Trakehner,Stallion,1 year,"16,2 hh",Smoky-Black,Hilden,"10,000","$10,650.00 ",Dressage - Eventing - Jumping - Leisure ,
15942,British Warmblood,Stallion,1 year,"16,2 hh",Bay,CHESTER,N/A,"$12,244.00 ",Dressage ,
15943,British Warmblood,Mare,1 year,16 hh,Black,CHESTER,N/A,"$12,244.00 ",Dressage ,
15944,Lusitano Mix,Stallion,1 year,N/A,N/A,Agua Derramada,"15,000","$15,975.00 ",Dressage - Show - Breeding ,
15945,Hanoverian,Mare,1 year,N/A,N/A,Jemgum,"5,000","$5,325.00 ",Jumping ,
15946,Oldenburg,Stallion,1 year,N/A,N/A,Jemgum,"3,000","$3,195.00 ",Jumping ,
15947,Oldenburg,Stallion,1 year,N/A,N/A,Jemgum,"3,000","$3,195.00 ",Jumping ,
15948,Oldenburg,Stallion,1 year,N/A,N/A,Jemgum,"3,500","$3,728.00 ",Jumping ,
15949,Oldenburg-International (OS),Mare,1 year,N/A,N/A,Kluse,"7,500","$7,988.00 ",Jumping ,
15950,Oldenburg-International (OS),Stallion,1 year,N/A,N/A,Kluse,"6,500","$6,923.00 ",Jumping ,
15951,Azteca Mix,Stallion,1 year,"14,2 hh",Chestnut-Red,Lutzmannsburg,"2,000","$2,130.00 ",Leisure - Working Equitation - Baroque - Western ,
15952,Trakehner,Gelding,5 years,16 hh,Pinto,Warendorf,"14,500","$15,443.00 ",Eventing - Jumping - Leisure - Dressage ,
15953,Oldenburg,Mare,17 years,"16,1 hh",Bay-Dark,Vechta,"15,000","$15,975.00 ",Breeding - Dressage ,
15954,Oldenburg,Mare,5 years,"16,1 hh",Brown,Vechta,"40,000","$42,601.00 ",Dressage - Breeding ,
15955,Haflinger,Gelding,3 years,"14,3 hh",Chestnut-Red,Trebbin,"8,000","$8,520.00 ",Dressage - Breeding - Eventing - Jumping ,
15956,Haflinger,Stallion,3 years,"14,3 hh",N/A,Trebbin,"6,000","$6,390.00 ",Dressage - Jumping - Leisure ,
15957,Andalusian,Stallion,2 years,"15,2 hh",Black,Mallorca,"5,000","$5,325.00 ",Leisure - Working Equitation - Western - Eventing ,
15958,Hanoverian,Mare,10 years,"16,1 hh",Bay-Dark,Hassendorf,"100,000","$106,503.00 ",Dressage ,
15959,Hanoverian,Mare,11 years,17 hh,Bay-Dark,Hassendorf,"100,000","$106,503.00 ",Dressage ,
15960,Arabian Berber,Gelding,2 years,14 hh,Leopard-Piebald,"Gerald, MO",N/A,"$6,499.00 ",Versatility Ranch Horse - Western allround - Show - Dressage ,
15961,Lusitano,Mare,21 years,"15,3 hh",Brown Falb mold,Agua Derramada,"10,000","$10,650.00 ",Breeding ,
15962,Lusitano Mix,Mare,3 years,16 hh,Bay,Agua Derramada,"16,000","$17,040.00 ",Dressage ,
15963,Tennessee walking horse,Gelding,5 years,16 hh,Black,"Monroe, NC",N/A,"$10,000.00 ",Trail - Gaited - Driving ,
15964,Lusitano,Mare,3 years,"15,3 hh",Gray-Red-Tan,Agua Derramada,"15,000","$15,975.00 ",Dressage - Breeding ,
15965,PRE,Gelding,5 years,"15,2 hh",Gray,Pruna,"10,000","$10,650.00 ",Baroque - Leisure - Dressage ,
15966,Kentucky Mountain Saddle Horse,Gelding,14 years,15 hh,Tobiano-all-colors,"Whitley City, KY",N/A,"$12,500.00 ",Gaited - Western allround - Versatility Ranch Horse - Trail ,
15967,Lusitano,Gelding,8 years,16 hh,Gray,Agua Derramada,"40,000","$42,601.00 ",Dressage - Working Equitation - Show - Baroque ,
15968,PRE Mix,Stallion,2 years,"16,1 hh",Bay-Dark,Wremen,"10,000","$10,650.00 ",Dressage - Working Equitation - Baroque - Leisure ,
15969,Lusitano,Stallion,7 years,17 hh,Bay,Agua Derramada,N/A,N/A,Dressage - Show - Breeding ,
15970,Lusitano,Stallion,3 years,16 hh,Bay,Agua Derramada,N/A,N/A,Dressage - Working Equitation - Show - Breeding ,
15971,Hanoverian,Mare,7 years,16 hh,Chestnut-Red,Hamburg Osdorf,"15,000","$15,975.00 ",Dressage - Breeding - Jumping ,
15972,Belgian Riding Pony,Gelding,5 years,"14,2 hh",Tobiano-all-colors,Navas Del Madroño,"15,000","$15,975.00 ",Eventing ,
15973,Zangersheider,Gelding,6 years,17 hh,N/A,Relegem,"17,500","$18,638.00 ",Jumping ,
15974,Zangersheider,Gelding,6 years,17 hh,Brown,Relegem,N/A,N/A,Jumping ,
15975,Holstein,Mare,11 years,"16,3 hh",Gray,Namur,N/A,N/A,Jumping ,
15976,Spanish Sporthorse,Mare,5 years,"15,1 hh",Black,Madrid,"10,000","$10,650.00 ",Dressage - Breeding - Leisure ,
15977,German Riding Pony,Stallion,3 years,"14,1 hh",Palomino,Raddestorf,"10,000","$10,650.00 ",Dressage - Breeding - Jumping - Leisure ,
15978,Hanoverian,Stallion,1 year,N/A,N/A,Duszniki,"10,000","$10,650.00 ",Dressage - Breeding - Leisure ,
15979,American Quarter Horse,Mare,2 years,"14,2 hh",Chestnut-Red,Kemnath,"10,000","$10,650.00 ",Reining - Western allround - Breeding - Western ,
15980,American Quarter Horse,Stallion,2 years,"14,2 hh",Chestnut-Red,Kemnath,"9,500","$10,118.00 ",Reining - Western allround - Western ,
15981,Appaloosa,Gelding,5 years,15 hh,Leopard-Piebald,"Fort Pierce, FL",N/A,"$15,500.00 ",Trail - Western allround - English Pleasure - Versatility Ranch Horse ,
15982,Arabian horses,Mare,19 years,N/A,N/A,Chimay,"5,000","$5,325.00 ",Breeding ,
15983,Arabian horses,Gelding,3 years,"14,2 hh",Brown,Herzberg am Harz,"3,900","$4,154.00 ",Leisure - Endurance - Western ,
15984,Lusitano,Stallion,2 years,16 hh,Smoky-Black,Lahntal,"15,000","$15,975.00 ",Dressage - Equitation Portugesa - Baroque - Breeding,
15985,American Quarter Horse,Gelding,8 years,N/A,N/A,"Brodhead, KY",N/A,"$3,500.00 ",Trail - Versatility Ranch Horse - Cutting - Cowhorse ,
15986,Icelandic Horse,Gelding,7 years,"13,2 hh",Pinto,Zweibrücken,"20,000","$21,301.00 ",Gaited - Dressage ,
15987,Icelandic Horse,Mare,8 years,14 hh,Black,Zweibrücken,"15,000","$15,975.00 ",Gaited - Dressage ,
15988,Icelandic Horse,Gelding,7 years,"13,2 hh",Gray,Zweibrücken,"10,000","$10,650.00 ",Gaited ,
15989,Icelandic Horse,Gelding,10 years,"13,3 hh",Black,Lochen am See,"40,000","$42,601.00 ",Gaited - Show - Dressage ,
15990,Icelandic Horse,Gelding,11 years,"13,2 hh",Gray,Stapelfeld,"12,800","$13,632.00 ",Gaited - Leisure ,
15991,Friesian horses,Stallion,6 years,16 hh,Black,Meinerzhagen,"25,000","$26,626.00 ",Dressage - Baroque - Leisure - Driving ,
15992,German Sport Horse,Mare,6 years,"16,1 hh",Brown,Gerstetten,N/A,N/A,Jumping - Eventing - Dressage ,
15993,Oldenburg,Stallion,4 years,"16,1 hh",Bay-Dark,SUSTEREN,"70,000","$74,552.00 ",Dressage,
15994,Oldenburg,Stallion,4 years,"16,1 hh",Bay-Dark,Susteren,"70,000","$74,552.00 ",Dressage,
15995,Oldenburg,Stallion,4 years,"16,1 hh",Bay-Dark,Susteren,"70,000","$74,552.00 ",Dressage,
15996,Oldenburg,Stallion,5 years,"16,3 hh",Chestnut-Red,Susteren,"70,000","$74,552.00 ",Dressage,
15997,Oldenburg,Gelding,5 years,"16,2 hh",Bay-Dark,Susteren,"70,000","$74,552.00 ",Dressage,
15998,German Riding Pony,Mare,4 years,"14,1 hh",Red Dun,Bedburg,"20,000","$21,301.00 ",Dressage - Breeding ,
15999,Rhinelander,Mare,5 years,"15,1 hh",Chestnut-Red,Hanerau-Hademarschen,"20,000","$21,301.00 ",Dressage - Breeding - Jumping - Leisure ,
16000,Arabian horses,Mare,8 years,"15,2 hh",White,Bosau,"15,000","$15,975.00 ",Breeding - Endurance - Leisure - Dressage,
16001,Hanoverian,Mare,8 years,"16,1 hh",Brown,Wellheim,"15,000","$15,975.00 ",Dressage - Jumping - Leisure,
16002,Arabian horses,Mare,10 years,"15,1 hh",Gray-Fleabitten,Ahrensbök,"15,000","$15,975.00 ",Western Pleasure,
16003,Danish Warmblood,Mare,5 years,16 hh,Bay-Dark,Viöl,"70,000","$74,552.00 ",Dressage - Breeding ,
16004,Noriker,Gelding,5 years,"15,3 hh",N/A,Obertilliach,"4,900","$5,219.00 ",Leisure ,
16005,Shetland Ponies,Gelding,6 years,N/A,N/A,Bitterwater CA,N/A,"$3,500.00 ",Trail - Versatility Ranch Horse ,
16006,Appaloosa,Gelding,13 years,14 hh,Chestnut,Paicines CA,N/A,"$3,500.00 ",Trail - Versatility Ranch Horse ,
16007,American Quarter Horse,Gelding,13 years,14 hh,Chestnut,Paicines CA,N/A,"$3,500.00 ",Trail - Versatility Ranch Horse ,
16008,American Quarter Horse,Gelding,15 years,15 hh,Palomino,Willis Point TX,N/A,"$3,500.00 ",Trail - Versatility Ranch Horse ,
16009,Gypsy Horse,Mare,4 years,"14,3 hh",Grullo,Bitterwater CA,N/A,"$3,500.00 ",Trail - Versatility Ranch Horse ,
16010,American Quarter Horse,Mare,4 years,N/A,N/A,Bitterwater CA,N/A,"$3,500.00 ",Trail - Versatility Ranch Horse ,
16011,American Quarter Horse,Gelding,7 years,"15,1 hh",Chestnut,Paicines CA,N/A,"$3,500.00 ",Trail - Versatility Ranch Horse ,
16012,American Quarter Horse,Gelding,11 years,"14,2 hh",Black,Pleasant Grove CA,N/A,"$3,500.00 ",Trail - Versatility Ranch Horse ,
16013,American Quarter Horse,Gelding,9 years,"15,1 hh",Buckskin,"Valley Springs, CA",N/A,"$3,500.00 ",Trail - Versatility Ranch Horse ,
16014,American Quarter Horse,Gelding,9 years,"14,2 hh",Chestnut,Weatherford TX,N/A,"$3,500.00 ",Trail - Versatility Ranch Horse ,
16015,American Quarter Horse,Gelding,5 years,16 hh,Gray-Dapple,Flemingsburg KY,N/A,"$3,500.00 ",Trail - Versatility Ranch Horse ,
16016,American Quarter Horse,Gelding,9 years,15 hh,Dun,Adair OK,N/A,"$3,500.00 ",Trail - Versatility Ranch Horse ,
16017,Friesian horses,Gelding,6 years,N/A,N/A,Warsaw NY,N/A,"$3,500.00 ",Trail - Versatility Ranch Horse ,
16018,American Quarter Horse,Gelding,7 years,N/A,N/A,Llano CA,N/A,"$3,500.00 ",Trail - Versatility Ranch Horse ,
16019,Friesian horses,Gelding,5 years,N/A,N/A,Warsaw NY,N/A,"$3,500.00 ",Jumping - Trail ,
16020,American Quarter Horse,Gelding,15 years,12 hh,Black,Forney TX,N/A,"$3,500.00 ",Trail - Versatility Ranch Horse ,
16021,Lusitano,Gelding,11 years,N/A,N/A,Badajoz,"15,000","$15,975.00 ",Dressage - Baroque,"is broken-in, is lunged, is worked on the ground"
16022,PRE,Mare,10 years,16 hh,Gray,Manacor,"7,900","$8,414.00 ",Breeding - Leisure,"is registered broodmare, is lunged, is easy to load"
16023,PRE,Mare,5 years,"15,3 hh",Gray,Manacor,"26,000","$27,691.00 ",Dressage - Doma Vaquera - Baroque - Breeding,"is broken-in, is lunged, is worked on the ground"
16024,PRE,Gelding,4 years,"16,1 hh",Gray,Manacor,"22,222","$23,667.00 ",Dressage - Doma Vaquera - Baroque - Leisure,"is broken-in, is lunged, is worked on the ground"
16025,Hanoverian,Gelding,10 years,"16,3 hh",Smoky-Black,Wilsdruff,"15,000","$15,975.00 ",Dressage - Vaulting - Leisure,"suitable for therapeutic riding, suitable for beginners, Reliable for trail riding"
16026,Westphalian,Gelding,4 years,16 hh,Brown,Dorsten,"40,000","$42,601.00 ",Dressage,
16027,Hanoverian,Gelding,8 years,"16,2 hh",Black,Georgsmarienhütte,"25,000","$26,626.00 ",Dressage - Vaulting,
16028,Hanoverian,Gelding,4 years,"16,3 hh",Black,Moers,"11,000","$11,715.00 ",Dressage - Leisure,"Green, is easy to load, Halter accustomed"
16029,Hanoverian,Gelding,3 years,"14,3 hh",Palomino,Moers,N/A,N/A,Dressage - Jumping,"is lunged, is easy to load, vet-check"
16030,Hanoverian,Mare,21 years,"16,1 hh",Chestnut,Moers,"2,500","$2,663.00 ",Breeding,"is registered broodmare, is easy to load, Passed Mare Performance Test"
16031,Pony of the Americas,Gelding,10 years,"12,3 hh",Buckskin,Ewing KY,N/A,"$3,500.00 ",Trail - Driving ,
16032,American Quarter Horse,Gelding,10 years,"12,3 hh",Buckskin,Ewing KY,N/A,"$3,500.00 ",Trail - Driving ,
16033,PRE,Stallion,10 years,"16,2 hh",Pearl,Manhay,N/A,N/A,Dressage - Baroque - Breeding ,
16034,KWPN,Stallion,5 years,16 hh,Brown,Gieten,"40,000","$42,601.00 ",Dressage ,
16035,Trakehner,Mare,2 years,N/A,N/A,Bühren,"7,000","$7,455.00 ",Dressage - Breeding - Eventing ,
16036,German Riding Horse,Stallion,1 year,N/A,N/A,Ettenbeuren,"8,500","$9,053.00 ",Dressage,
16037,German Riding Horse,Stallion,1 year,"16,2 hh",N/A,Ettenbeuren,"8,500","$9,053.00 ",Dressage,
16038,PRE,Stallion,4 years,"15,3 hh",Pearl,Provinz Cordoba,"40,000","$42,601.00 ",Breeding - Working Equitation - Baroque - Dressage ,
16039,Slovak Warmblood,Mare,5 years,16 hh,Chestnut,Mladá Boleslav,"15,000","$15,975.00 ",Jumping ,
16040,PRE,Mare,9 years,"15,1 hh",Dun,Provinz Malaga,"10,000","$10,650.00 ",Breeding - Leisure - Driving - Dressage ,
16041,Irish Sport Horse,Gelding,5 years,"14,2 hh",Dun,Down,"9,250","$9,851.00 ",Eventing - Hunting - Jumping - Hunter ,
16042,Holstein,Mare,1 year,N/A,N/A,Wardow,"10,000","$10,650.00 ",Jumping ,
16043,German Sport Horse,Gelding,5 years,"16,3 hh",Chestnut-Red,Brieselang,"13,000","$13,845.00 ",Dressage - Leisure ,
16044,Oldenburg,Mare,19 years,17 hh,Bay-Dark,Schladming,"1,000","$1,065.00 ",Dressage - Breeding ,
16045,Westphalian,Stallion,1 year,N/A,N/A,Dorsten,"3,600","$3,834.00 ",Dressage - Jumping - Leisure ,
16046,Oldenburg,Stallion,3 years,"15,1 hh",Bay-Dark,Radeburg,"20,000","$21,301.00 ",Dressage - Leisure ,
16047,Shetland Ponies,Mare,6 years,"8,3 hh",Black,radziejów,"1,100","$1,172.00 ",Leisure - Breeding ,
16048,Trakehner,Gelding,4 years,16 hh,Chestnut-Red,Bosau,"8,500","$9,053.00 ",Dressage - Eventing - Leisure - Driving ,
16049,Irish Sport Horse,Gelding,4 years,16 hh,Bay,Loughrea,"15,000","$15,975.00 ",Jumping - Eventing - Dressage ,
16050,Hanoverian,Stallion,1 year,N/A,N/A,Neu-Eichenberg,"7,500","$7,988.00 ",Dressage - Eventing - Leisure ,
16051,Spotted Saddle Horse,Mare,4 years,14 hh,Palomino,"Rockholds, KY",N/A,"$10,000.00 ",Gaited - Western allround - Trail - Western ,
16052,Shetland Ponies,Mare,6 years,"7,3 hh",Buckskin,Lodz,"2,500","$2,663.00 ",Breeding - Show ,
16053,Icelandic Horse,Mare,13 years,"14,1 hh",Brown,Lochen am See,"15,000","$15,975.00 ",Gaited - Show - Breeding - Leisure ,
16054,Shetland Ponies,Mare,5 years,"8,1 hh",Chestnut-Red,Lodz,"2,000","$2,130.00 ",Breeding - Show ,
16055,PRE,Gelding,6 years,"16,1 hh",Gray,Mallorca,"6,500","$6,923.00 ",Dressage - Working Equitation - Eventing - Leisure ,
16056,Andalusian,Gelding,4 years,"15,1 hh",Palomino,Provinz Cordoba,"5,900","$6,284.00 ",Leisure - Working Equitation - Vaulting - Dressage ,
16057,Tennessee walking horse,Gelding,7 years,16 hh,Roan-Blue,"Gillsville, GA",N/A,"$30,000.00 ",Gaited - Western allround - Trail - Hunting ,
16058,Holstein,Gelding,23 years,16 hh,Gray,Dillenburg,"1,000","$1,065.00 ",Leisure ,
16059,Mule,Gelding,11 years,"14,2 hh",Cremello,Bad Homburg vor der HöheBad Homburg,"3,500","$3,728.00 ",Leisure - Driving ,
16060,Tennessee walking horse,Gelding,13 years,15 hh,Buckskin,"Petersburg, TN",N/A,"$17,000.00 ",Gaited - Trail ,
16061,Austrian Warmblood,Stallion,1 year,N/A,N/A,Schöngumprechting,"10,000","$10,650.00 ",Dressage ,
16062,American Indian Horse,Mare,2 years,"14,2 hh",Chestnut,Hellenthal,"3,000","$3,195.00 ",Western - Leisure,
16063,Austrian Warmblood,Stallion,1 year,N/A,N/A,Schöngumprechting,"10,000","$10,650.00 ",Dressage ,
16064,Paint Horse,Stallion,1 year,"14,2 hh",Overo-all-colors,Hellenthal,"7,500","$7,988.00 ",Reining - Cutting - Western - Leisure,
16065,Paint Horse,Stallion,1 year,15 hh,Champagne,Hellenthal,"7,500","$7,988.00 ",Reining - Western - Leisure,
16066,Paint Horse,Stallion,1 year,15 hh,Grullo,Hellenthal,"5,900","$6,284.00 ",Western - Cutting - Reining - Leisure,
16067,KWPN,Gelding,5 years,"16,1 hh",Gray,Canterbury,N/A,"$19,590.00 ",Jumping - Hunting ,
16068,German Riding Pony,Gelding,14 years,"14,2 hh",Chestnut-Red,Großostheim,"40,000","$42,601.00 ",Dressage ,
16069,Arabian horses,Gelding,6 years,"14,3 hh",Gray,"Gaylord, MI",N/A,N/A,Trail - Western Pleasure - Show ,
16070,Trakehner,Mare,4 years,"16,1 hh",Brown,Walsrode,"12,000","$12,780.00 ",Eventing - Breeding - Leisure - Dressage ,
16071,Irish Sport Horse,Gelding,7 years,"13,1 hh",Pinto,Gummern,"3,800","$4,047.00 ",Leisure - Eventing - Jumping - Dressage,"is a companion, suitable as school horse/pony, is broken-in"
16072,Connemara,Mare,8 years,"14,1 hh",Gray,Gummern,"7,500","$7,988.00 ",Leisure - Eventing - Jumping - Dressage,"is a companion, is registered broodmare, suitable as school horse/pony"
16073,Oldenburg-International (OS),Gelding,6 years,"16,1 hh",Brown,Penig,"40,000","$42,601.00 ",Jumping - Hunter ,
16074,Tennessee walking horse,Gelding,13 years,14 hh,Tobiano-all-colors,"Rockholds, KY",N/A,"$12,000.00 ",Gaited - Trail - Breeding ,
16075,Silesian,Gelding,5 years,"16,1 hh",Black,KAMNIK,"10,000","$10,650.00 ",Driving - Hunting - Baroque - Dressage ,
16076,PRE,Gelding,7 years,"16,2 hh",Brown,Cardedeu,"7,000","$7,455.00 ",Dressage - Leisure,
16077,Missouri Foxtrotter,Gelding,10 years,15 hh,Black,"Otis Orchards, WA",N/A,"$14,000.00 ",Trail - Versatility Ranch Horse - Gaited ,
16078,Silesian,Stallion,3 years,"16,1 hh",Black,KAMNIK,"8,800","$9,372.00 ",Dressage - Hunting - Leisure - Driving ,
16079,Silesian,Stallion,3 years,"16,1 hh",Black,KAMNIK,"10,500","$11,183.00 ",Dressage - Hunting - Leisure - Driving ,
16080,Silesian,Stallion,3 years,"16,1 hh",Black,Kamnik,"15,900","$16,934.00 ",Driving - Hunting - Leisure - Dressage ,
16081,Trakehner,Stallion,1 year,"16,1 hh",Chestnut-Red,Abtsgmünd,"6,000","$6,390.00 ",Eventing - Endurance ,
16082,Lusitano,Mare,10 years,"16,1 hh",Brown,Valdecaballeros,"60,000","$63,902.00 ",Breeding - Dressage ,
16083,Lusitano,Stallion,3 years,"15,1 hh",Gray,Valdecaballeros,"4,600","$4,899.00 ",Baroque - Dressage ,
16084,Arabian Partbred,Gelding,4 years,15 hh,Tobiano-all-colors,Mörsdorf,"10,000","$10,650.00 ",Leisure - Working Equitation - Endurance - Dressage ,
16085,Oldenburg-International (OS),Gelding,9 years,"16,1 hh",Gray,Elmenhorst,N/A,N/A,Jumping - Eventing - Leisure - Dressage ,
16086,Fjord Horses,Stallion,1 year,N/A,N/A,Kamien Slaski,"1,500","$1,598.00 ",Driving - Breeding - Leisure ,
16087,Polish Coldblood,Mare,6 years,"15,3 hh",Brown,Eggermühlen,"8,350","$8,893.00 ",Leisure - Baroque ,
16088,PRE,Stallion,5 years,"15,2 hh",Black,Sigmarszell,"20,000","$21,301.00 ",Leisure - Working Equitation - Breeding - Dressage ,
16089,Mecklenburg Warmblood,Mare,4 years,16 hh,Brown,Lüttow-Valluhn,"6,000","$6,390.00 ",Dressage - Breeding - Leisure ,
16090,Friesian horses,Gelding,8 years,17 hh,Buckskin,"Lawrenceburg, KY",N/A,"$25,000.00 ",Trail - Western - Jumping ,
16091,Kentucky Mountain Saddle Horse,Gelding,3 years,15 hh,Tobiano-all-colors,"Breeding, KY",N/A,"$15,000.00 ",Trail - Gaited - Western ,
16092,Tennessee walking horse,Gelding,9 years,14 hh,Black,"Whitley City, KY",N/A,"$25,000.00 ",Trail - Gaited - Western ,
16093,Missouri Foxtrotter,Mare,11 years,14 hh,Buckskin,"Park Hills, MO",N/A,"$9,000.00 ",Trail - Western allround - Gaited ,
16094,Tennessee walking horse,Gelding,5 years,15 hh,Palomino,Thomasville,N/A,"$15,000.00 ",Gaited - Western allround - Trail - Hunting ,
16095,Tennessee walking horse,Gelding,11 years,15 hh,Buckskin,"Whitley City, KY",N/A,"$10,000.00 ",Gaited - Western allround - Trail ,
16096,American Quarter Horse,Gelding,2 years,"14,1 hh",Black,Itegem,"12,000","$12,780.00 ",Western allround - Western Pleasure ,
16097,Lusitano,Mare,9 years,"15,2 hh",Gray,Valdecaballeros,"4,400","$4,686.00 ",Breeding ,
16098,German Riding Pony,Gelding,2 years,N/A,N/A,Reichelsheim,"3,990","$4,249.00 ",Dressage - Jumping ,
16099,Lusitano,Mare,9 years,"15,2 hh",Gray,Valdecaballeros,"4,400","$4,686.00 ",Breeding ,
16100,Andalusian,Gelding,5 years,"15,1 hh",Brown,Vejer de la Frontera,"10,000","$10,650.00 ",Leisure - Baroque - Dressage ,
16101,Andalusian,Stallion,6 years,"15,1 hh",Smoky-Black,Vejer de la Frontera,"10,000","$10,650.00 ",Leisure - Working Equitation - Baroque ,
16102,Hanoverian,Mare,4 years,16 hh,Black,HamburgHamburg,"15,000","$15,975.00 ",Dressage ,
16103,Lusitano,Mare,4 years,"16,2 hh",Brown,Ribamar,"50,000","$53,251.00 ",Dressage - Breeding ,
16104,Friesian horses,Mare,12 years,17 hh,Black,Prague 1,N/A,N/A,Baroque - Show - Breeding - Dressage ,
16105,Westphalian,Gelding,7 years,"16,3 hh",Gray,Iserlohn,"32,000","$34,081.00 ",Jumping - Dressage,
16106,Westphalian,Mare,8 years,16 hh,Brown,Iserlohn,"28,000","$29,821.00 ",Dressage - Jumping,
16107,Westphalian,Mare,7 years,"16,3 hh",Brown,Iserlohn,"30,000","$31,951.00 ",Dressage,
16108,Westphalian,Gelding,5 years,16 hh,Chestnut,Iserlohn,"20,000","$21,301.00 ",Dressage,
16109,Westphalian,Gelding,5 years,"16,1 hh",Chestnut-Red,Iserlohn,"25,000","$26,626.00 ",Dressage,
16110,Westphalian,Mare,5 years,"16,1 hh",Chestnut-Red,Iserlohn,"40,000","$42,601.00 ",Dressage,
16111,Hanoverian,Gelding,10 years,17 hh,Chestnut-Red,Iserlohn,"10,000","$10,650.00 ",Dressage,
16112,Westphalian,Mare,6 years,16 hh,Brown,Iserlohn,"22,000","$23,431.00 ",Dressage,
16113,Hanoverian,Mare,4 years,"16,2 hh",Gray-Blue-Tan,Neukalen,"9,800","$10,437.00 ",Jumping ,
16114,Hanoverian,Gelding,5 years,18 hh,Bay-Dark,Dreumel,N/A,N/A,Dressage ,
16115,Oldenburg,Mare,1 year,N/A,N/A,Ostbevern,"8,000","$8,520.00 ",Dressage ,
16116,Kentucky Mountain Saddle Horse,Mare,8 years,15 hh,Gray,"Gerald, MO",N/A,"$8,499.00 ",Trail - Western allround - Versatility Ranch Horse - Western ,
16117,German Riding Pony,Mare,5 years,"14,1 hh",Brown,Süderlügum,"10,000","$10,650.00 ",Dressage - Jumping - Hunter - Leisure ,
16118,Welsh B,Gelding,5 years,"12,3 hh",Gray,Süderlügum,"5,000","$5,325.00 ",Leisure - Jumping - Hunter - Dressage ,
16119,Spotted Saddle Horse,Mare,7 years,14 hh,Roan-Blue,"Sneedville, TENNESSE",N/A,"$10,000.00 ",Gaited - Trail ,
16120,German Riding Horse,Stallion,1 year,"13,3 hh",Bay-Dark,Varel Dangastermoor,"2,300","$2,450.00 ",Dressage ,
16121,American Quarter Horse,Gelding,11 years,15 hh,Roan-Bay,Paicines CA,N/A,"$3,500.00 ",Trail - Versatility Ranch Horse ,
16122,American Quarter Horse,Gelding,8 years,"15,1 hh",Palomino,Pleasant Grove CA,N/A,"$3,500.00 ",Trail - Versatility Ranch Horse ,
16123,American Quarter Horse,Gelding,12 years,15 hh,Buckskin,Paicines CA,N/A,"$3,500.00 ",Trail - Versatility Ranch Horse ,
16124,American Quarter Horse,Gelding,12 years,15 hh,Roan-Bay,Weatherford TX,N/A,"$3,500.00 ",Trail - Versatility Ranch Horse ,
16125,Draft Horse,Gelding,11 years,16 hh,Tobiano-all-colors,NEvis Mn,N/A,"$3,500.00 ",Trail - Versatility Ranch Horse ,
16126,Draft Horse,Gelding,11 years,16 hh,Tobiano-all-colors,Nevis MN,N/A,"$3,500.00 ",Trail - Versatility Ranch Horse ,
16127,American Quarter Horse,Gelding,7 years,14 hh,Sorrel,"Stephenville, TX",N/A,"$20,000.00 ",Versatility Ranch Horse - Western allround - Trail - Western Pleasure ,
16128,American Quarter Horse,Gelding,6 years,"15,1 hh",Buckskin,Weatherford TX,N/A,"$3,500.00 ",Trail - Versatility Ranch Horse ,
16129,American Quarter Horse,Gelding,7 years,"14,3 hh",Buckskin,Weatherford TX,N/A,"$3,500.00 ",Trail - Versatility Ranch Horse ,
16130,American Quarter Horse,Gelding,7 years,"14,3 hh",Buckskin,Weatherford TX,N/A,"$3,500.00 ",Trail - Versatility Ranch Horse ,
16131,Paint Horse,Gelding,13 years,15 hh,Buckskin,Stephenville TX,N/A,"$3,500.00 ",Trail - Versatility Ranch Horse ,
16132,American Quarter Horse,Gelding,13 years,15 hh,Buckskin,Stephenville TX,N/A,"$3,500.00 ",Trail - Versatility Ranch Horse ,
16133,Paint Horse,Mare,8 years,N/A,N/A,Adair OK,N/A,"$3,500.00 ",Trail - Versatility Ranch Horse ,
16134,American Quarter Horse,Mare,8 years,N/A,N/A,Adair OK,N/A,"$3,500.00 ",Trail - Versatility Ranch Horse ,
16135,American Quarter Horse,Gelding,11 years,15 hh,Roan-Red,Robards KY,N/A,"$3,500.00 ",Trail - Versatility Ranch Horse ,
16136,American Quarter Horse,Gelding,8 years,"15,2 hh",Gray,"Howell, MI",N/A,"$3,500.00 ",Trail - Versatility Ranch Horse ,
16137,American Quarter Horse,Gelding,8 years,"15,2 hh",Gray,Howell MI,N/A,"$3,500.00 ",Trail - Versatility Ranch Horse ,
16138,Mule,Gelding,9 years,"15,2 hh",Black,Moscow OH,N/A,"$3,500.00 ",Trail - Versatility Ranch Horse ,
16139,American Quarter Horse,Gelding,9 years,N/A,N/A,Moscow OH,N/A,"$3,500.00 ",Trail - Versatility Ranch Horse ,
16140,Mule,Mare,9 years,N/A,N/A,Brooksville Ky,N/A,"$3,500.00 ",Trail - Versatility Ranch Horse ,
16141,American Quarter Horse,Mare,9 years,N/A,N/A,Brooksville Ky,N/A,"$3,500.00 ",Trail - Versatility Ranch Horse ,
16142,Friesian horses,Gelding,7 years,14 hh,Black,Howell MI,N/A,"$3,500.00 ",Trail - Jumping ,
16143,American Quarter Horse,Gelding,16 years,"14,2 hh",Palomino,Weatherford TX,N/A,"$3,500.00 ",Trail - Versatility Ranch Horse ,
16144,Holstein,Mare,1 year,N/A,N/A,Bergisch Gladbach,"8,000","$8,520.00 ",Jumping - Breeding ,
16145,Anglo European Studbook,Mare,1 year,16 hh,Brown,Stafford,N/A,N/A,Dressage,
16146,PRE,Mare,7 years,"16,2 hh",Black,Galaroza (Hueva),"10,000","$10,650.00 ",Breeding ,
16147,PRE,Stallion,5 years,"15,2 hh",Gray-Dark-Tan,Vejer de la Frontera,"15,000","$15,975.00 ",Leisure - Baroque - Dressage ,
16148,PRE,Stallion,9 years,17 hh,Gray-Dapple,Vilanova I La Geltru,"40,000","$42,601.00 ",Dressage - Gaited - Breeding - Mating ,
16149,Slovak Warmblood,Gelding,7 years,"17,3 hh",Gray,Tuhaň,"70,000","$74,552.00 ",Jumping ,
16150,Welsh B,Gelding,5 years,"12,3 hh",Gray,Süderlügum,"5,000","$5,325.00 ",Dressage - Jumping - Hunter ,
16151,Oldenburg-International (OS),Mare,6 years,"15,2 hh",Brown,Visselhövede,"17,000","$18,105.00 ",Jumping - Breeding - Eventing - Leisure ,
16152,Andalusian,Mare,5 years,"15,3 hh",Gray,Faversham,N/A,N/A,Dressage - Baroque - Breeding - Leisure ,
16153,Icelandic Horse,Mare,5 years,N/A,N/A,Straßwalchen,"15,000","$15,975.00 ",Gaited - Breeding - Leisure,"Reliable for trail riding, is allrounder, is 4-gaited"
16154,PRE,Mare,5 years,"15,3 hh",Gray,Faversham,N/A,N/A,Dressage - Baroque - Breeding - Leisure ,
16155,Lusitano,Stallion,2 years,"16,2 hh",Palomino,Ribamar,"25,000","$26,626.00 ",Dressage - Working Equitation - Show - Breeding ,
16156,Lusitano,Gelding,3 years,"16,1 hh",Cremello,Ribamar,"25,000","$26,626.00 ",Dressage - Equitation Portugesa - Working Equitation - Show ,
16157,German Riding Pony,Gelding,6 years,"14,1 hh",Chestnut-Red,Iggingen,"15,000","$15,975.00 ",Dressage - Jumping - Leisure ,
16158,Brandenburg Warmblood,Gelding,23 years,"17,1 hh",N/A,Niebüll,800,$852.00 ,Leisure ,
16159,Menorquin,Stallion,2 years,16 hh,Black,Menorca,N/A,N/A,Dressage - Working Equitation - Eventing - Leisure ,
16160,Menorquin,Mare,3 years,15 hh,Black,Menorca,"10,000","$10,650.00 ",Dressage - Working Equitation - Eventing - Leisure ,
16161,Welsh PB (Partbred),Stallion,3 years,"13,1 hh",Gray,Gieten,"4,750","$5,059.00 ",Dressage ,
16162,Holstein,Stallion,1 year,"16,1 hh",Gray,Averlak,N/A,N/A,Jumping - Breeding - Eventing ,
16163,Hanoverian,Mare,5 years,"16,1 hh",Brown,Tiddische,"20,000","$21,301.00 ",Dressage - Jumping ,
16164,Kisber,Gelding,9 years,"16,1 hh",Palomino,Ampflwang,"12,000","$12,780.00 ",Leisure - Dressage ,
16165,Bavarian Warmblood,Mare,6 years,"16,2 hh",Brown,Lengenfeld unterm Stein,"15,000","$15,975.00 ",Jumping - Eventing - Dressage,
16166,Bavarian Warmblood,Gelding,8 years,"16,3 hh",Bay-Dark,Erharting,N/A,N/A,Dressage ,
16167,American Quarter Horse,Gelding,4 years,"15,1 hh",Chestnut-Red,Büttelborn,"40,000","$42,601.00 ",Western - Reining ,
16168,Oldenburg,Mare,1 year,"16,1 hh",Bay-Dark,Bramsche,"10,000","$10,650.00 ",Dressage - Hunter under saddle - Jumping - Leisure,
16169,German Riding Pony,Gelding,6 years,"14,1 hh",Smoky-Black,GundelfingenGundelfingen,N/A,N/A,Dressage - Jumping ,
16170,German Riding Pony,Gelding,4 years,"14,1 hh",Chestnut,Ahrensburg,"40,000","$42,601.00 ",Dressage - Breeding - Jumping - Leisure ,
16171,Hanoverian,Mare,7 years,"16,2 hh",Brown,Kutenholz,"45,000","$47,926.00 ",Dressage ,
16172,Oldenburg,Stallion,1 year,N/A,N/A,Flachau,"13,000","$13,845.00 ",Dressage - Breeding ,
16173,Spanish Sporthorse,Mare,2 years,15 hh,Buckskin,NAVAS DEL MADRONO,"10,000","$10,650.00 ",Dressage ,
16174,Menorquin,Stallion,4 years,15 hh,Black,Menorca,"5,900","$6,284.00 ",Leisure - Working Equitation - Driving - Dressage ,
16175,PRE,Mare,3 years,"15,1 hh",Perlino,Bourtange,"10,000","$10,650.00 ",Baroque - Working Equitation - Leisure - Dressage ,
16176,KWPN,Mare,4 years,"16,3 hh",Bay-Dark,Dreumel,N/A,N/A,Dressage ,
16177,Welsh C (of Cob Type),Stallion,1 year,"13,1 hh",Brown,Meerbusch,"1,500","$1,598.00 ",Leisure ,
16178,Welsh D (Cob),Stallion,3 years,"14,2 hh",Brown,Meerbusch,"4,500","$4,793.00 ",Leisure - Show - Breeding - Driving ,
16179,Welsh B,Mare,15 years,13 hh,Chestnut-Red,Meerbusch,"1,800","$1,917.00 ",Leisure ,
16180,Welsh D (Cob),Mare,3 years,"14,2 hh",Brown,Meerbusch,"4,900","$5,219.00 ",Leisure ,
16181,Welsh D (Cob),Mare,3 years,"15,1 hh",Bay-Dark,Meerbusch,"4,500","$4,793.00 ",Leisure ,
16182,German Riding Pony,Mare,5 years,14 hh,Brown,Süderlügum,N/A,N/A,Dressage - Jumping - Leisure ,
16183,Welsh A (Mountain Pony),Mare,4 years,"11,2 hh",Chestnut-Red,Meerbusch,"2,500","$2,663.00 ",Driving ,
16184,Spanish Sporthorse,Stallion,1 year,N/A,N/A,NAVAS DEL MADRONO,"10,000","$10,650.00 ",Dressage ,
16185,PRE,Mare,11 years,16 hh,Brown,Almonte,"10,000","$10,650.00 ",Leisure ,
16186,PRE,Stallion,7 years,"15,2 hh",Gray-Dapple,Puerto Lumbreras,"10,000","$10,650.00 ",Leisure - Baroque ,
16187,PRE,Stallion,5 years,16 hh,Gray-Dapple,Vejer de la Fronera,"40,000","$42,601.00 ",Dressage - Working Equitation - Baroque ,
16188,PRE,Stallion,6 years,"16,1 hh",Gray-Dapple,Vejer de la Frontera,"100,000","$106,503.00 ",Dressage - Breeding ,
16189,PRE,Stallion,4 years,"15,2 hh",Gray,Tabernas Almeria,"10,000","$10,650.00 ",Dressage - Baroque ,
16190,PRE,Stallion,6 years,"15,2 hh",Gray-Blue-Tan,Rafelguaraf,"10,000","$10,650.00 ",Dressage ,
16191,Westphalian,Gelding,4 years,17 hh,Chestnut-Red,Münster,"17,000","$18,105.00 ",Dressage - Leisure ,
16192,Oldenburg,Mare,1 year,"16,2 hh",Bay-Dark,Visbek,"5,500","$5,858.00 ",Dressage - Breeding - Jumping - Leisure ,
16193,PRE,Stallion,6 years,"15,3 hh",Gray-Dapple,Rafelguaraf,"40,000","$42,601.00 ",Dressage ,
16194,PRE,Stallion,5 years,"16,1 hh",Gray,Rafelguaraf,"40,000","$42,601.00 ",Dressage - Leisure ,
16195,PRE,Stallion,5 years,"16,1 hh",Gray-Dapple,Rafelguaraf,"40,000","$42,601.00 ",Dressage - Leisure ,
16196,PRE,Stallion,6 years,16 hh,Gray-Dapple,Rafelguaraf,"40,000","$42,601.00 ",Dressage - Leisure ,
16197,American Quarter Horse,Gelding,21 years,"15,1 hh",Chestnut-Red,Gäufelden,"1,000","$1,065.00 ",Leisure - Western ,
16198,Missouri Foxtrotter,Gelding,13 years,15 hh,Palomino,Houston MO,N/A,"$65,483.00 ",Western - Trail ,
16199,American Quarter Horse,Gelding,10 years,N/A,N/A,Gladstone,N/A,"$10,000.00 ",Versatility Ranch Horse - Trail ,
16200,Lusitano,Stallion,11 years,16 hh,Gray,NAVAS DEL MADRONO,"70,000","$74,552.00 ",Dressage ,
16201,American Quarter Horse,Gelding,9 years,N/A,N/A,Gladstone,N/A,"$10,000.00 ",Versatility Ranch Horse - Trail ,
16202,Arabian horses,Gelding,3 years,"14,2 hh",Gray,Herzberg am Harz,"3,500","$3,728.00 ",Leisure - Endurance - Western ,
16203,Czech Warmblood,Mare,12 years,"16,2 hh",Brown,Ceske Budejovice,"7,900","$8,414.00 ",Leisure - Eventing - Jumping ,
16204,PRE,Stallion,6 years,"15,2 hh",Cremello,Vejer de la Frontera,"40,000","$42,601.00 ",Dressage - Baroque - Breeding ,
16205,Oldenburg,Mare,5 years,N/A,N/A,Fuldabrück,"6,000","$6,390.00 ",Dressage - Breeding ,
16206,Trakehner,Mare,1 year,"16,2 hh",Brown,Burgstädt,"10,000","$10,650.00 ",Dressage - Show - Jumping - Leisure ,
16207,Westphalian,Stallion,3 years,"16,1 hh",Black,Paderborn,N/A,N/A,Dressage - Breeding - Leisure - Driving ,
16208,PRE Mix,Mare,10 years,"16,2 hh",Chestnut,NAVAS DEL MADRONO,"100,000","$106,503.00 ",Dressage ,
16209,PRE,Stallion,6 years,"17,2 hh",Bay-Dark,Mallorca,N/A,N/A,Dressage - Working Equitation - Baroque - Leisure ,
16210,Andalusian,Mare,18 years,"15,1 hh",Smoky-Black,Barbate (San Ambrosio),"5,700","$6,071.00 ",Leisure - Working Equitation - Trail - Dressage ,
16211,PRE,Mare,5 years,"15,1 hh",Dun,Provinz Cordoba,"10,000","$10,650.00 ",Breeding - Working Equitation - Leisure - Dressage ,
16212,Other Breeds Mix,Gelding,4 years,16 hh,Overo-all-colors,MADRID,"10,000","$10,650.00 ",Dressage - Leisure ,
16213,New Forest Pony,Stallion,10 years,"14,2 hh",Brown,Voorthuizen,"25,000","$26,626.00 ",Jumping,"suitable as school horse/pony, suitable for therapeutic riding, suitable for beginners"
16214,PRE,Stallion,8 years,"15,2 hh",Gray,Vejer de la Frontera,"15,000","$15,975.00 ",Baroque ,
16215,PRE,Mare,6 years,16 hh,Gray,Wiebelsheim,"8,600","$9,159.00 ",Leisure - Baroque - Dressage ,
16216,Trakehner,Stallion,1 year,"16,1 hh",Bay-Dark,Densborn,"5,000","$5,325.00 ",Dressage - Eventing ,
16217,Trakehner,Mare,1 year,N/A,N/A,Gotha,"10,000","$10,650.00 ",Dressage ,
16218,Trakehner,Stallion,1 year,N/A,N/A,Gotha,"10,000","$10,650.00 ",Dressage ,
16219,Pony of the Americas,Gelding,6 years,"9,3 hh",Bay,Weatherford TX,N/A,"$3,500.00 ",Trail - Versatility Ranch Horse ,
16220,American Quarter Horse,Gelding,6 years,15 hh,Chestnut,Paicines CA,N/A,"$3,500.00 ",Trail - Versatility Ranch Horse ,
16221,Mule,Gelding,13 years,N/A,N/A,Bitterwater CA,N/A,"$3,500.00 ",Trail - Versatility Ranch Horse ,
16222,American Quarter Horse,Mare,6 years,"15,1 hh",Palomino,Paicines CA,N/A,"$3,500.00 ",Trail - Versatility Ranch Horse ,
16223,American Quarter Horse,Gelding,13 years,"15,1 hh",Buckskin,Valley Springs CA,N/A,"$3,500.00 ",Trail - Versatility Ranch Horse ,
16224,Andalusian,Gelding,8 years,"15,1 hh",Gray,Pleasant Grove CA,N/A,"$3,500.00 ",Trail - Versatility Ranch Horse ,
16225,American Quarter Horse,Gelding,8 years,N/A,N/A,Stephenville Tx,N/A,"$3,500.00 ",Trail - Versatility Ranch Horse ,
16226,American Quarter Horse,Gelding,13 years,N/A,N/A,Stephenville TX,N/A,"$3,500.00 ",Trail - Versatility Ranch Horse ,
16227,American Quarter Horse,Gelding,9 years,N/A,N/A,Weatherford Tx,N/A,"$3,500.00 ",Trail - Versatility Ranch Horse ,
16228,American Quarter Horse,Gelding,5 years,"14,1 hh",Bay,Scottsdale AZ,N/A,"$3,500.00 ",Trail - Versatility Ranch Horse ,
16229,Friesian horses,Mare,8 years,16 hh,Black,Flemingsburg KY,N/A,"$3,500.00 ",Trail - Driving ,
16230,Paint Horse,Mare,11 years,15 hh,Dun,Granbury TX,N/A,"$3,500.00 ",Trail - Versatility Ranch Horse ,
16231,American Quarter Horse,Mare,11 years,15 hh,Dun,Granbury TX,N/A,"$3,500.00 ",Trail - Versatility Ranch Horse ,
16232,American Quarter Horse,Gelding,6 years,16 hh,Gray,Warsaw KY,N/A,"$3,499.00 ",Trail - Versatility Ranch Horse ,
16233,American Quarter Horse,Mare,7 years,14 hh,Chestnut,Scottsdale AZ,N/A,"$3,500.00 ",Trail - Versatility Ranch Horse ,
16234,Paint Horse,Gelding,13 years,"14,3 hh",Tobiano-all-colors,Brooksville ky,N/A,"$3,500.00 ",Trail - Versatility Ranch Horse ,
16235,American Quarter Horse,Gelding,13 years,"14,3 hh",Tobiano-all-colors,Brooksville KY,N/A,"$3,500.00 ",Trail - Versatility Ranch Horse ,
16236,Hanoverian,Mare,1 year,16 hh,Brown,Heidenrod,"5,500","$5,858.00 ",Dressage - Jumping - Leisure,
16237,Mule,Gelding,12 years,15 hh,Bay,destin FL,N/A,"$3,500.00 ",Trail - Versatility Ranch Horse ,
16238,Tennessee walking horse,Gelding,12 years,15 hh,Bay,"Destin, FL",N/A,"$3,500.00 ",Trail - Versatility Ranch Horse ,
16239,Mule,Mare,10 years,"15,2 hh",Bay,Cleveland TN,N/A,"$3,500.00 ",Trail - Versatility Ranch Horse ,
16240,Hanoverian,Mare,6 years,16 hh,Brown,Kutenholz,"28,000","$29,821.00 ",Dressage ,
16241,American Morgan Horse,Gelding,6 years,N/A,N/A,Weatherford TX,N/A,"$3,500.00 ",Trail - Gaited ,
16242,American Quarter Horse,Gelding,13 years,12 hh,Brown,wallingford Ky,N/A,"$3,500.00 ",Trail - Versatility Ranch Horse ,
16243,Trakehner,Stallion,1 year,N/A,N/A,Laage OT Breesen,"5,500","$5,858.00 ",Eventing - Jumping - Leisure - Dressage ,
16244,Fell pony,Mare,6 years,"13,2 hh",Black,Santok,"8,500","$9,053.00 ",Leisure - Driving - Dressage ,
16245,Mecklenburg Warmblood,Mare,1 year,N/A,N/A,Bütow,N/A,N/A,Dressage ,
16246,Holstein Mix,Stallion,1 year,"17,1 hh",Chestnut,Langenau,N/A,N/A,Dressage - Jumping ,
16247,Hanoverian,Mare,1 year,17 hh,Chestnut,Langenau,N/A,N/A,Jumping - Eventing - Dressage ,
16248,Hanoverian,Mare,1 year,"16,2 hh",Can be white,Langenau,N/A,N/A,Jumping - Dressage ,
16249,Zangersheider,Stallion,1 year,"16,2 hh",Palomino,Mücheln (Geiseltal),"6,800","$7,242.00 ",Jumping - Breeding - Eventing - Hunter ,
16250,Zangersheider,Stallion,2 years,16 hh,Buckskin,Mücheln (Geiseltal)Mücheln,"7,800","$8,307.00 ",Jumping - Breeding - Eventing - Hunter ,
16251,Paso Fino,Mare,1 year,14 hh,Sorrel,"Poplarville, MS",N/A,"$5,000.00 ",Trail - Versatility Ranch Horse ,
16252,Paso Fino,Mare,1 year,14 hh,Bay,"Poplarville, MS",N/A,"$5,000.00 ",Gaited - Western allround ,
16253,Missouri Foxtrotter,Mare,10 years,15 hh,Sorrel,"Park Hills, MO",N/A,"$7,000.00 ",Gaited - Western allround - Versatility Ranch Horse - Trail ,
16254,Tennessee walking horse,Gelding,4 years,15 hh,Bay,"Murfreesboro, TN",N/A,"$8,500.00 ",Trail - Gaited - Western - Dressage ,
16255,Noriker,Gelding,2 years,N/A,N/A,Wakendorf II,"2,100","$2,237.00 ",Leisure ,
16256,Trakehner,Stallion,1 year,"16,1 hh",Black,Wolfhagen,"10,000","$10,650.00 ",Eventing ,
16257,Trakehner,Stallion,1 year,"16,1 hh",Brown,Scharbeutz,"15,000","$15,975.00 ",Dressage ,
16258,Trakehner,Mare,1 year,"16,1 hh",Brown,Scharbeutz,"15,000","$15,975.00 ",Dressage ,
16259,Thoroughbred,Mare,7 years,16 hh,Bay-Dark,Karstädt,"4,500","$4,793.00 ",Racing horses - Breeding,
16260,Missouri Foxtrotter,Mare,16 years,14 hh,Buckskin,"Whitley City, KY",N/A,"$7,500.00 ",Trail - Western allround - Gaited ,
16261,Westphalian,Stallion,1 year,N/A,N/A,Schotten,"2,900","$3,089.00 ",Jumping ,
16262,Hanoverian,Mare,18 years,"16,1 hh",Brown,Schotten,"10,000","$10,650.00 ",Breeding ,
16263,Oldenburg,Mare,1 year,N/A,N/A,Südbrookmerland,"8,000","$8,520.00 ",Dressage ,
16264,New Forest Pony,Mare,18 years,12 hh,Gray,Folkestone,N/A,"$8,877.00 ",Jumping ,
16265,American Quarter Horse,Gelding,1 year,15 hh,Buckskin,Chambers,N/A,"$3,500.00 ",Western allround - Cowhorse ,
16266,American Quarter Horse,Mare,2 years,14 hh,Gray,Chambers,N/A,"$4,000.00 ",Cowhorse - Western allround ,
16267,American Quarter Horse,Gelding,1 year,15 hh,Black,Chambers,N/A,"$3,500.00 ",Cowhorse - Western allround ,
16268,American Quarter Horse,Stallion,1 year,15 hh,Gray,Chambers,N/A,"$3,500.00 ",Cowhorse - Western ,
16269,Andalusian,Gelding,8 years,"16,2 hh",Bay,Jaen,"7,500","$7,988.00 ",Dressage ,
16270,Quarter Pony,Gelding,9 years,"12,2 hh",Bay,"Coatesville, PA",N/A,N/A,Trail - Jumping ,
16271,Criollo,Mare,11 years,"15,1 hh",Chestnut,"Manhattan, IL",N/A,N/A,Trail - English Pleasure - Western Pleasure - Endurance ,
16272,American Quarter Horse,Stallion,1 year,15 hh,Brown,Chambers,N/A,"$3,000.00 ",Western allround - Cowhorse ,
16273,German Riding Pony,Gelding,7 years,"14,2 hh",Palomino,Fürstenau,"15,900","$16,934.00 ",Dressage - Jumping - Leisure ,
16274,American Quarter Horse,Mare,1 year,15 hh,Sorrel,Chambers,N/A,"$3,000.00 ",Western allround - Cowhorse ,
16275,PRE Mix,Stallion,14 years,"15,3 hh",Brown,Malaga,"45,000","$47,926.00 ",Dressage ,
16276,PRE,Mare,4 years,"15,2 hh",Gray,Malaga,"7,500","$7,988.00 ",Dressage ,
16277,PRE Mix,Stallion,4 years,16 hh,Dun,Hamburg,"20,000","$21,301.00 ",Baroque - Working Equitation - Show - Dressage ,
16278,Gypsy Horse,Gelding,8 years,"14,1 hh",Pinto,Lathen,"4,400","$4,686.00 ",Leisure ,
16279,Gypsy Horse,Gelding,4 years,"13,2 hh",Pinto,Lathen,"4,400","$4,686.00 ",Leisure ,
16280,Pintos,Gelding,4 years,"13,3 hh",Pinto,Lathen,"4,400","$4,686.00 ",Leisure ,
16281,Pintos,Mare,5 years,14 hh,Pinto,Lathen,"4,400","$4,686.00 ",Leisure ,
16282,German Sport Horse,Gelding,5 years,"16,3 hh",Brown,Neuruppin,"40,000","$42,601.00 ",Jumping ,
16283,German Sport Horse,Gelding,12 years,"17,2 hh",Brown,NeuruppinNeuruppin,N/A,N/A,Jumping ,
16284,German Sport Horse,Mare,6 years,16 hh,Brown,Ebreichsdorf,"70,000","$74,552.00 ",Jumping - Dressage ,
16285,Donkey,Mare,1 year,N/A,N/A,Süderlügum,999,"$1,064.00 ",Leisure ,
16286,Donkey,Stallion,2 years,"13,1 hh",Black,"BERGA, BARCELONA","1,500","$1,598.00 ",Breeding ,
16287,Donkey,Mare,2 years,"13,1 hh",Black,"BERGA, BARCELONA","2,500","$2,663.00 ",Breeding ,
16288,Donkey,Mare,2 years,"13,2 hh",Black,"BERGA, CATALUNYA","3,800","$4,047.00 ",Breeding - Trail ,
16289,German Sport Horse,Mare,1 year,"16,2 hh",Gray,Gadow,"10,000","$10,650.00 ",Jumping - Breeding - Eventing - Dressage ,
16290,German Riding Pony,Mare,1 year,"14,2 hh",Cremello,Gadow,"6,000","$6,390.00 ",Jumping - Eventing - Leisure - Dressage ,
16291,Oldenburg-International (OS),Stallion,1 year,N/A,N/A,Trockenborn,"5,000","$5,325.00 ",Jumping ,
16292,German Sport Horse,Mare,11 years,"16,1 hh",Gray,Gadow,N/A,N/A,Jumping - Breeding ,
16293,American Quarter Horse,Stallion,1 year,"14,2 hh",Red Dun,Villingen-Schwenningen,"10,000","$10,650.00 ",Western allround - Trail - Reining ,
16294,Missouri Foxtrotter,Gelding,8 years,"15,2 hh",Bay,Mount Vernon,N/A,"$17,500.00 ",Trail - Versatility Ranch Horse ,
16295,Mule,Gelding,8 years,"15,2 hh",Bay,Mount Vernon,N/A,"$17,500.00 ",Trail - Versatility Ranch Horse ,
16296,Tennessee walking horse,Gelding,8 years,"15,2 hh",Bay,Mount Vernon,N/A,"$17,500.00 ",Trail - Versatility Ranch Horse ,
16297,PRE Mix,Gelding,6 years,"16,2 hh",Gray,NAVAS DEL MADRONO,"40,000","$42,601.00 ",Dressage ,
16298,American Quarter Horse,Gelding,10 years,15 hh,Roan-Blue,Mount Vernon,N/A,"$15,000.00 ",Versatility Ranch Horse - Trail ,
16299,Paint Horse,Gelding,12 years,"15,1 hh",Buckskin,Mount Vernon,N/A,"$16,500.00 ",Trail - Versatility Ranch Horse ,
16300,American Quarter Horse,Gelding,12 years,"15,1 hh",Buckskin,Mount Vernon,N/A,"$16,500.00 ",Trail - Versatility Ranch Horse ,
16301,American Quarter Horse,Gelding,14 years,N/A,N/A,Mount Vernon,N/A,"$17,500.00 ",Versatility Ranch Horse - Trail ,
16302,German Sport Horse,Mare,1 year,N/A,N/A,Osterburg,"4,000","$4,260.00 ",Dressage - Breeding - Leisure ,
16303,German Sport Horse,Gelding,2 years,N/A,N/A,Rhinow,"10,000","$10,650.00 ",Jumping - Eventing - Leisure - Dressage ,
16304,Connemara,Gelding,4 years,"14,2 hh",N/A,Loughrea,"10,000","$10,650.00 ",Eventing - Jumping - Dressage ,
16305,Connemara,Gelding,12 years,"14,1 hh",Cremello,Bad König,"25,000","$26,626.00 ",Dressage - Jumping ,
16306,Andalusian,Stallion,4 years,15 hh,Cremello,Vejer de la Frontera,"10,000","$10,650.00 ",Leisure - Baroque ,
16307,Hispano Arabian,Stallion,5 years,"15,1 hh",Brown,Vejer de la Frontera,"10,000","$10,650.00 ",Leisure ,
16308,American Quarter Horse,Gelding,14 years,"14,2 hh",Chestnut,Pleasant Grove CA,N/A,"$3,500.00 ",Trail - Versatility Ranch Horse ,
16309,American Quarter Horse,Gelding,13 years,"14,3 hh",Roan-Red,Stephenville TX,N/A,"$3,500.00 ",Trail - Versatility Ranch Horse ,
16310,Appaloosa,Gelding,13 years,"14,3 hh",Roan-Red,Stephenville TX,N/A,"$3,500.00 ",Trail - Versatility Ranch Horse ,
16311,American Quarter Horse,Gelding,12 years,N/A,N/A,Weatherford TX,N/A,"$3,500.00 ",Trail - Versatility Ranch Horse ,
16312,American Quarter Horse,Mare,7 years,N/A,N/A,Paicines CA,N/A,"$3,500.00 ",Trail - Versatility Ranch Horse ,
16313,American Quarter Horse,Gelding,15 years,15 hh,Buckskin,Pleasant Grove CA,N/A,"$3,500.00 ",Trail - Versatility Ranch Horse ,
16314,PRE Mix,Stallion,7 years,"16,1 hh",Brown,Navas Del Madroño,"40,000","$42,601.00 ",Eventing,
16315,Thoroughbred,Mare,3 years,"15,2 hh",Chestnut-Red,LA AZOTEA GRANDE,N/A,N/A,Racing horses - Polo - Jumping - Leisure,is easy to load
16316,American Quarter Horse,Gelding,11 years,"14,1 hh",Palomino,Granbury TX,N/A,"$3,500.00 ",Trail - Versatility Ranch Horse ,
16317,American Quarter Horse,Gelding,13 years,15 hh,Palomino,Paicines CA,N/A,"$3,500.00 ",Trail - Versatility Ranch Horse ,
16318,Mule,Gelding,14 years,"15,1 hh",Buckskin,Level Green Ky,N/A,"$3,500.00 ",Trail - Versatility Ranch Horse ,
16319,American Quarter Horse,Mare,14 years,"15,1 hh",Buckskin,Level Green Ky,N/A,"$3,500.00 ",Trail - Versatility Ranch Horse ,
16320,Oldenburg,Mare,8 years,"16,2 hh",Black,Radeburg,"20,000","$21,301.00 ",Breeding ,
16321,American Quarter Horse,Gelding,12 years,N/A,N/A,Brodhead KY,N/A,"$3,500.00 ",Trail - Versatility Ranch Horse ,
16322,American Quarter Horse,Gelding,12 years,N/A,N/A,Brodhead Ky,N/A,"$3,500.00 ",Trail - Versatility Ranch Horse ,
16323,American Quarter Horse,Gelding,13 years,"15,1 hh",Buckskin,Pleasant Grove CA,N/A,"$3,500.00 ",Trail - Versatility Ranch Horse ,
16324,Hanoverian,Mare,5 years,16 hh,Smoky-Black,Bad Dürrheim,"15,000","$15,975.00 ",Dressage ,
16325,Draft Horse,Gelding,7 years,"16,1 hh",Tobiano-all-colors,Ewing Ky,N/A,"$3,500.00 ",Trail - Versatility Ranch Horse ,
16326,American Quarter Horse,Gelding,7 years,"16,1 hh",Tobiano-all-colors,Ewing Ky,N/A,"$3,500.00 ",Trail - Versatility Ranch Horse ,
16327,American Quarter Horse,Gelding,16 years,15 hh,Chestnut,Cherryville NC,N/A,"$3,500.00 ",Trail - Versatility Ranch Horse ,
16328,Mule,Gelding,13 years,15 hh,Chestnut,Brooksville Ky,N/A,"$3,500.00 ",Trail - Versatility Ranch Horse ,
16329,American Quarter Horse,Gelding,13 years,15 hh,Chestnut,Brooksville KY,N/A,"$3,500.00 ",Trail - Versatility Ranch Horse ,
16330,Missouri Foxtrotter,Gelding,5 years,"15,2 hh",Tobiano-all-colors,Parkers Lake KY,N/A,"$3,500.00 ",Trail - Versatility Ranch Horse ,
16331,Spotted Saddle Horse,Gelding,5 years,"15,2 hh",Tobiano-all-colors,Parkers Lake KY,N/A,"$3,500.00 ",Trail - Versatility Ranch Horse ,
16332,Missouri Foxtrotter,Gelding,5 years,"15,2 hh",Tobiano-all-colors,Parkers Lake Ky,N/A,"$3,500.00 ",Gaited - Trail ,
16333,Spotted Saddle Horse,Gelding,5 years,"15,2 hh",Tobiano-all-colors,Parkers Lake KY,N/A,"$3,500.00 ",Gaited - Trail ,
16334,Tennessee walking horse,Gelding,5 years,"15,2 hh",Tobiano-all-colors,Parkers Lake KY,N/A,"$3,500.00 ",Gaited - Trail ,
16335,American Quarter Horse,Gelding,10 years,"14,3 hh",Bay,Christmas Fl,N/A,"$3,500.00 ",Trail - Versatility Ranch Horse ,
16336,Tennessee walking horse,Mare,17 years,"15,1 hh",Buckskin,Wallingford KY,N/A,"$3,500.00 ",Trail - Gaited ,
16337,Holstein,Mare,16 years,16 hh,Bay-Dark,Dietfurt an der Altmühl,"7,500","$7,988.00 ",Breeding - Eventing - Jumping ,
16338,Holstein,Mare,11 years,17 hh,Gray-Fleabitten,Dietfurt an der Altmühl,"8,500","$9,053.00 ",Breeding - Eventing - Jumping ,
16339,German Sport Horse,Stallion,1 year,N/A,N/A,Rhinow,"5,000","$5,325.00 ",Jumping - Eventing - Leisure ,
16340,German Sport Horse,Stallion,1 year,N/A,N/A,Rhinow,"5,000","$5,325.00 ",Eventing - Jumping - Leisure - Dressage ,
16341,German Sport Horse,Stallion,1 year,N/A,N/A,Rhinow,"5,000","$5,325.00 ",Jumping - Eventing - Leisure ,
16342,German Sport Horse,Stallion,1 year,N/A,N/A,Rhinow,"5,000","$5,325.00 ",Jumping - Eventing - Leisure ,
16343,Welsh D (Cob),Gelding,5 years,"14,2 hh",Brown,Fürth,N/A,N/A,Dressage ,
16344,Holstein,Mare,13 years,"16,1 hh",Bay-Dark,Dietfurt an der Altmühl,"11,000","$11,715.00 ",Breeding - Eventing - Jumping ,
16345,German Sport Horse,Mare,6 years,16 hh,Brown,Kraiburg am Inn,"23,000","$24,496.00 ",Jumping - Breeding - Leisure - Dressage ,
16346,Holstein,Mare,17 years,16 hh,Brown,Dietfurt an der Altmühl,"9,000","$9,585.00 ",Breeding - Eventing - Jumping ,
16347,Oldenburg,Mare,1 year,N/A,N/A,Neustadt in Holstein / Altenkrempe,"8,000","$8,520.00 ",Dressage ,
16348,German Riding Horse,Gelding,6 years,"16,2 hh",Black,"Recke, bei Osnabrück","70,000","$74,552.00 ",Dressage - Hunter under saddle - Jumping - Hunter ,
16349,Andalusian,Gelding,4 years,"16,1 hh",Dun,Bad Mergentheim,"7,900","$8,414.00 ",Working Equitation - Baroque - Leisure - Dressage ,
16350,Hanoverian,Mare,18 years,"16,2 hh",Bay-Dark,Ratekau,"2,500","$2,663.00 ",Dressage - Breeding ,
16351,Arabian horses,Mare,4 years,"14,2 hh",Gray,Koprivnica,"10,000","$10,650.00 ",Leisure - Show - Endurance - Dressage ,
16352,American Quarter Horse,Stallion,1 year,"14,2 hh",Brown,Eggenthal,"10,000","$10,650.00 ",Western ,
16353,Austrian Warmblood,Stallion,1 year,"16,3 hh",Buckskin,Garsten,"10,000","$10,650.00 ",Dressage - Breeding - Leisure ,
16354,Connemara,Mare,4 years,"13,3 hh",Brown,Mountrath,"7,500","$7,988.00 ",Dressage - Eventing - Jumping - Leisure,"suitable as school horse/pony, Reliable for trail riding, is allrounder"
16355,Polish Coldblood Mix,Mare,10 years,"15,2 hh",Brown,FORST,"6,500","$6,923.00 ",Leisure - Baroque - Western - Dressage,
16356,KWPN,Mare,7 years,"16,1 hh",N/A,Harlingen,"25,000","$26,626.00 ",Dressage,
16357,German Sport Horse,Stallion,5 years,"16,2 hh",Bay-Dark,Gleichen,"70,000","$74,552.00 ",Dressage ,
16358,German Sport Horse,Mare,1 year,N/A,N/A,Illertissen,"6,000","$6,390.00 ",Dressage - Breeding ,
16359,German Sport Horse,Stallion,1 year,N/A,N/A,Illertissen,"7,500","$7,988.00 ",Dressage - Leisure ,
16360,Haflinger,Mare,5 years,"14,2 hh",Chestnut-Red,Iggingen,"10,000","$10,650.00 ",Leisure - Jumping - Dressage ,
16361,Azteca,Stallion,2 years,16 hh,Perlino,Rödinghausen,"7,900","$8,414.00 ",Working Equitation - Doma Vaquera - Baroque - Leisure ,
16362,Other Breeds Mix,Gelding,3 years,15 hh,Overo-all-colors,SEVILLA,"5,000","$5,325.00 ",Dressage - Leisure ,
16363,Other Breeds Mix,Stallion,5 years,15 hh,Overo-all-colors,Sevilla,"5,000","$5,325.00 ",Dressage - Leisure ,
16364,PRE Mix,Gelding,7 years,16 hh,Bay,BARCELONA,"20,000","$21,301.00 ",Dressage - Leisure ,
16365,Icelandic Horse,Mare,7 years,"13,3 hh",N/A,Overath,"15,000","$15,975.00 ",Gaited ,
16366,Westphalian,Gelding,5 years,"16,1 hh",Brown,Willich,"38,000","$40,471.00 ",Jumping ,
16367,Portuguese Sport Horse,Gelding,3 years,17 hh,Bay-Dark,CHESTER,N/A,"$12,244.00 ",Dressage - English Pleasure ,
16368,Holstein,Stallion,5 years,"16,1 hh",Brown,Willich,"70,000","$74,552.00 ",Jumping - Hunter ,
16369,British Warmblood,Gelding,2 years,"16,3 hh",Black,CHESTER,N/A,"$12,244.00 ",Dressage ,
16370,Oldenburg-International (OS),Stallion,1 year,N/A,N/A,Dahlenburg,"12,000","$12,780.00 ",Jumping ,
16371,Oldenburg,Mare,2 years,N/A,N/A,Dahlenburg,"6,500","$6,923.00 ",Dressage ,
16372,Oldenburg,Mare,10 years,N/A,N/A,Dahlenburg,"9,500","$10,118.00 ",Dressage ,
16373,Lipizzaner,Gelding,6 years,"14,1 hh",Gray,Ptuj,"10,000","$10,650.00 ",Dressage - English Pleasure - Leisure - Driving ,
16374,Lipizzaner,Stallion,1 year,"15,2 hh",Gray,Ptuj,"3,900","$4,154.00 ",Dressage - Baroque - Leisure - Driving ,
16375,Lipizzaner,Gelding,6 years,16 hh,Gray,Ptuj,"9,800","$10,437.00 ",Driving - Trail - Baroque - Dressage ,
16376,Oldenburg,Mare,1 year,N/A,N/A,Dahlenburg,"6,500","$6,923.00 ",Dressage ,
16377,Baroque Pinto,Gelding,2 years,"16,2 hh",Black,Ptuj,"4,200","$4,473.00 ",Dressage - Trail - Baroque - Driving ,
16378,Oldenburg,Mare,2 years,N/A,N/A,Dahlenburg,"7,000","$7,455.00 ",Dressage ,
16379,Lipizzaner,Mare,3 years,16 hh,Bay,Ptuj,"12,000","$12,780.00 ",Dressage - Baroque - Breeding - Driving ,
16380,Oldenburg-International (OS),Mare,1 year,N/A,N/A,Dahlenburg,"7,000","$7,455.00 ",Jumping ,
16381,Other Breeds,Gelding,7 years,17 hh,Brown,Tartu,"29,000","$30,886.00 ",Jumping ,
16382,Zangersheider,Gelding,7 years,N/A,N/A,Thalgau,N/A,N/A,Jumping ,
16383,Shire Horse,Gelding,2 years,16 hh,Brown-Light,Bad Füssing,"10,000","$10,650.00 ",Leisure ,
16384,Icelandic Horse,Mare,9 years,"13,3 hh",Chestnut-Red,Overath,"40,000","$42,601.00 ",Gaited ,
16385,Oldenburg,Stallion,1 year,N/A,N/A,Großenkneten,"6,500","$6,923.00 ",Dressage ,
16386,Oldenburg,Mare,1 year,N/A,N/A,Südbrookmerland,"6,000","$6,390.00 ",Dressage ,
16387,Holstein,Stallion,8 years,N/A,N/A,Thalgau,"50,000","$53,251.00 ",Jumping ,
16388,KWPN,Gelding,5 years,"16,3 hh",Black,Kerpen,"40,000","$42,601.00 ",Dressage ,
16389,Oldenburg,Stallion,1 year,N/A,N/A,Garthe,"7,500","$7,988.00 ",Dressage,
16390,Oldenburg-International (OS),Mare,15 years,"15,3 hh",Gray,Lindlar,"11,000","$11,715.00 ",Jumping - Dressage ,
16391,PRE Mix,Stallion,4 years,"16,1 hh",Gray,Vejer de la Frontera,"40,000","$42,601.00 ",Dressage - Baroque - Leisure ,
16392,Knabstrup,Gelding,2 years,"15,1 hh",Leopard-Piebald,Bad Essen,"3,200","$3,408.00 ",Baroque - Leisure - Dressage ,
16393,Oldenburg,Stallion,3 years,"16,2 hh",Brown,Nienburg (Weser),"15,000","$15,975.00 ",Jumping - Eventing - Hunter - Dressage ,
16394,Holstein,Stallion,1 year,"16,1 hh",Chestnut-Red,Sankt Peter-Ording,"8,000","$8,520.00 ",Jumping - Eventing ,
16395,Mecklenburg Warmblood,Stallion,3 years,"16,2 hh",Black,Gudow,"15,000","$15,975.00 ",Dressage - Breeding - Leisure ,
16396,Mecklenburg Warmblood,Mare,13 years,N/A,N/A,Barth,"8,000","$8,520.00 ",Eventing - Jumping - Dressage ,
16397,Mecklenburg Warmblood,Stallion,1 year,N/A,N/A,Eldena,"5,500","$5,858.00 ",Dressage - Breeding - Eventing ,
16398,German Riding Horse,Gelding,3 years,16 hh,Chestnut,Bad Essen,"3,900","$4,154.00 ",Dressage - Eventing - Jumping - Leisure ,
16399,Kentucky Mountain Saddle Horse,Mare,5 years,15 hh,Bay,"Rockholds, KY",N/A,"$8,500.00 ",Trail - Western allround ,
16400,Baroque Pinto,Stallion,3 years,16 hh,Pinto,Tzummarum,"3,900","$4,154.00 ",Leisure ,
16401,Gypsy Horse,Gelding,4 years,13 hh,Gray-Dark-Tan,Lathen,"4,400","$4,686.00 ",Leisure ,
16402,Gypsy Horse,Mare,4 years,"13,1 hh",Pinto,Lathen,"4,400","$4,686.00 ",Leisure ,
16403,Gypsy Horse,Gelding,7 years,"13,2 hh",Black,Lathen,"4,400","$4,686.00 ",Leisure ,
16404,Gypsy Horse,Gelding,4 years,"13,1 hh",Pinto,Lathen,"4,400","$4,686.00 ",Leisure ,
16405,Gypsy Horse,Mare,5 years,"12,2 hh",Gray,Lathen,"4,200","$4,473.00 ",Leisure ,
16406,Gypsy Horse,Mare,8 years,"13,1 hh",Pinto,Lathen,"4,400","$4,686.00 ",Leisure ,
16407,Andalusian,Mare,3 years,15 hh,Gray,Provinz Cordoba,"5,000","$5,325.00 ",Dressage - Working Equitation - Eventing - Leisure ,
16408,Lusitano,Mare,2 years,"13,2 hh",Perlino,Provinz Cordoba,"5,000","$5,325.00 ",Working Equitation - Eventing - Leisure - Dressage ,
16409,Lusitano,Mare,2 years,"14,1 hh",Dun,Provinz Cordoba,"5,000","$5,325.00 ",Working Equitation - Eventing - Leisure - Dressage ,
16410,PRE Mix,Mare,6 years,16 hh,Bay,NAVAS DEL MADRONO,"15,000","$15,975.00 ",Dressage ,
16411,Andalusian,Stallion,3 years,"15,3 hh",Brown,Espirdo,"10,000","$10,650.00 ",Dressage - Working Equitation - Show ,
16412,Icelandic Horse,Gelding,6 years,"13,2 hh",Pinto,HVOLSVÖLLUR,"4,000","$4,260.00 ",Gaited ,
16413,PRE Mix,Stallion,6 years,"16,1 hh",Black,Sevilla,"40,000","$42,601.00 ",Dressage - Show - Baroque ,
16414,Hanoverian,Gelding,14 years,17 hh,Brown,Bargstedt-Ohrensen,"40,000","$42,601.00 ",Dressage - Eventing - Jumping ,
16415,Lusitano,Stallion,13 years,"17,1 hh",Gray,NAVAS DEL MODRONO,"100,000","$106,503.00 ",Dressage ,
16416,Icelandic Horse,Gelding,5 years,14 hh,Dun,Bücken,"7,500","$7,988.00 ",Gaited - Breeding - Leisure - Mating ,
16417,Lusitano,Mare,2 years,"15,2 hh",Black,Rio Maior,"7,800","$8,307.00 ",Dressage - Working Equitation - Show - Breeding,"Green, is easy to load, Halter accustomed"
16418,Oldenburg,Gelding,4 years,"16,2 hh",Brown,Basdahl,"15,500","$16,508.00 ",Dressage - Eventing - Leisure - Driving,
16419,Hanoverian,Mare,4 years,"16,2 hh",Black,Basdahl,"18,500","$19,703.00 ",Dressage - Eventing - Leisure - Driving,
16420,Hanoverian,Mare,5 years,16 hh,Brown,Bassum,"20,000","$21,301.00 ",Dressage ,
16421,Camargue,Mare,8 years,"14,2 hh",Gray,Wesel,"20,000","$21,301.00 ",Working Equitation - Leisure - Dressage ,
16422,Icelandic Horse,Gelding,6 years,"13,3 hh",Pinto,Bücken,"11,000","$11,715.00 ",Gaited - Leisure ,
16423,PRE Mix,Stallion,12 years,"16,1 hh",Gray-Dapple,Martfeld,"25,000","$26,626.00 ",Dressage - Show - Baroque - Leisure ,
16424,Donkey,Mare,2 years,"13,3 hh",Black,"BERGA, BARCELONA","4,840","$5,155.00 ",Breeding ,
16425,Donkey,Mare,5 years,14 hh,Black,"BERGA, BARCELONA","3,630","$3,866.00 ",Breeding - Leisure ,
16426,Haflinger,Mare,13 years,N/A,N/A,Bitterwater CA,N/A,"$3,500.00 ",Trail - Versatility Ranch Horse ,
16427,American Quarter Horse,Gelding,11 years,"15,1 hh",Buckskin,Valley Springs SD,N/A,"$3,500.00 ",Trail - Versatility Ranch Horse ,
16428,American Quarter Horse,Gelding,14 years,"15,2 hh",Roan-Red,Weatherford TX,N/A,"$3,500.00 ",Trail - Versatility Ranch Horse ,
16429,American Quarter Horse,Gelding,11 years,N/A,N/A,Weatherford TX,N/A,"$3,500.00 ",Trail - Versatility Ranch Horse ,
16430,American Quarter Horse,Gelding,14 years,15 hh,Black,Paicines CA,N/A,"$3,500.00 ",Trail - Versatility Ranch Horse ,
16431,American Quarter Horse,Gelding,14 years,15 hh,Roan-Bay,Granbury TX,N/A,"$3,500.00 ",Trail - Versatility Ranch Horse ,
16432,Paint Horse,Gelding,13 years,15 hh,Tobiano-all-colors,Mt Hope Al,N/A,"$3,500.00 ",Trail - Versatility Ranch Horse ,
16433,American Quarter Horse,Gelding,13 years,15 hh,Tobiano-all-colors,Mt Hope Al,N/A,"$3,500.00 ",Trail - Versatility Ranch Horse ,
16434,American Quarter Horse,Gelding,8 years,"15,1 hh",Palomino,Brodhead Ky,N/A,"$3,500.00 ",Trail - Versatility Ranch Horse ,
16435,American Quarter Horse,Gelding,8 years,N/A,N/A,Brodhead,N/A,"$3,500.00 ",Trail - Versatility Ranch Horse ,
16436,American Quarter Horse,Gelding,12 years,"15,2 hh",Roan-Bay,Nevis NM,N/A,"$3,500.00 ",Trail - Versatility Ranch Horse ,
16437,American Quarter Horse,Gelding,9 years,"15,1 hh",Roan-Bay,Athens TX,N/A,"$3,500.00 ",Trail - Versatility Ranch Horse ,
16438,American Quarter Horse,Gelding,9 years,12 hh,Tobiano-all-colors,Stephenville TX,N/A,"$3,500.00 ",Trail - Versatility Ranch Horse ,
16439,Appaloosa,Gelding,7 years,"14,3 hh",Buckskin,Flemingsburg Ky,N/A,"$3,500.00 ",Trail - Versatility Ranch Horse ,
16440,American Quarter Horse,Gelding,7 years,"14,3 hh",Buckskin,Flemingsburg KY,N/A,"$3,500.00 ",Trail - Versatility Ranch Horse ,
16441,American Quarter Horse,Gelding,13 years,14 hh,Tobiano-all-colors,Athens TX,N/A,"$3,500.00 ",Trail - Versatility Ranch Horse ,
16442,American Quarter Horse,Gelding,7 years,14 hh,Sorrel,Cleveland TN,N/A,"$3,500.00 ",Trail - Versatility Ranch Horse ,
16443,Mule,Gelding,13 years,N/A,N/A,Brooksville KY,N/A,"$3,500.00 ",Trail - Versatility Ranch Horse ,
16444,American Quarter Horse,Gelding,15 years,"14,2 hh",Roan-Bay,Mt Hope Al,N/A,"$3,500.00 ",Trail - Versatility Ranch Horse ,
16445,American Quarter Horse,Gelding,13 years,15 hh,Buckskin,El Paso TX,N/A,"$3,500.00 ",Trail - Versatility Ranch Horse ,
16446,Gypsy Horse,Gelding,9 years,14 hh,Chestnut,Cleveland TN,N/A,"$3,500.00 ",Trail - Versatility Ranch Horse ,
16447,Mule,Gelding,14 years,"13,1 hh",Black,"Howell, MI",N/A,"$3,500.00 ",Trail - Versatility Ranch Horse ,
16448,Pony of the Americas,Gelding,5 years,9 hh,Tobiano-all-colors,Ewing KY,N/A,"$3,500.00 ",Trail - Versatility Ranch Horse ,
16449,Shetland Ponies,Mare,2 years,10 hh,Black,Michelstadt,"1,250","$1,331.00 ",Breeding ,
16450,Shetland Ponies,Gelding,2 years,"10,1 hh",Pinto,Michelstadt,"1,450","$1,544.00 ",Leisure ,
16451,Trakehner,Mare,1 year,"16,2 hh",Chestnut-Red,Schäplitz,"10,000","$10,650.00 ",Dressage - Eventing ,
16452,American Quarter Horse,Stallion,1 year,N/A,N/A,Memmingen,"11,000","$11,715.00 ",Western allround - Western ,
16453,Oldenburg,Mare,7 years,"15,3 hh",Smoky-Black,Bramsche,N/A,N/A,Breeding - Jumping - Dressage,
16454,Tennessee walking horse,Gelding,9 years,14 hh,Black,"Rockholds, KY",N/A,"$8,497.00 ",Trail - Western allround - Gaited ,
16455,Trakehner,Stallion,1 year,"16,1 hh",Brown,Günzburg,"10,000","$10,650.00 ",Eventing - Breeding - Jumping - Dressage ,
16456,Oldenburg,Stallion,5 years,"16,3 hh",Smoky-Black,Bramsche,"100,000","$106,503.00 ",Jumping - Hunter under saddle - Mating - Dressage,
16457,Shetland Ponies,Mare,13 years,N/A,N/A,"Roca, NE",N/A,N/A,Trail - English Pleasure - Jumping - Driving ,
16458,American Quarter Horse,Gelding,9 years,N/A,N/A,"Willow Springs, MO",N/A,N/A,Trail - Versatility Ranch Horse - Cowhorse - Western ,
16459,Quarter Pony,Mare,6 years,"13,2 hh",Chestnut,"Fort Collins, CO",N/A,N/A,Trail - Versatility Ranch Horse - Western Pleasure ,
16460,American Quarter Horse,Gelding,9 years,15 hh,Grullo,Hanover,N/A,N/A,Trail ,
16461,Oldenburg,Mare,10 years,"15,3 hh",Black,Radeburg,"20,000","$21,301.00 ",Breeding ,
16462,German Sport Horse,Mare,4 years,"16,1 hh",Chestnut-Red,Illertissen,"10,000","$10,650.00 ",Dressage - Leisure ,
16463,Kentucky Mountain Saddle Horse,Gelding,10 years,"14,3 hh",Bay,"Paris, KY",N/A,N/A,Trail - Versatility Ranch Horse - Gaited - Driving ,
16464,Gypsy Horse,Gelding,4 years,"13,3 hh",Grullo,"Leander, TX",N/A,N/A,Trail - Western Pleasure - Dressage ,
16465,Draft Horse Mix,Gelding,10 years,"14,2 hh",Sabino,"Willow Springs, MO",N/A,N/A,Trail - Versatility Ranch Horse - Cowhorse - Western ,
16466,American Standardbred,Gelding,11 years,"16,2 hh",Bay,"Reynoldsburg, OH",N/A,N/A,Trail - Show - Jumping - Racing horses ,
16467,American Quarter Horse,Gelding,16 years,"14,3 hh",Roan-Red,"Houston, MO",N/A,N/A,Trail - Versatility Ranch Horse - Cutting - Cowhorse ,
16468,Andalusian,Stallion,6 years,"17,2 hh",Brown,Mallorca,N/A,N/A,Dressage - Working Equitation - Baroque - Leisure ,
16469,PRE,Stallion,11 years,"15,2 hh",Gray,Puerto Lumbreras,"40,000","$42,601.00 ",Leisure - Baroque - Mating ,
16470,Hanoverian,Gelding,7 years,17 hh,Brown,Willich,"40,000","$42,601.00 ",Dressage ,
16471,Hanoverian,Gelding,10 years,"16,2 hh",Brown,Pelmberg,"7,000","$7,455.00 ",Leisure - Working Equitation - Jumping - Dressage ,
16472,Hanoverian,Mare,6 years,"16,1 hh",Bay-Dark,Postmünster,N/A,N/A,Dressage - Breeding ,
16473,Oldenburg-International (OS),Stallion,2 years,15 hh,Chestnut-Red,Niddatal,"4,000","$4,260.00 ",Jumping - Dressage ,
16474,Kentucky Mountain Saddle Horse,Mare,15 years,15 hh,Palomino,"Whitley City, KY",N/A,"$10,000.00 ",Gaited - Western allround - Trail ,
16475,Hanoverian,Gelding,6 years,"16,3 hh",Chestnut-Red,Cuxhaven,N/A,N/A,Dressage ,
16476,Oldenburg-International (OS),Mare,1 year,N/A,N/A,Niddatal,"4,000","$4,260.00 ",Jumping ,
16477,American Quarter Horse,Stallion,1 year,"14,2 hh",Palomino,Müglitztal,"11,000","$11,715.00 ",Western - Western allround - Cutting - Cowhorse ,
16478,Curly horse,Mare,2 years,"15,2 hh",N/A,"Oughterard, Co. Galway.","6,600","$7,029.00 ",Breeding - English Pleasure - Jumping - Dressage,
16479,PRE Mix,Mare,4 years,"16,1 hh",Bay,NAVAS DEL MADRONO,"15,000","$15,975.00 ",Dressage ,
16480,German Riding Pony,Gelding,5 years,"13,2 hh",Chestnut,Fürstenau,"3,900","$4,154.00 ",Dressage - Jumping - Leisure - Driving ,
16481,Hanoverian,Gelding,6 years,16 hh,Bay-Dark,Bassum,N/A,N/A,Dressage ,
16482,Curly horse,Stallion,2 years,"15,1 hh",Bay,Oughterard - Co Galway,"6,600","$7,029.00 ",Breeding - English Pleasure - Western - Leisure,
16483,Curly horse,Mare,1 year,"14,2 hh",Bay,Oughterard,"6,098","$6,495.00 ",Dressage - English Pleasure - Breeding - Western,
16484,PRE Mix,Mare,6 years,"16,1 hh",Bay,NAVAS DEL MADRONO,"15,000","$15,975.00 ",Dressage ,
16485,Oldenburg,Stallion,1 year,N/A,N/A,Oeversee,"8,000","$8,520.00 ",Dressage ,
16486,Oldenburg-International (OS),Stallion,1 year,N/A,N/A,Jemgum,"4,000","$4,260.00 ",Jumping ,
16487,German Sport Horse,Stallion,1 year,N/A,N/A,Niemegk,"10,000","$10,650.00 ",Jumping ,
16488,Rocky Mountain Horse,Gelding,13 years,15 hh,Bay,"Breeding, KY",N/A,"$15,000.00 ",Trail - Western allround ,
16489,Rocky Mountain Horse,Gelding,5 years,14 hh,Brown,"Rockholds, KY",N/A,"$10,000.00 ",Gaited - Western allround - Trail ,
16490,Missouri Foxtrotter,Gelding,11 years,15 hh,Bay,"Houston, MO",N/A,"$12,000.00 ",Gaited - Western allround - Western ,
16491,Missouri Foxtrotter,Mare,5 years,15 hh,Roan-Blue,"Houston, MO",N/A,"$10,500.00 ",Trail - Western allround - Gaited - Western ,
16492,Paso Fino,Mare,4 years,13 hh,Bay,"Poplarville, MS",N/A,"$20,000.00 ",Trail - Western allround ,
16493,Azteca,Stallion,1 year,"15,2 hh",Palomino,Mallorca,"5,500","$5,858.00 ",Working Equitation - Baroque - Eventing - Leisure ,
16494,PRE Mix,Stallion,4 years,17 hh,Black,NAVAS DEL MADRONO,"40,000","$42,601.00 ",Dressage ,
16495,American Quarter Horse,Stallion,1 year,N/A,N/A,Memmingen,"12,500","$13,313.00 ",Western allround - Trail - Western Pleasure - Western ,
16496,Mecklenburg Warmblood,Mare,1 year,N/A,N/A,Loddin,"10,000","$10,650.00 ",Jumping ,
16497,Mecklenburg Warmblood,Stallion,1 year,N/A,N/A,Güstrow,"5,000","$5,325.00 ",Dressage - Breeding ,
16498,PRE,Stallion,3 years,16 hh,Brown,Baza,"15,000","$15,975.00 ",Dressage - Working Equitation - Breeding - Leisure ,
16499,Friesian horses,Mare,2 years,N/A,N/A,Protivin,"8,000","$8,520.00 ",Show - Breeding - Leisure - Dressage ,
16500,PRE Mix,Mare,3 years,16 hh,Perlino,Hamburg,"5,000","$5,325.00 ",Leisure - Working Equitation - Baroque - Dressage ,
16501,Other Breeds,Stallion,4 years,16 hh,Black,NAVAS DEL MADRONO,"20,000","$21,301.00 ",Dressage ,
16502,PRE Mix,Stallion,14 years,"16,1 hh",Gray,NAVAS DEL MADRONO,"40,000","$42,601.00 ",Dressage ,
16503,Oldenburg,Mare,3 years,15 hh,Brown,Radeburg,"20,000","$21,301.00 ",Dressage - Breeding ,
16504,PRE,Stallion,2 years,16 hh,Brown,Waldhölzbach,"15,000","$15,975.00 ",Dressage - Working Equitation - Baroque - Leisure ,
16505,PRE,Stallion,2 years,"15,2 hh",Gray,Waldhölzbach,"10,000","$10,650.00 ",Dressage - Working Equitation - Baroque - Leisure ,
16506,PRE,Mare,1 year,"15,2 hh",Gray,Waldhölzbach,"10,000","$10,650.00 ",Dressage - Working Equitation - Breeding - Leisure ,
16507,Austrian Warmblood,Stallion,2 years,N/A,N/A,Reutte,N/A,N/A,Leisure ,
16508,Oldenburg,Gelding,4 years,"16,1 hh",Chestnut-Red,Oeversee,"16,000","$17,040.00 ",Dressage,
16509,German Riding Horse,Stallion,1 year,17 hh,Chestnut-Red,Eibau,"6,500","$6,923.00 ",Jumping - Eventing,
16510,Spotted Saddle Horse,Mare,7 years,13 hh,Sorrel,Nancy,N/A,"$8,500.00 ",Trail - Western allround ,
16511,Icelandic Horse,Stallion,16 years,"14,2 hh",Pinto,Zweibrücken,"20,000","$21,301.00 ",Gaited - Leisure - Dressage ,
16512,Draft Horse,Gelding,4 years,17 hh,Black,"Republic, MO",N/A,"$4,000.00 ",Trail - Driving ,
16513,KWPN,Mare,17 years,16 hh,Bay-Dark,Oosterhout,"5,000","$5,325.00 ",Dressage ,
16514,Andalusian,Stallion,5 years,16 hh,Sorrel,Espirdo,"40,000","$42,601.00 ",Dressage - Working Equitation - Gaited - Baroque ,
16515,American Quarter Horse,Gelding,7 years,14 hh,Palomino,Valley Springs CA,N/A,"$3,500.00 ",Trail - Versatility Ranch Horse ,
16516,American Quarter Horse,Gelding,14 years,N/A,N/A,Lodi CA,N/A,"$3,500.00 ",Trail - Versatility Ranch Horse ,
16517,Donkey,Mare,11 years,"14,1 hh",Black,"BERGA, BARCELONA","2,800","$2,982.00 ",Breeding - Western Pleasure - Leisure ,
16518,American Quarter Horse,Gelding,8 years,"14,2 hh",Buckskin,"Pleasant Grove, CA",N/A,"$3,499.00 ",Trail - Versatility Ranch Horse ,
16519,American Quarter Horse,Gelding,10 years,"14,3 hh",Palomino,Paicines CA,N/A,"$3,500.00 ",Trail - Versatility Ranch Horse ,
16520,American Quarter Horse,Gelding,9 years,15 hh,Gray-Dapple,Stephenville TX,N/A,"$3,500.00 ",Trail - Versatility Ranch Horse ,
16521,KWPN,Gelding,4 years,"16,2 hh",Bay-Dark,Gyula,"11,000","$11,715.00 ",Dressage - Jumping,
16522,KWPN,Mare,7 years,"16,2 hh",Bay-Dark,Gyula,"9,500","$10,118.00 ",Jumping - Dressage,
16523,Oldenburg,Mare,6 years,"16,2 hh",Bay-Dark,Gyula,"9,500","$10,118.00 ",Dressage,
16524,German Sport Horse,Gelding,10 years,"16,1 hh",Brown,Gyula,"7,500","$7,988.00 ",Jumping - Dressage,
16525,Hungarian Sport Horse,Mare,14 years,16 hh,Bay-Dark,Gyula,"4,500","$4,793.00 ",Jumping - Leisure - Dressage,
16526,Icelandic Horse Mix,Gelding,9 years,"14,1 hh",Chestnut-Red,Gyula,"3,600","$3,834.00 ",Leisure,
16527,American Quarter Horse,Gelding,10 years,"14,2 hh",Gray,Weatherford TX,N/A,"$3,500.00 ",Trail - Versatility Ranch Horse ,
16528,Friesian horses,Mare,5 years,N/A,N/A,Valley Springs CA,N/A,"$3,500.00 ",Trail - Versatility Ranch Horse ,
16529,Trakehner,Stallion,1 year,"16,1 hh",Bay-Dark,Günzburg,"10,000","$10,650.00 ",Dressage - Eventing - Jumping ,
16530,Trakehner,Mare,2 years,16 hh,Brown,Gerstetten,"10,000","$10,650.00 ",Dressage - Eventing - Jumping ,
16531,Paint Horse,Gelding,11 years,"15,1 hh",Grullo,Canyon TX,N/A,"$3,499.00 ",Trail - Versatility Ranch Horse ,
16532,American Quarter Horse,Gelding,11 years,"15,1 hh",Grullo,Canyon TX,N/A,"$3,500.00 ",Trail - Versatility Ranch Horse ,
16533,Paint Horse,Mare,7 years,N/A,N/A,Adair Ok,N/A,"$3,499.00 ",Trail - Versatility Ranch Horse ,
16534,American Quarter Horse,Mare,7 years,N/A,N/A,Adair OK,N/A,"$3,500.00 ",Trail - Versatility Ranch Horse ,
16535,American Quarter Horse,Gelding,7 years,"15,1 hh",Overo-all-colors,Level Green Ky,N/A,"$3,500.00 ",Trail - Versatility Ranch Horse ,
16536,Paint Horse,Gelding,7 years,"15,1 hh",Overo-all-colors,Level Green Ky,N/A,"$3,500.00 ",Trail - Versatility Ranch Horse ,
16537,Menorquin,Mare,1 year,"15,2 hh",Black,Menorca,N/A,N/A,Leisure - Working Equitation - Baroque - Eventing ,
16538,Paint Horse,Gelding,8 years,"14,3 hh",Tobiano-all-colors,Willis Point TX,N/A,"$3,500.00 ",Trail - Versatility Ranch Horse ,
16539,American Quarter Horse,Gelding,8 years,"14,3 hh",Tobiano-all-colors,Willis Point TX,N/A,"$3,500.00 ",Trail - Versatility Ranch Horse ,
16540,American Quarter Horse,Gelding,6 years,16 hh,Gray,Princeton MO,N/A,"$3,500.00 ",Trail - Versatility Ranch Horse ,
16541,American Quarter Horse,Mare,9 years,15 hh,Dun,Adair OK,N/A,"$3,500.00 ",Trail - Versatility Ranch Horse ,
16542,Fjord Horses,Gelding,8 years,"14,1 hh",Buckskin,Rineyville KY,N/A,"$3,500.00 ",Trail ,
16543,Gypsy Horse,Mare,13 years,15 hh,Tobiano-all-colors,"Lawrenceburg, TN",N/A,"$4,500.00 ",Trail - Western allround ,
16544,American Quarter Horse,Gelding,13 years,"13,3 hh",Buckskin,Slocum TX,N/A,"$3,500.00 ",Trail - Versatility Ranch Horse ,
16545,American Quarter Horse,Gelding,11 years,"16,1 hh",Bay,Guthrie OK,N/A,"$3,500.00 ",Trail - Versatility Ranch Horse ,
16546,Gypsy Horse,Gelding,6 years,N/A,N/A,Ocala FL,N/A,"$3,500.00 ",Trail - Jumping ,
16547,Draft Horse,Gelding,13 years,16 hh,Chestnut,"Howell, Mi",N/A,"$3,500.00 ",Trail - Versatility Ranch Horse ,
16548,American Quarter Horse,Gelding,13 years,16 hh,Chestnut,Howell MI,N/A,"$3,500.00 ",Trail - Versatility Ranch Horse ,
16549,Icelandic Horse,Mare,7 years,N/A,N/A,Reykjavik,"12,345","$13,148.00 ",Leisure ,
16550,Icelandic Horse,Mare,6 years,N/A,N/A,Reykjavik,"4,000","$4,260.00 ",Leisure ,
16551,Icelandic Horse,Mare,7 years,"13,2 hh",Black,Reykjavik,"12,345","$13,148.00 ",Leisure ,
16552,Spotted Saddle Horse,Gelding,9 years,13 hh,Sorrel,"Lawrenceburg, KY",N/A,"$3,500.00 ",Gaited - Trail ,
16553,Zangersheider,Mare,5 years,16 hh,Brown,Hoya,"18,000","$19,170.00 ",Jumping ,
16554,Hanoverian,Mare,1 year,"16,2 hh",Smoky-Black,Mansfeld,"6,500","$6,923.00 ",Dressage - Jumping ,
16555,Hanoverian,Stallion,1 year,"16,3 hh",Brown,Hamersen,"10,000","$10,650.00 ",Dressage - Breeding - Leisure ,
16556,Hanoverian,Stallion,1 year,"16,2 hh",Black,Hamersen,"10,000","$10,650.00 ",Dressage - Eventing - Leisure - Driving ,
16557,Icelandic Horse,Gelding,5 years,"13,1 hh",Palomino,Hvölsvollur,"4,000","$4,260.00 ",Gaited ,
16558,PRE Mix,Mare,5 years,"15,2 hh",Gray-Dapple,Martfeld,"10,000","$10,650.00 ",Dressage - Show - Baroque - Leisure ,
16559,German Sport Horse,Stallion,1 year,N/A,N/A,Niemegk,"10,000","$10,650.00 ",Jumping - Breeding ,
16560,Arabian horses,Gelding,3 years,"14,2 hh",Brown,Herzberg am Harz,"3,700","$3,941.00 ",Leisure - Endurance - Western ,
16561,American Quarter Horse,Gelding,16 years,15 hh,Bay,"Petersburg, TN",N/A,"$12,000.00 ",Trail - Western allround ,
16562,Hanoverian,Stallion,5 years,"16,2 hh",Chestnut-Red,Espirdo,"40,000","$42,601.00 ",Dressage ,
16563,Menorquin,Mare,1 year,"15,1 hh",Black,Menorca,N/A,N/A,Working Equitation - Baroque - Leisure - Driving ,
16564,PRE Mix,Stallion,7 years,16 hh,Gray,NAVAS DEL MADRONO,"20,000","$21,301.00 ",Dressage ,
16565,Irish Sport Horse,Gelding,5 years,N/A,N/A,Ballygowan,"27,500","$29,288.00 ",Eventing ,
16566,Hanoverian,Mare,1 year,N/A,N/A,Weyhe,"5,500","$5,858.00 ",Jumping - Eventing,
16567,Shagya Arabian,Stallion,1 year,"14,3 hh",Black,Dahlem,"5,000","$5,325.00 ",Leisure - Working Equitation - Endurance - Western,
16568,American Quarter Horse,Gelding,12 years,15 hh,Sorrel,"Tompkinsville, KY",N/A,"$3,999.00 ",Trail - Versatility Ranch Horse ,
16569,American Quarter Horse,Gelding,5 years,15 hh,Black,"New Summerfield, TX",N/A,"$6,500.00 ",Trail - Western allround ,
16570,German Sport Horse,Stallion,1 year,N/A,N/A,Niemegk,"10,000","$10,650.00 ",Jumping ,
16571,Andalusian,Gelding,6 years,"15,2 hh",Gray,Vejer de la Frontera,"10,000","$10,650.00 ",Leisure - Baroque ,
16572,Trakehner,Stallion,1 year,"16,2 hh",Bay-Dark,Sperenberg,"6,000","$6,390.00 ",Dressage - Eventing - Jumping - Leisure ,
16573,PRE Mix,Gelding,10 years,"16,2 hh",Bay,NAVAS DEL MADRONO,"70,000","$74,552.00 ",Dressage ,
16574,Curly horse,Mare,4 years,"14,2 hh",Black,FRANCE,"8,400","$8,946.00 ",Breeding - English Pleasure - Jumping - Dressage,
16575,PRE Mix,Stallion,5 years,"16,1 hh",Gray,NAVAS DEL MADRONO,"15,000","$15,975.00 ",Dressage ,
16576,KWPN,Mare,15 years,"16,2 hh",Brown,Poligono Industrial Aimayr,"7,500","$7,988.00 ",Leisure - Jumping ,
16577,KWPN,Gelding,15 years,17 hh,Black,Poligono Industrial Aimayr,"20,000","$21,301.00 ",Jumping ,
16578,KWPN,Gelding,15 years,17 hh,Brown-Light,Poligono Industrial Aimayr,"12,500","$13,313.00 ",Leisure - Jumping ,
16579,German Sport Horse,Mare,1 year,N/A,N/A,HopfgartenGrammetal,"6,000","$6,390.00 ",Jumping - Breeding - Eventing - Leisure ,
16580,PRE,Stallion,9 years,"15,2 hh",Perlino,Vejer de la Frontera,"20,000","$21,301.00 ",Breeding - Baroque - Leisure - Dressage ,
16581,Lusitano,Mare,1 year,N/A,N/A,Espirdo,"10,000","$10,650.00 ",Baroque - Working Equitation - Leisure - Dressage ,
16582,Polish Warmblood,Mare,4 years,16 hh,Brown,Papenhagen,"10,000","$10,650.00 ",Leisure - Eventing - Jumping - Dressage ,
16583,Polish Warmblood,Mare,11 years,"16,1 hh",Bay-Dark,Papenhagen,N/A,N/A,Breeding - Leisure ,
16584,Polish Warmblood,Mare,12 years,16 hh,Brown,Papenhagen,N/A,N/A,Jumping - Breeding - Leisure - Dressage ,
16585,Polish Warmblood,Mare,5 years,"16,1 hh",Gray,Papenhagen,N/A,N/A,Breeding - Jumping - Dressage ,
16586,Mecklenburg Warmblood,Mare,2 years,"16,1 hh",Gray,Papenhagen,"6,000","$6,390.00 ",Jumping - Eventing - Leisure - Dressage ,
16587,Friesian horses Mix,Mare,3 years,"16,2 hh",Bay-Dark,Belgern,"5,000","$5,325.00 ",Baroque - Breeding - Leisure - Driving ,
16588,Mecklenburg Warmblood,Stallion,2 years,16 hh,N/A,Papenhagen,"6,000","$6,390.00 ",Jumping - Leisure - Driving - Dressage ,
16589,Polish Warmblood,Mare,4 years,"16,1 hh",Bay-Dark,Papenhagen,"17,500","$18,638.00 ",Jumping - Breeding - Eventing - Dressage ,
16590,Polish Warmblood,Mare,4 years,16 hh,Bay-Dark,Papenhagen,"10,000","$10,650.00 ",Jumping - Breeding - Dressage ,
16591,Lusitano,Stallion,6 years,"16,2 hh",Bay,madrid,"70,000","$74,552.00 ",Dressage - Equitation Portugesa - Breeding ,
16592,Lusitano,Gelding,8 years,16 hh,Bay,Espirdo,"40,000","$42,601.00 ",Dressage - Working Equitation - Baroque ,
16593,Hanoverian,Stallion,6 years,"16,3 hh",Bay-Dark,Wentorf bei Hamburg,"19,000","$20,235.00 ",Dressage - Jumping ,
16594,Oldenburg,Mare,2 years,"16,2 hh",Chestnut-Red,Belgern,"6,500","$6,923.00 ",Dressage - Breeding - Eventing - Leisure ,
16595,Oldenburg,Stallion,1 year,16 hh,Chestnut,Neuenkirchen,"8,500","$9,053.00 ",Dressage ,
16596,Hanoverian,Stallion,1 year,16 hh,Brown,Scheeßel,"7,500","$7,988.00 ",Jumping,
16597,Austrian Warmblood,Stallion,1 year,N/A,N/A,St. Marien,N/A,N/A,Dressage - Breeding - Eventing - Leisure ,
16598,Tennessee walking horse,Gelding,16 years,14 hh,Tobiano-all-colors,"Lewisburg, TN",N/A,"$10,000.00 ",Trail - Gaited ,
16599,Paint Horse,Mare,16 years,"14,2 hh",Pinto,betteldorf,"4,995","$5,320.00 ",Breeding ,
16600,Paint Horse,Stallion,1 year,"14,2 hh",Pinto,BETTELDORF,"4,999","$5,324.00 ",Western allround ,
16601,Andalusian,Stallion,4 years,"15,1 hh",Smoky-Black,Vejer de la Frontera,"10,000","$10,650.00 ",Leisure - Baroque ,
16602,Trakehner,Stallion,1 year,N/A,N/A,Betzigau,"10,000","$10,650.00 ",Eventing - Breeding - Jumping - Dressage ,
16603,Trakehner,Stallion,1 year,N/A,N/A,Böbingen,"10,000","$10,650.00 ",Eventing ,
16604,Trakehner,Stallion,1 year,N/A,N/A,Ladenthin,"10,000","$10,650.00 ",Dressage ,
16605,Hanoverian,Mare,4 years,"16,2 hh",Brown,Coesfeld,"25,000","$26,626.00 ",Dressage - Breeding ,
16606,PRE Mix,Stallion,2 years,"14,3 hh",Black,NAVAS DEL MADRONO,"10,000","$10,650.00 ",Dressage ,
16607,American Quarter Horse,Gelding,12 years,"15,1 hh",Palomino,Paicines Ca,N/A,"$3,500.00 ",Trail - Versatility Ranch Horse ,
16608,Appaloosa,Gelding,14 years,"15,1 hh",Chestnut,Pleasant Grove CA,N/A,"$3,500.00 ",Trail - Versatility Ranch Horse ,
16609,American Quarter Horse,Gelding,14 years,"15,1 hh",Chestnut,Pleasant Grove CA,N/A,"$3,500.00 ",Trail - Versatility Ranch Horse ,
16610,American Quarter Horse,Gelding,10 years,15 hh,Sorrel,Granbury TX,N/A,"$3,500.00 ",Trail - Versatility Ranch Horse ,
16611,American Quarter Horse,Gelding,12 years,"15,3 hh",Bay,Weatherford TX,N/A,"$3,500.00 ",Trail - Versatility Ranch Horse ,
16612,American Quarter Horse,Gelding,9 years,"14,3 hh",Palomino,Paicines CA,N/A,"$3,500.00 ",Trail - Versatility Ranch Horse ,
16613,Menorquin,Stallion,6 years,"15,1 hh",Black,Menorca,"10,000","$10,650.00 ",Leisure - Working Equitation - Driving - Dressage ,
16614,American Quarter Horse,Gelding,8 years,"15,2 hh",Roan-Red,Canyon TX,N/A,"$3,500.00 ",Trail - Versatility Ranch Horse ,
16615,Draft Horse,Gelding,11 years,"15,1 hh",Palomino,Camp Verde AZ,N/A,"$3,500.00 ",Trail - Versatility Ranch Horse ,
16616,American Quarter Horse,Gelding,11 years,"15,1 hh",Palomino,Camp Verde. AZ,N/A,"$3,500.00 ",Trail - Versatility Ranch Horse ,
16617,American Quarter Horse,Gelding,15 years,15 hh,Bay,Stephenville TX,N/A,"$3,500.00 ",Trail - Versatility Ranch Horse ,
16618,American Quarter Horse,Gelding,5 years,"14,2 hh",Dun,Canyon TX,N/A,"$3,500.00 ",Trail - Versatility Ranch Horse ,
16619,Hanoverian,Mare,2 years,"16,1 hh",Brown,Münchhausen,"6,000","$6,390.00 ",Jumping - Dressage,
16620,American Quarter Horse,Gelding,4 years,15 hh,Dun,Greenville Ky,N/A,"$3,500.00 ",Trail - Versatility Ranch Horse ,
16621,American Quarter Horse,Mare,10 years,"15,1 hh",Roan-Red,Level Green Ky,N/A,"$3,500.00 ",Trail - Versatility Ranch Horse ,
16622,American Quarter Horse,Gelding,4 years,N/A,N/A,Canyon TX,N/A,"$3,500.00 ",Trail - Versatility Ranch Horse ,
16623,American Quarter Horse,Gelding,12 years,15 hh,Roan-Bay,Pleasant Grove CA,N/A,"$3,500.00 ",Trail - Versatility Ranch Horse ,
16624,American Quarter Horse,Mare,13 years,14 hh,Buckskin,Stephenville TX,N/A,"$3,500.00 ",Trail - Versatility Ranch Horse ,
16625,American Quarter Horse,Gelding,7 years,13 hh,Buckskin,Canyon TX,N/A,"$3,500.00 ",Trail - Versatility Ranch Horse ,
16626,American Quarter Horse,Gelding,5 years,15 hh,Palomino,Shobonier IL,N/A,"$3,500.00 ",Trail - Versatility Ranch Horse ,
16627,Mule,Gelding,15 years,"15,1 hh",Sorrel,Brooksville Ky,N/A,"$3,500.00 ",Trail - Versatility Ranch Horse ,
16628,Draft Horse,Gelding,5 years,17 hh,Tobiano-all-colors,Warsaw NY,N/A,"$3,500.00 ",Trail - Versatility Ranch Horse ,
16629,Friesian horses,Gelding,5 years,"13,2 hh",Black,Sturgis Mi,N/A,"$3,499.00 ",Trail - Versatility Ranch Horse ,
16630,Shetland Ponies,Gelding,11 years,"11,2 hh",Bay,Slocum TX,N/A,"$3,500.00 ",Trail ,
16631,American Quarter Horse,Gelding,13 years,"11,1 hh",Buckskin,Willis POint TX,N/A,"$3,500.00 ",Trail - Versatility Ranch Horse ,
16632,Tennessee walking horse,Gelding,8 years,N/A,N/A,Bonita CA,N/A,"$3,500.00 ",Trail - Gaited ,
16633,American Quarter Horse,Mare,2 years,N/A,N/A,Laubach,"15,000","$15,975.00 ",Western - Cowhorse - Reining - Breeding ,
16634,Westphalian,Stallion,1 year,N/A,N/A,Düsseldorf,"7,000","$7,455.00 ",Jumping - Breeding - Leisure - Dressage ,
16635,German Sport Horse,Stallion,2 years,N/A,N/A,Römerstein,N/A,N/A,Dressage ,
16636,German Sport Horse,Stallion,1 year,N/A,N/A,Römerstein,N/A,N/A,Dressage ,
16637,Andalusian,Gelding,3 years,"15,1 hh",Gray,Mallorca,"4,200","$4,473.00 ",Leisure - Working Equitation - Baroque - Eventing ,
16638,Hanoverian,Mare,6 years,16 hh,Chestnut-Red,Gleichen,"70,000","$74,552.00 ",Dressage ,
16639,German Sport Horse,Mare,1 year,N/A,N/A,Schweppenhausen,"12,000","$12,780.00 ",Dressage ,
16640,German Sport Horse,Mare,1 year,N/A,N/A,Schweppenhausen,"12,000","$12,780.00 ",Dressage ,
16641,Spotted Saddle Horse,Gelding,14 years,15 hh,Tobiano-all-colors,"Rockholds, KY",N/A,"$5,000.00 ",Trail - Western allround - Gaited ,
16642,Trakehner,Stallion,1 year,"16,1 hh",Bay-Dark,Alzenau,"10,000","$10,650.00 ",Dressage - Eventing - Jumping - Leisure ,
16643,Missouri Foxtrotter,Gelding,9 years,14 hh,Bay,"Park Hills, MO",N/A,"$7,000.00 ",Gaited - Trail ,
16644,Trakehner,Mare,7 years,16 hh,Black,Bosau,"22,000","$23,431.00 ",Eventing - Hunting - Breeding - Jumping ,
16645,Oldenburg,Mare,1 year,17 hh,Chestnut,Belgern,"7,000","$7,455.00 ",Dressage - Breeding - Eventing - Leisure ,
16646,Oldenburg-International (OS),Stallion,1 year,N/A,N/A,Garrel,"10,000","$10,650.00 ",Jumping,
16647,Oldenburg-International (OS),Stallion,1 year,N/A,N/A,Garrel,"10,000","$10,650.00 ",Jumping,
16648,Icelandic Horse,Mare,6 years,"13,2 hh",N/A,Aichtal,"6,500","$6,923.00 ",Gaited ,
16649,American Quarter Horse,Gelding,4 years,15 hh,Bay,"Austinville, VA",N/A,N/A,Trail - Versatility Ranch Horse - Cowhorse ,
16650,Mecklenburg Warmblood,Gelding,6 years,"16,1 hh",Chestnut-Red,Gadow,"70,000","$74,552.00 ",Jumping - Eventing - Hunter - Dressage ,
16651,Other Breeds,Stallion,3 years,"15,1 hh",Buckskin,NAVAS DEL MADRONO,"10,000","$10,650.00 ",Dressage ,
16652,Lusitano,Gelding,6 years,"16,1 hh",Black,Porto,"40,000","$42,601.00 ",Working Equitation - Leisure - Dressage,
16653,Lusitano,Stallion,4 years,"15,3 hh",Gray,Cartaya,"20,000","$21,301.00 ",Dressage - Working Equitation - Baroque - Breeding,
16654,Hispano Arabian,Stallion,8 years,16 hh,Chestnut-Red,Badajoz,"40,000","$42,601.00 ",Working Equitation - Baroque - Leisure,
16655,Lusitano,Stallion,3 years,"15,2 hh",Black,Caldas da Rainha,"15,000","$15,975.00 ",Dressage - Working Equitation - Leisure,
16656,American Quarter Horse,Gelding,2 years,"15,1 hh",Chestnut-Red,Schwarzach,"10,000","$10,650.00 ",Western - Western allround - Reining ,
16657,American Quarter Horse,Gelding,2 years,15 hh,Overo-all-colors,Schwarzach,"10,000","$10,650.00 ",Western - Western allround - Trail - Reining ,
16658,American Quarter Horse,Mare,2 years,"15,1 hh",Bay-Dark,Schwarzach,"10,000","$10,650.00 ",Western - Trail - Breeding - Leisure ,
16659,American Quarter Horse,Mare,2 years,"14,2 hh",Can be white,Schwarzach,N/A,N/A,Western allround ,
16660,American Quarter Horse,Mare,8 years,15 hh,Black,SchwarzachSchwarzach,"14,000","$14,910.00 ",Western ,
16661,American Quarter Horse,Gelding,5 years,N/A,N/A,Caluso,N/A,N/A,Western - Reining,
16662,American Quarter Horse,Mare,9 years,15 hh,Black,SchwarzachSchwarzach,"15,500","$16,508.00 ",Western ,
16663,Tennessee walking horse,Gelding,6 years,14 hh,Gray,"Gillsville, GA",N/A,"$6,999.00 ",Trail - Western allround - Gaited ,
16664,Tennessee walking horse,Gelding,9 years,15 hh,Palomino,"Lewisburg, tn",N/A,"$12,500.00 ",Trail - Show ,
16665,Paso Fino,Gelding,5 years,14 hh,Tobiano-all-colors,"Poplarville, MS",N/A,"$25,000.00 ",Trail - Versatility Ranch Horse ,
16666,Tennessee walking horse,Mare,4 years,15 hh,Black,"Park Hills, MO",N/A,"$9,499.00 ",Gaited - Trail ,
16667,Spotted Saddle Horse,Gelding,13 years,14 hh,Palomino,"Gerald, MO",N/A,"$10,000.00 ",Gaited - Trail ,
16668,Lusitano,Stallion,5 years,"15,2 hh",Gray,Rio Maior,"15,000","$15,975.00 ",Working Equitation - Show - Leisure - Dressage,"suitable for beginners, is broken-in, is lunged"
16669,Tennessee walking horse,Gelding,9 years,14 hh,Roan-Bay,"Rockholds, KY",N/A,"$4,500.00 ",Gaited - Trail ,
16670,PRE Mix,Stallion,2 years,"15,2 hh",Palomino,NAVAS DEL MADRONO,"20,000","$21,301.00 ",Dressage ,
16671,More ponies/small horses,Mare,16 years,"12,1 hh",Pinto,Krefeld,"3,000","$3,195.00 ",Leisure ,
16672,Westphalian,Stallion,1 year,N/A,N/A,Weilerswist,N/A,N/A,Jumping - Hunter under saddle - Eventing - Dressage ,
16673,Rocky Mountain Horse,Gelding,2 years,"14,2 hh",Brown,Ribbesbüttel,"5,000","$5,325.00 ",Leisure ,
16674,Hispano Arabian,Mare,8 years,"15,2 hh",Brown,Chiclana de la Frontera,N/A,N/A,Leisure ,
16675,PRE Mix,Gelding,16 years,"15,2 hh",Gray,Grajera,"15,000","$15,975.00 ",Dressage - Doma Vaquera - Working Equitation - Leisure ,
16676,Bavarian Warmblood,Mare,11 years,"16,1 hh",Brown,Bad Griesbach im Rottal,"10,000","$10,650.00 ",Leisure - Breeding,
16677,American Quarter Horse,Stallion,1 year,15 hh,Buckskin,Langenbach,N/A,N/A,Western - Versatility Ranch Horse - Reining ,
16678,Westphalian,Mare,5 years,N/A,N/A,Weilerswist,N/A,N/A,Jumping - Hunter under saddle - Eventing - Dressage ,
16679,Haflinger,Gelding,12 years,14 hh,Chestnut,Weatherford TX,N/A,"$3,500.00 ",Trail - Versatility Ranch Horse ,
16680,American Quarter Horse,Gelding,10 years,"12,2 hh",Tobiano-all-colors,Weatherford TX,N/A,"$3,500.00 ",Trail - Versatility Ranch Horse ,
16681,American Quarter Horse,Mare,10 years,"14,3 hh",Palomino,Bitterwater CA,N/A,"$3,500.00 ",Trail - Versatility Ranch Horse ,
16682,American Quarter Horse,Mare,6 years,15 hh,Buckskin,Paicines CA,N/A,"$3,500.00 ",Trail - Versatility Ranch Horse ,
16683,American Quarter Horse,Gelding,16 years,"15,1 hh",Dun,Stephensville TX,N/A,"$3,500.00 ",Trail - Versatility Ranch Horse ,
16684,American Quarter Horse,Mare,6 years,15 hh,Gray-Dapple,Paicines CA,N/A,"$3,500.00 ",Trail - Versatility Ranch Horse ,
16685,American Quarter Horse,Gelding,12 years,15 hh,Sorrel,Weatherford TX,N/A,"$3,500.00 ",Trail - Versatility Ranch Horse ,
16686,American Quarter Horse,Gelding,8 years,"14,3 hh",Roan-Bay,Stephenville tX,N/A,"$3,500.00 ",Trail - Versatility Ranch Horse ,
16687,American Quarter Horse,Gelding,16 years,15 hh,Grullo,Pleasant Grove CA,N/A,"$3,500.00 ",Trail - Versatility Ranch Horse ,
16688,Paint Horse,Gelding,8 years,15 hh,Tobiano-all-colors,Granbury TX,N/A,"$3,500.00 ",Trail - Versatility Ranch Horse ,
16689,American Quarter Horse,Gelding,8 years,15 hh,Tobiano-all-colors,Granbury TX,N/A,"$3,500.00 ",Trail - Versatility Ranch Horse ,
16690,American Quarter Horse,Gelding,10 years,"14,3 hh",Roan-Blue,Caldwell ID,N/A,"$3,500.00 ",Trail - Versatility Ranch Horse ,
16691,American Quarter Horse,Gelding,10 years,"15,1 hh",Bay,Level Green KY,N/A,"$3,500.00 ",Trail - Versatility Ranch Horse ,
16692,American Quarter Horse,Gelding,8 years,N/A,N/A,"Santa Fe, TN",N/A,"$3,500.00 ",Trail - Versatility Ranch Horse ,
16693,American Quarter Horse,Gelding,8 years,"14,2 hh",Gray,Ewing Ky,N/A,"$3,500.00 ",Trail - Versatility Ranch Horse ,
16694,American Quarter Horse,Gelding,5 years,14 hh,Buckskin,Brooklyn NY,N/A,"$3,500.00 ",Trail - Versatility Ranch Horse ,
16695,American Quarter Horse,Gelding,7 years,15 hh,Gray,Mountain Grove MO,N/A,"$3,500.00 ",Trail - Versatility Ranch Horse ,
16696,American Quarter Horse,Gelding,9 years,"13,1 hh",Chestnut,Mt Hope Al,N/A,"$3,500.00 ",Trail - Versatility Ranch Horse ,
16697,Appaloosa,Gelding,9 years,"13,1 hh",Chestnut,mt hope Al,N/A,"$3,500.00 ",Trail - Versatility Ranch Horse ,
16698,PRE Mix,Stallion,4 years,16 hh,Chestnut,NAVAS DEL MADRONO,"20,000","$21,301.00 ",Dressage ,
16699,Mule,Gelding,14 years,14 hh,Bay,Brooksville Ky,N/A,"$3,500.00 ",Trail - Versatility Ranch Horse ,
16700,Friesian horses,Gelding,7 years,"15,2 hh",Tobiano-all-colors,Wallingford KY,N/A,"$3,500.00 ",Trail - Show ,
16701,Gypsy Horse,Gelding,7 years,N/A,N/A,Wallingford KY,N/A,"$3,500.00 ",Trail - Show ,
16702,American Quarter Horse,Gelding,16 years,13 hh,Bay,Lisbon IA,N/A,"$3,500.00 ",Trail - Versatility Ranch Horse ,
16703,Mini Shetland Pony,Gelding,4 years,"8,3 hh",Roan-Red,Flemingsburg Ky,N/A,"$3,500.00 ",Trail - Driving ,
16704,American Quarter Horse,Gelding,12 years,"16,1 hh",Overo-all-colors,Christmas FL,N/A,"$3,500.00 ",Trail - Versatility Ranch Horse ,
16705,American Quarter Horse,Gelding,16 years,N/A,N/A,Stephenville TX,N/A,"$3,500.00 ",Trail - Versatility Ranch Horse ,
16706,Hanoverian,Stallion,1 year,N/A,N/A,Magdeburg,"6,500","$6,923.00 ",Dressage - Jumping,
16707,PRE Mix,Stallion,12 years,"16,2 hh",Gray,MADRID,"20,000","$21,301.00 ",Dressage - Leisure ,
16708,Oldenburg,Mare,4 years,"16,1 hh",Brown,Nittel,"11,000","$11,715.00 ",Dressage - Breeding - Eventing - Leisure ,
16709,PRE,Gelding,7 years,"15,2 hh",Gray,Provinz Granada,"10,000","$10,650.00 ",Baroque - Working Equitation - Eventing - Dressage ,
16710,Andalusian,Mare,15 years,"15,2 hh",Black,Valencia,"10,000","$10,650.00 ",Dressage - Working Equitation - Baroque - Leisure ,
16711,Pony of the Americas,Gelding,6 years,"10,2 hh",Gray,"Breeding, KY",N/A,"$4,000.00 ",Trail - Driving ,
16712,Azteca,Stallion,1 year,"15,2 hh",Brown,Rödinghausen,"4,500","$4,793.00 ",Working Equitation - Doma Vaquera - Versatility Ranch Horse - Trail ,
16713,KWPN,Gelding,9 years,"17,1 hh",Brown,Prag Region,"70,000","$74,552.00 ",Jumping ,
16714,Spotted Saddle Horse,Mare,7 years,15 hh,Tobiano-all-colors,"Greensburg, KY",N/A,"$10,000.00 ",Gaited - Trail ,
16715,German Riding Horse,Mare,6 years,16 hh,Brown,Neuenrade,"20,000","$21,301.00 ",Jumping - Eventing ,
16716,American Quarter Horse,Gelding,6 years,14 hh,Chestnut-Red,Erftstadt,"16,500","$17,573.00 ",Western allround - Reining - Leisure ,
16717,American Quarter Horse,Gelding,13 years,14 hh,Buckskin,"Fort Pierce, FL",N/A,"$20,000.00 ",Western allround - Versatility Ranch Horse ,
16718,Holstein,Stallion,1 year,"16,3 hh",Gray,Celle,"40,000","$42,601.00 ",Jumping - Breeding - Hunter,
16719,Oldenburg-International (OS),Stallion,1 year,N/A,N/A,Bösel,"10,000","$10,650.00 ",Jumping ,
16720,Oldenburg-International (OS),Stallion,1 year,N/A,N/A,Bösel,"10,000","$10,650.00 ",Jumping ,
16721,PRE Mix,Stallion,5 years,"15,1 hh",Chestnut-Red,Tabernas Almeria,"10,000","$10,650.00 ",Dressage - Working Equitation ,
16722,Oldenburg,Mare,16 years,"16,1 hh",Black,Bramsche,"15,000","$15,975.00 ",Dressage - Breeding - Jumping - Leisure,
16723,Oldenburg,Stallion,1 year,"16,2 hh",Bay-Dark,Bramsche,"16,000","$17,040.00 ",Dressage - Hunter under saddle - Breeding - Jumping,
16724,Oldenburg,Mare,1 year,N/A,N/A,Freren,"8,000","$8,520.00 ",Dressage ,
16725,Oldenburg,Stallion,1 year,N/A,N/A,Freren,"8,000","$8,520.00 ",Dressage ,
16726,Lusitano Mix,Stallion,5 years,"15,1 hh",Cremello,Valencia,"10,000","$10,650.00 ",Dressage - Working Equitation - Baroque - Leisure ,
16727,British Warmblood,Mare,18 years,N/A,N/A,Bargstedt,N/A,N/A,Breeding ,
16728,PRE,Mare,5 years,"16,1 hh",Gray-Dapple,Puerto Lumbreras,"10,000","$10,650.00 ",Breeding - Baroque - Leisure ,
16729,Westphalian,Mare,1 year,N/A,N/A,Lippetal,"10,000","$10,650.00 ",Dressage ,
16730,Hanoverian,Stallion,1 year,N/A,N/A,Petershagen,"10,000","$10,650.00 ",Dressage,
16731,Donkey,Mare,16 years,"14,3 hh",Black,"BERGA, BARCELONA","3,000","$3,195.00 ",Breeding - Western Pleasure - Leisure ,
16732,Hanoverian,Gelding,6 years,17 hh,Gray,Tiddische,"40,000","$42,601.00 ",Dressage ,
16733,Lusitano,Gelding,10 years,16 hh,Gray,Bredene,"20,000","$21,301.00 ",Dressage - Equitation Portugesa - Working Equitation - Leisure ,
16734,PRE,Mare,13 years,"15,2 hh",Gray,Leip,"10,000","$10,650.00 ",Leisure - Doma Vaquera - Baroque - Breeding ,
16735,PRE,Stallion,5 years,"16,2 hh",Gray,Mallorca,"10,500","$11,183.00 ",Leisure - Working Equitation - Baroque - Eventing ,
16736,Icelandic Horse,Mare,3 years,N/A,N/A,Hvolsvöllur,"3,500","$3,728.00 ",Gaited ,
16737,Lusitano,Stallion,2 years,"15,2 hh",Can be white,Bredene,"10,000","$10,650.00 ",Working Equitation - Equitation Portugesa - Baroque - Dressage ,
16738,Hanoverian,Stallion,1 year,N/A,N/A,Düsseldorf,"10,000","$10,650.00 ",Jumping ,
16739,Hanoverian,Stallion,1 year,N/A,N/A,Edertal,"9,000","$9,585.00 ",Dressage ,
16740,KWPN,Gelding,15 years,"16,1 hh",Chestnut-Red,Hörstel,"100,000","$106,503.00 ",Dressage ,
16741,PRE Mix,Mare,4 years,16 hh,Black,Almonte,"10,000","$10,650.00 ",Eventing ,
16742,American Morgan Horse,Gelding,6 years,15 hh,Bay,Weatherford Tx,N/A,"$3,500.00 ",Trail - Versatility Ranch Horse ,
16743,American Quarter Horse,Gelding,8 years,"13,3 hh",Palomino,Paicines CA,N/A,"$3,500.00 ",Trail - Versatility Ranch Horse ,
16744,American Quarter Horse,Gelding,5 years,"14,2 hh",Sorrel,Bitterwater CA,N/A,"$3,500.00 ",Trail - Versatility Ranch Horse ,
16745,American Quarter Horse,Gelding,7 years,15 hh,Sorrel,Weatherford TX,N/A,"$3,500.00 ",Trail - Versatility Ranch Horse ,
16746,American Quarter Horse,Gelding,7 years,"14,3 hh",Gray,Paicines CA,N/A,"$3,500.00 ",Trail - Versatility Ranch Horse ,
16747,American Quarter Horse,Gelding,10 years,"14,2 hh",Palomino,"Pleasant Grove, CA",N/A,"$3,500.00 ",Trail - Versatility Ranch Horse ,
16748,American Quarter Horse,Gelding,9 years,15 hh,Sorrel,Weatherford TX,N/A,"$3,500.00 ",Trail - Versatility Ranch Horse ,
16749,American Quarter Horse,Gelding,8 years,"16,2 hh",Gray,Granbury TX,N/A,"$3,500.00 ",Trail - Versatility Ranch Horse ,
16750,PRE Mix,Stallion,6 years,16 hh,Gray,NAVAS DEL MADRONO,"40,000","$42,601.00 ",Dressage ,
16751,Westphalian,Mare,1 year,N/A,N/A,Hamm,"5,000","$5,325.00 ",Dressage - Breeding - Eventing - Jumping ,
16752,Oldenburg,Stallion,1 year,N/A,N/A,Walsrode,"5,300","$5,645.00 ",Dressage ,
16753,PRE Mix,Stallion,2 years,"14,1 hh",Chestnut-Red,Navas Del Madroño,"5,000","$5,325.00 ",Eventing ,
16754,German Riding Pony,Mare,14 years,"14,1 hh",Palomino,StrijenStrijen,N/A,N/A,Dressage ,
16755,Lusitano,Stallion,4 years,"15,2 hh",Brown,Mallorca,"27,500","$29,288.00 ",Leisure - Working Equitation - Eventing - Dressage ,
16756,German Riding Horse,Gelding,6 years,"16,2 hh",Chestnut-Red,Klein Rheide,"14,000","$14,910.00 ",Eventing - Hunting - Hunter - Leisure,
16757,American Quarter Horse,Gelding,13 years,"14,3 hh",Palomino,"Lisbon, IA",N/A,"$3,500.00 ",Trail - Versatility Ranch Horse ,
16758,Trakehner,Stallion,1 year,"16,1 hh",Bay-Dark,Schwerte,"10,000","$10,650.00 ",Dressage ,
16759,American Quarter Horse,Gelding,9 years,15 hh,Roan-Red,Weatherford TX,N/A,"$3,500.00 ",Trail - Versatility Ranch Horse ,
16760,Draft Horse,Gelding,9 years,N/A,N/A,Level Green Ky,N/A,"$3,500.00 ",Trail - Versatility Ranch Horse ,
16761,American Quarter Horse,Gelding,9 years,"15,1 hh",Buckskin,Level Green KY,N/A,"$3,500.00 ",Trail - Versatility Ranch Horse ,
16762,Friesian horses,Mare,10 years,15 hh,Tobiano-all-colors,Millersburg OH,N/A,"$3,499.00 ",Trail - Versatility Ranch Horse ,
16763,Gypsy Horse,Gelding,10 years,15 hh,Tobiano-all-colors,Millersburg OH,N/A,"$3,500.00 ",Trail - Versatility Ranch Horse ,
16764,Draft Horse,Gelding,7 years,"16,2 hh",Tobiano-all-colors,Mountain Grove MO,N/A,"$3,500.00 ",Trail - Versatility Ranch Horse ,
16765,American Quarter Horse,Gelding,7 years,"16,2 hh",Tobiano-all-colors,MOuntain Grove MO,N/A,"$3,500.00 ",Trail - Versatility Ranch Horse ,
16766,American Quarter Horse,Gelding,4 years,N/A,N/A,Everett PA,N/A,"$3,500.00 ",Trail - Versatility Ranch Horse ,
16767,American Quarter Horse,Gelding,11 years,14 hh,Palomino,Stephenville TX,N/A,"$3,500.00 ",Trail - Versatility Ranch Horse ,
16768,Draft Horse,Gelding,6 years,"16,2 hh",Black,"Fresno, OH",N/A,"$3,500.00 ",Trail - Versatility Ranch Horse ,
16769,Friesian horses,Gelding,6 years,N/A,N/A,Fresno OH,N/A,"$3,500.00 ",Trail - Versatility Ranch Horse ,
16770,Trakehner,Mare,1 year,N/A,N/A,Heidekrug,"7,000","$7,455.00 ",Jumping ,
16771,Trakehner,Mare,1 year,N/A,N/A,Heidekrug,"7,000","$7,455.00 ",Eventing - Jumping ,
16772,American Quarter Horse,Mare,3 years,"14,1 hh",Palomino,Granbury TX,N/A,"$3,500.00 ",Trail - Versatility Ranch Horse ,
16773,Friesian horses,Gelding,6 years,15 hh,Black,Warsaw NY,N/A,"$3,500.00 ",Trail - Versatility Ranch Horse ,
16774,Trakehner,Mare,1 year,N/A,N/A,Erlensee,"8,000","$8,520.00 ",Dressage ,
16775,Missouri Foxtrotter,Gelding,11 years,"14,1 hh",Tobiano-all-colors,Parkers Lake KY,N/A,"$3,500.00 ",Trail - Gaited ,
16776,Tennessee walking horse,Gelding,11 years,"14,1 hh",Tobiano-all-colors,Parkers Lake KY,N/A,"$3,500.00 ",Trail - Gaited ,
16777,Trakehner,Mare,1 year,N/A,N/A,Ochtrup,"10,000","$10,650.00 ",Jumping - Eventing - Dressage ,
16778,Mule,Gelding,7 years,"14,2 hh",Champagne,"Brooksville, Ky",N/A,"$3,500.00 ",Trail - Versatility Ranch Horse ,
16779,American Quarter Horse,Gelding,11 years,"12,1 hh",Bay,"Parkers Lake, KY",N/A,"$3,500.00 ",Trail - Versatility Ranch Horse ,
16780,Mule,Gelding,13 years,"15,2 hh",Black,Van Horne IA,N/A,"$3,500.00 ",Trail - Versatility Ranch Horse ,
16781,Hanoverian,Mare,1 year,N/A,N/A,Balje,N/A,N/A,Dressage - Jumping ,
16782,American Quarter Horse,Gelding,8 years,15 hh,Dun,Princeton MO,N/A,"$3,500.00 ",Trail - Versatility Ranch Horse ,
16783,Oldenburg,Gelding,5 years,17 hh,Brown,Wardenburg,"18,500","$19,703.00 ",Dressage,
16784,Other Warmbloods,Mare,2 years,"16,1 hh",Palomino,Borgentreich,N/A,N/A,Jumping - Eventing - Leisure - Dressage ,
16785,Hanoverian,Gelding,7 years,"16,2 hh",Brown,RecklinghausenRecklinghausen,N/A,N/A,Dressage ,
16786,Lusitano,Stallion,4 years,16 hh,Gray,Navas Del Madroño,"40,000","$42,601.00 ",Eventing ,
16787,Oldenburg,Mare,2 years,"16,1 hh",Brown,Bramsche,"15,000","$15,975.00 ",Dressage - Hunter under saddle - Breeding - Jumping,
16788,Oldenburg,Mare,2 years,"16,1 hh",Black,Bramsche,"15,000","$15,975.00 ",Dressage - Hunter under saddle - Jumping - Leisure,
16789,Oldenburg,Gelding,2 years,"16,1 hh",Brown,Bramsche,"15,000","$15,975.00 ",Dressage - Breeding - Jumping - Hunter,
16790,Welsh C (of Cob Type),Mare,3 years,"13,1 hh",Chestnut-Red,Meerbusch,"3,500","$3,728.00 ",Leisure ,
16791,Welsh C (of Cob Type),Mare,3 years,"13,1 hh",Smoky-Black,Meerbusch,"2,800","$2,982.00 ",Leisure ,
16792,Welsh B,Gelding,4 years,"13,1 hh",Chestnut-Red,Meerbusch,"3,500","$3,728.00 ",Dressage - Show - Leisure - Driving ,
16793,Azteca Mix,Stallion,1 year,"15,2 hh",Smoky-Black,Leipe,"10,000","$10,650.00 ",Leisure ,
16794,More ponies/small horses,Gelding,14 years,"14,2 hh",Chestnut-Red,Martfeld,N/A,"$183,657.00 ",Dressage - Show - Leisure ,
16795,PRE,Gelding,13 years,"15,2 hh",Brown,Mallorca,"6,000","$6,390.00 ",Leisure - Working Equitation - Eventing - Dressage ,
16796,Andalusian,Gelding,5 years,"14,2 hh",Cremello,Mallorca,"12,000","$12,780.00 ",Dressage - Working Equitation - Baroque - Leisure ,
16797,Andalusian,Stallion,5 years,"16,2 hh",Gray,Mallorca,"10,500","$11,183.00 ",Leisure - Working Equitation - Baroque - Eventing ,
16798,Draft Horse,Gelding,5 years,15 hh,Roan-Red,"Sebree, KY",N/A,"$12,000.00 ",Driving - Western allround - Trail ,
16799,Tennessee walking horse,Gelding,3 years,15 hh,Tobiano-all-colors,"Hustonville, KY",N/A,"$20,000.00 ",Gaited - Western allround - Trail - Driving ,
16800,Trakehner,Mare,1 year,N/A,N/A,Rotthalmünster,"5,500","$5,858.00 ",Breeding ,
16801,PRE,Stallion,1 year,"15,2 hh",Palomino,Dochamps,"4,500","$4,793.00 ",Baroque - Leisure - Dressage ,
16802,Trakehner,Mare,1 year,"16,1 hh",Buckskin,Wolfhagen,"9,000","$9,585.00 ",Eventing - Jumping - Dressage ,
16803,Trakehner,Mare,1 year,N/A,N/A,Xanten,"10,000","$10,650.00 ",Eventing ,
16804,PRE Mix,Stallion,5 years,16 hh,Bay-Dark,Sevilla,"18,000","$19,170.00 ",Baroque - Show - Leisure - Dressage ,
16805,Zweibruecker,Mare,17 years,17 hh,Bay-Dark,Trier,"15,000","$15,975.00 ",Dressage - Jumping,
16806,PRE Mix,Stallion,5 years,16 hh,Chestnut-Red,Sevilla,"20,000","$21,301.00 ",Baroque - Leisure ,
16807,Holstein,Stallion,1 year,N/A,N/A,Sollwitt,"7,000","$7,455.00 ",Jumping ,
16808,PRE Mix,Mare,7 years,"16,2 hh",Gray,Estepa,"4,800","$5,112.00 ",Baroque - Working Equitation - Leisure - Dressage,
16809,Trakehner,Gelding,8 years,"16,1 hh",Bay-Dark,linz,"9,000","$9,585.00 ",Dressage - Jumping,"is broken-in, is lunged, is incl. tack equipment"
16810,Gypsy Horse,Gelding,11 years,14 hh,Sorrel,"Whitley City, KY",N/A,"$7,500.00 ",Driving - Trail ,
16811,Kentucky Mountain Saddle Horse,Gelding,12 years,14 hh,Black,"Parkers Lake, KY",N/A,"$12,998.00 ",Gaited - Trail ,
16812,Tennessee walking horse,Mare,6 years,15 hh,Palomino,"Lewisburg, TN",N/A,"$12,500.00 ",Gaited - Trail ,
16813,Hanoverian,Mare,1 year,"16,2 hh",Brown,Spahnharrenstätte,"5,000","$5,325.00 ",Dressage - Breeding - Eventing - Leisure ,
16814,Hanoverian,Mare,16 years,"16,1 hh",Brown,Eydelstedt,"6,000","$6,390.00 ",Breeding - Leisure - Dressage ,
16815,Dartmoor,Stallion,1 year,"12,1 hh",Black,Edewecht,"1,000","$1,065.00 ",Leisure - Driving ,
16816,American Quarter Horse,Gelding,15 years,"15,1 hh",Bay,"Hodgenville, KY",N/A,N/A,Trail - Versatility Ranch Horse - Cowhorse - Western ,
16817,Draft Horse Mix,Gelding,9 years,"16,3 hh",Black,"Somerset, KY",N/A,N/A,Trail - Driving ,
16818,Gypsy Horse,Mare,11 years,"12,2 hh",Black,Lathen,"4,200","$4,473.00 ",Leisure ,
16819,Gypsy Horse,Mare,10 years,13 hh,Black,Lathen,"4,200","$4,473.00 ",Leisure ,
16820,Gypsy Horse,Mare,9 years,"13,3 hh",Pinto,Lathen,"4,400","$4,686.00 ",Leisure ,
16821,Gypsy Horse,Mare,8 years,"13,1 hh",Pinto,Lathen,"4,400","$4,686.00 ",Leisure ,
16822,Gypsy Horse,Mare,9 years,"12,2 hh",Black,Lathen,"4,200","$4,473.00 ",Leisure ,
16823,Gypsy Horse,Gelding,7 years,"12,3 hh",Pinto,Lathen,"4,400","$4,686.00 ",Leisure ,
16824,Gypsy Horse,Gelding,11 years,"13,1 hh",Pinto,Lathen,"4,200","$4,473.00 ",Leisure ,
16825,Gypsy Horse,Mare,10 years,"13,1 hh",Palomino,Lathen,"4,200","$4,473.00 ",Leisure ,
16826,Gypsy Horse,Mare,7 years,"12,3 hh",Pinto,Lathen,"4,200","$4,473.00 ",Leisure ,
16827,Knabstrup,Gelding,5 years,"15,2 hh",Leopard-Piebald,Lathen,"4,600","$4,899.00 ",Leisure ,
16828,Gypsy Horse,Mare,11 years,13 hh,Black,Lathen,"4,400","$4,686.00 ",Leisure ,
16829,Gypsy Horse,Mare,11 years,"13,1 hh",Pinto,Lathen,"4,400","$4,686.00 ",Leisure ,
16830,Gypsy Horse,Mare,7 years,"12,2 hh",Pinto,Lathen,"4,400","$4,686.00 ",Leisure ,
16831,Gypsy Horse,Mare,11 years,"13,3 hh",Pinto,Lathen,"4,400","$4,686.00 ",Leisure ,
16832,Gypsy Horse,Gelding,10 years,"12,3 hh",Pinto,Lathen,"4,200","$4,473.00 ",Leisure ,
16833,Gypsy Horse,Mare,9 years,"12,2 hh",Pinto,Lathen,"4,200","$4,473.00 ",Leisure ,
16834,Gypsy Horse,Gelding,8 years,13 hh,Black,Lathen,"4,200","$4,473.00 ",Leisure ,
16835,Gypsy Horse,Mare,8 years,"14,1 hh",Smoky-Black,Lathen,"4,400","$4,686.00 ",Leisure ,
16836,Gypsy Horse,Mare,5 years,13 hh,Roan-Blue,Lathen,"4,200","$4,473.00 ",Leisure ,
16837,Gypsy Horse,Gelding,8 years,13 hh,Black,Lathen,"4,200","$4,473.00 ",Leisure ,
16838,Gypsy Horse,Mare,6 years,"12,3 hh",Pinto,Lathen,"4,200","$4,473.00 ",Leisure ,
16839,Gypsy Horse,Gelding,9 years,"12,2 hh",Pinto,Lathen,"4,200","$4,473.00 ",Leisure ,
16840,Gypsy Horse,Gelding,9 years,"13,1 hh",Black,Lathen,"4,400","$4,686.00 ",Leisure ,
16841,Gypsy Horse,Gelding,7 years,13 hh,Black,Lathen,"4,200","$4,473.00 ",Leisure ,
16842,Gypsy Horse,Gelding,5 years,"12,2 hh",Pinto,Lathen,"4,200","$4,473.00 ",Leisure ,
16843,Gypsy Horse,Gelding,8 years,"12,3 hh",Pinto,Lathen,"4,200","$4,473.00 ",Leisure ,
16844,Gypsy Horse,Mare,9 years,"13,2 hh",Pinto,Lathen,"4,400","$4,686.00 ",Leisure ,
16845,Gypsy Horse,Gelding,10 years,13 hh,Pinto,Lathen,"4,400","$4,686.00 ",Leisure ,
16846,Gypsy Horse,Mare,8 years,"13,2 hh",Pinto,Lathen,"4,400","$4,686.00 ",Leisure ,
16847,Gypsy Horse,Gelding,7 years,"13,3 hh",Pinto,Lathen,"4,400","$4,686.00 ",Leisure ,
16848,Holstein,Stallion,3 years,N/A,N/A,Nienhagen,"10,500","$11,183.00 ",Jumping ,
16849,PRE,Stallion,5 years,"15,2 hh",Buckskin,Rafelguaraf,"15,000","$15,975.00 ",Dressage - Working Equitation - Baroque - Leisure ,
16850,Welsh D (Cob),Stallion,3 years,"14,2 hh",N/A,Wustermark,"4,500","$4,793.00 ",Leisure - Dressage ,
16851,Welsh D (Cob),Stallion,4 years,"14,1 hh",Bay-Dark,Wustermark,"10,000","$10,650.00 ",Breeding - Leisure - Dressage ,
16852,More ponies/small horses,Mare,7 years,14 hh,Palomino,Prag,"28,000","$29,821.00 ",Dressage - Jumping ,
16853,American Quarter Horse,Mare,14 years,"14,2 hh",Roan-Blue,Rostock,"12,550","$13,366.00 ",Western - Cutting - Cowhorse - Leisure,
16854,German Riding Pony,Stallion,1 year,N/A,N/A,Buxtehude,N/A,N/A,Dressage - Jumping ,
16855,American Quarter Horse,Stallion,1 year,N/A,N/A,Laubach,"10,000","$10,650.00 ",Reining - Versatility Ranch Horse - Cowhorse - Western ,
16856,PRE,Stallion,4 years,15 hh,Brown,Mallorca,"5,000","$5,325.00 ",Leisure - Working Equitation - Eventing - Driving ,
16857,PRE,Stallion,5 years,"15,2 hh",Champagne,Rafelguaraf,"28,000","$29,821.00 ",Dressage - Working Equitation - Baroque - Leisure ,
16858,Missouri Foxtrotter,Mare,5 years,14 hh,Bay,"Gerald, MO",N/A,"$3,000.00 ",Gaited - Trail ,
16859,American Quarter Horse,Gelding,14 years,14 hh,Chestnut,"Graham, TX",N/A,"$3,999.00 ",Versatility Ranch Horse - Western allround - Cowhorse - Western ,
16860,Paint Horse,Gelding,7 years,15 hh,Grullo,"Gerald, MO",N/A,"$8,500.00 ",Western allround - Versatility Ranch Horse - Trail - Cowhorse ,
16861,Andalusian,Stallion,4 years,15 hh,Brown,Mallorca,"5,000","$5,325.00 ",Leisure - Working Equitation - Eventing - Driving ,
16862,KWPN,Mare,1 year,16 hh,Brown,Plaschischen,"10,000","$10,650.00 ",Jumping - Breeding - Eventing ,
16863,Holstein,Stallion,1 year,"16,3 hh",Gray,Celle,"20,000","$21,301.00 ",Dressage - Breeding,
16864,Oldenburg,Gelding,6 years,N/A,N/A,Großenkneten,N/A,N/A,Dressage ,
16865,Hanoverian,Stallion,1 year,16 hh,Bay-Dark,Wolfsburg,"6,500","$6,923.00 ",Dressage,
16866,Oldenburg,Gelding,6 years,17 hh,Brown,Großenkneten,"40,000","$42,601.00 ",Dressage - Leisure,
16867,PRE Mix,Stallion,6 years,"16,1 hh",White,Sevilla,"21,000","$22,366.00 ",Dressage - Baroque ,
16868,Andalusian,Stallion,8 years,"16,2 hh",White,Badajoz,"14,000","$14,910.00 ",Dressage ,
16869,Oldenburg,Mare,8 years,"16,2 hh",Bay-Dark,Kronberg im Taunus,"15,000","$15,975.00 ",Breeding - Show - Leisure - Dressage ,
16870,Irish Sport Horse,Gelding,3 years,N/A,N/A,Castleisland,"5,000","$5,325.00 ",Eventing - English Pleasure - Hunter ,
16871,Andalusian,Stallion,3 years,"15,2 hh",Gray,Badajoz,"8,000","$8,520.00 ",Dressage ,
16872,Czech Warmblood,Gelding,7 years,"16,1 hh",Brown,Prag,"25,000","$26,626.00 ",Jumping ,
16873,Andalusian,Stallion,3 years,"15,2 hh",Gray,Badajoz,"8,000","$8,520.00 ",Dressage ,
16874,PRE,Mare,3 years,16 hh,Gray,Menorca,N/A,N/A,Dressage - Breeding - Eventing - Leisure ,
16875,PRE,Mare,3 years,16 hh,Gray,Menorca,N/A,N/A,Dressage - Breeding - Eventing - Leisure ,
16876,Donkey,Stallion,13 years,"13,2 hh",Black,"BERGA, BARCELONA","1,500","$1,598.00 ",Leisure - Western Pleasure - Breeding ,
16877,American Quarter Horse,Gelding,14 years,14 hh,Roan-Bay,Valley Springs CA,N/A,"$3,500.00 ",Trail - Versatility Ranch Horse ,
16878,Draft Horse,Gelding,13 years,"15,3 hh",Bay,Bitterwater CA,N/A,"$3,500.00 ",Trail - Versatility Ranch Horse ,
16879,American Quarter Horse,Gelding,13 years,"15,3 hh",Bay,Bitterwater CA,N/A,"$3,500.00 ",Trail - Versatility Ranch Horse ,
16880,Pony of the Americas,Gelding,6 years,"10,3 hh",Tobiano-all-colors,Weatherford TX,N/A,"$3,500.00 ",Trail ,
16881,American Quarter Horse,Gelding,13 years,15 hh,Palomino,Weatherford tX,N/A,"$3,500.00 ",Trail - Versatility Ranch Horse ,
16882,American Quarter Horse,Gelding,8 years,"14,2 hh",Buckskin,Paicines CA,N/A,"$3,500.00 ",Trail - Versatility Ranch Horse ,
16883,American Quarter Horse,Gelding,10 years,"15,1 hh",Grullo,stephenville TX,N/A,"$3,500.00 ",Trail - Versatility Ranch Horse ,
16884,American Quarter Horse,Gelding,9 years,15 hh,Dun,Pleasant Grove CA,N/A,"$3,500.00 ",Trail - Versatility Ranch Horse ,
16885,American Quarter Horse,Gelding,12 years,"15,1 hh",Black,Lisbon IA,N/A,"$3,500.00 ",Trail - Versatility Ranch Horse ,
16886,Paint Horse,Gelding,7 years,"15,1 hh",Roan-Bay,Lakeville MN,N/A,"$3,498.00 ",Trail - Versatility Ranch Horse ,
16887,American Quarter Horse,Gelding,7 years,N/A,N/A,Lakeville Mn,N/A,"$3,500.00 ",Trail - Versatility Ranch Horse ,
16888,American Quarter Horse,Gelding,7 years,"15,3 hh",Roan-Red,PUrdy MO,N/A,"$3,500.00 ",Trail - Versatility Ranch Horse ,
16889,American Quarter Horse,Gelding,8 years,"15,1 hh",Palomino,Level Green Ky,N/A,"$3,500.00 ",Trail - Versatility Ranch Horse ,
16890,American Quarter Horse,Gelding,8 years,"15,1 hh",Palomino,Level Green KY,N/A,"$3,500.00 ",Trail - Versatility Ranch Horse ,
16891,American Quarter Horse,Gelding,14 years,"15,2 hh",Roan-Bay,Stephenville TX,N/A,"$3,500.00 ",Trail - Versatility Ranch Horse ,
16892,Friesian horses,Gelding,6 years,"15,1 hh",Black,Parkers Lake KY,N/A,"$3,500.00 ",Trail - Versatility Ranch Horse ,
16893,Friesian horses,Gelding,6 years,"15,1 hh",Black,Parkers Lake KY,N/A,"$3,500.00 ",Trail - Versatility Ranch Horse ,
16894,American Quarter Horse,Gelding,15 years,15 hh,Bay,Stephenville TX,N/A,"$3,499.00 ",Trail - Versatility Ranch Horse ,
16895,American Quarter Horse,Gelding,9 years,16 hh,Roan-Bay,Pleasant Grove CA,N/A,"$3,500.00 ",Trail - Versatility Ranch Horse ,
16896,Fjord Horses,Mare,9 years,N/A,N/A,Flemingsburg KY,N/A,"$3,500.00 ",Trail - Versatility Ranch Horse ,
16897,Missouri Foxtrotter,Gelding,15 years,14 hh,Gray,Stephenville TX,N/A,"$3,500.00 ",Trail - Gaited ,
16898,Tennessee walking horse,Gelding,15 years,14 hh,Gray,Stephenville TX,N/A,"$3,500.00 ",Trail - Gaited ,
16899,Friesian horses,Gelding,6 years,"16,1 hh",Black,"Howell, MI",N/A,"$3,500.00 ",Trail - Jumping ,
16900,Percheron,Gelding,6 years,"16,1 hh",Black,Howell MI,N/A,"$3,499.00 ",Trail - Versatility Ranch Horse ,
16901,Missouri Foxtrotter,Gelding,16 years,"15,3 hh",Black,Quitman AR,N/A,"$3,500.00 ",Trail - Gaited ,
16902,American Quarter Horse,Gelding,16 years,"15,3 hh",Black,"Quitman, AR",N/A,"$3,500.00 ",Trail - Versatility Ranch Horse ,
16903,American Quarter Horse,Gelding,7 years,15 hh,Gray-Dapple,Salt Lick KY,N/A,"$3,500.00 ",Trail - Versatility Ranch Horse ,
16904,American Quarter Horse,Gelding,3 years,"14,3 hh",Palomino,Aubrey TX,N/A,"$3,500.00 ",Trail - Versatility Ranch Horse ,
16905,Hanoverian,Gelding,6 years,"17,1 hh",Brown,Verden (Aller),"15,000","$15,975.00 ",Dressage - Leisure ,
16906,KWPN,Mare,6 years,17 hh,Bay-Dark,Ebreichsdorf,N/A,N/A,Dressage ,
16907,PRE Mix,Mare,2 years,"15,2 hh",Grullo,Postfeld,"10,000","$10,650.00 ",Baroque - Working Equitation - Show - Leisure ,
16908,Oldenburg-International (OS),Mare,2 years,"16,3 hh",Brown,Dietfurt an der Altmühl,"4,500","$4,793.00 ",Jumping - Breeding - Eventing - Dressage ,
16909,Hanoverian,Gelding,5 years,17 hh,Brown,Scharnebeck,"19,500","$20,768.00 ",Dressage - Hunter under saddle - Leisure,"suitable for therapeutic riding, suitable for beginners, is lunged"
16910,Westphalian,Mare,12 years,"16,1 hh",Brown,Weilerswist,N/A,N/A,Breeding ,
16911,Missouri Foxtrotter,Gelding,6 years,14 hh,Black,"Whitley City, KY",N/A,"$12,500.00 ",Trail - Western allround - Gaited ,
16912,Missouri Foxtrotter,Gelding,6 years,14 hh,Palomino,"Houston, MO",N/A,"$7,000.00 ",Gaited - Western allround - Trail ,
16913,Rhinelander,Mare,15 years,"16,1 hh",Brown,Gummersbach,"9,900","$10,544.00 ",Dressage,
16914,Menorquin,Stallion,1 year,"15,3 hh",Black,Menorca,"7,500","$7,988.00 ",Working Equitation - Baroque - Leisure - Dressage ,
16915,Andalusian,Mare,3 years,16 hh,Gray,Menorca,N/A,N/A,Dressage - Breeding - Eventing - Leisure ,
16916,Oldenburg,Gelding,2 years,"16,2 hh",Brown,Bramsche,"15,000","$15,975.00 ",Dressage - Hunter under saddle - Breeding - Jumping,
16917,Andalusian,Mare,3 years,16 hh,Gray,Menorca,N/A,N/A,Dressage - Breeding - Eventing - Leisure ,
16918,Oldenburg,Gelding,2 years,"16,1 hh",Black,Bramsche,"10,000","$10,650.00 ",Dressage - Breeding - Jumping,
16919,Oldenburg,Mare,1 year,"16,2 hh",Bay-Dark,Bramsche,"10,000","$10,650.00 ",Dressage - Eventing - Jumping - Hunter,
16920,Oldenburg,Stallion,1 year,"16,2 hh",Brown,Bramsche,"11,000","$11,715.00 ",Dressage - Hunter under saddle - Breeding - Jumping,
16921,Holstein,Stallion,1 year,"16,3 hh",Brown,Celle,"20,000","$21,301.00 ",Jumping - Breeding - Hunter,
16922,Oldenburg,Stallion,1 year,N/A,N/A,Bad Zwischenahn,"7,500","$7,988.00 ",Dressage ,
16923,Holstein,Mare,20 years,"16,1 hh",Gray-Blue-Tan,Neufeld,"9,500","$10,118.00 ",Jumping ,
16924,Kentucky Mountain Saddle Horse,Gelding,11 years,14 hh,Roan-Blue,"Whitley City, KY",N/A,"$5,498.00 ",Gaited - Trail ,
16925,Rocky Mountain Horse,Gelding,6 years,14 hh,Brown,"Whitley City, KY",N/A,"$5,500.00 ",Gaited - Trail - Western ,
16926,Tennessee walking horse,Mare,10 years,15 hh,Chestnut,"Lewisburg, TN",N/A,"$37,091.00 ",Trail - Gaited ,
16927,Tennessee walking horse,Gelding,9 years,17 hh,Tobiano-all-colors,"Lewisburg, TN",N/A,"$5,000.00 ",Gaited - Trail ,
16928,Andalusian,Stallion,6 years,"15,2 hh",Pinto,Sevilla,"14,500","$15,443.00 ",Dressage - Leisure ,
16929,Hanoverian,Mare,4 years,"16,1 hh",Bay-Dark,Walsrode,"15,000","$15,975.00 ",Dressage - Hunting - Breeding - Leisure ,
16930,Trakehner,Stallion,1 year,N/A,N/A,Adelsried,N/A,N/A,Dressage ,
16931,Trakehner,Stallion,1 year,N/A,N/A,Heidenau,"7,000","$7,455.00 ",Dressage ,
16932,Zangersheider,Gelding,4 years,"16,2 hh",N/A,Békéscsaba,"15,000","$15,975.00 ",Jumping - Eventing - Hunter ,
16933,KWPN,Gelding,5 years,17 hh,Chestnut-Red,Fürth,N/A,N/A,Dressage ,
16934,Hanoverian,Mare,1 year,"16,2 hh",Brown,Walsrode,"10,000","$10,650.00 ",Dressage - Breeding - Leisure - Driving ,
16935,PRE,Mare,4 years,"15,1 hh",Chestnut-Red,Rafelguaraf,"6,500","$6,923.00 ",Dressage - Working Equitation - Baroque - Leisure ,
16936,PRE,Mare,3 years,15 hh,Chestnut-Red,Rafelguaraf,"5,000","$5,325.00 ",Dressage - Working Equitation - Baroque - Leisure ,
16937,PRE Mix,Stallion,10 years,"15,3 hh",Gray,Sevilla,"40,000","$42,601.00 ",Dressage - Leisure ,
16938,Trakehner,Stallion,3 years,16 hh,Black,Berlin,"5,500","$5,858.00 ",Dressage - Show - Leisure,
16939,American Quarter Horse,Stallion,1 year,N/A,N/A,Deggenhausertal,"15,000","$15,975.00 ",Reining - Cowhorse - Breeding - Western ,
16940,Oldenburg-International (OS),Mare,14 years,16 hh,Chestnut,radziejów,"16,000","$17,040.00 ",Breeding ,
16941,Connemara,Gelding,4 years,"14,2 hh",Gray,Galway,"10,000","$10,650.00 ",Jumping - Hunting - Eventing - Dressage ,
16942,American Quarter Horse,Stallion,1 year,N/A,N/A,Deggenhausertal,"40,000","$42,601.00 ",Reining - Breeding - Western ,
16943,Freiberger,Gelding,4 years,"15,2 hh",Bay-Dark,Rümmingen,N/A,N/A,Leisure - Trail - Driving - Dressage ,
16944,Bavarian Warmblood,Gelding,5 years,"16,2 hh",Smoky-Black,Erharting,N/A,N/A,Dressage - Leisure ,
16945,Trakehner,Stallion,1 year,"16,1 hh",Chestnut-Red,Plessa,"6,500","$6,923.00 ",Dressage ,
16946,KWPN,Mare,5 years,"16,2 hh",Bay,Sibculo,"20,000","$21,301.00 ",Jumping ,
16947,Welsh B,Gelding,9 years,"13,1 hh",Chestnut,Sibculo,"15,000","$15,975.00 ",Hunter - Jumping - Leisure - Dressage ,
16948,Trakehner,Mare,1 year,"16,1 hh",Chestnut-Red,Bad Zwischenahn,"10,000","$10,650.00 ",Dressage ,
16949,Trakehner,Stallion,1 year,"16,1 hh",Black,Zeischa,"10,000","$10,650.00 ",Jumping - Eventing ,
16950,Trakehner,Mare,1 year,16 hh,Chestnut,Lüdersdorf,"10,000","$10,650.00 ",Dressage ,
16951,Trakehner,Mare,1 year,"16,1 hh",Black,Boostedt,"6,000","$6,390.00 ",Dressage ,
16952,Trakehner,Stallion,1 year,17 hh,Brown,Adelsried,"10,000","$10,650.00 ",Dressage - Eventing ,
16953,Half Arabs Mix,Stallion,2 years,"12,3 hh",Gray,Visz,"4,500","$4,793.00 ",Dressage - Breeding - Leisure - Driving ,
16954,Russian Saddle Horse,Gelding,5 years,15 hh,Bay,"Whitley City, ky",N/A,"$3,500.00 ",Gaited - Trail ,
16955,Oldenburg,Gelding,5 years,16 hh,Brown,Verden (Aller),"14,000","$14,910.00 ",Dressage - Leisure ,
16956,Tennessee walking horse,Gelding,7 years,14 hh,Chestnut,"Oak Ridge, TN",N/A,"$4,000.00 ",Trail - Western allround ,
16957,Tennessee walking horse,Gelding,5 years,15 hh,Red Dun,"COLUMBIA, KY",N/A,"$4,000.00 ",Gaited - Western allround - Versatility Ranch Horse - Trail ,
16958,Oldenburg,Stallion,1 year,"16,2 hh",Chestnut-Red,Groß Roge,"10,000","$10,650.00 ",Dressage - Breeding - Eventing,
16959,Oldenburg-International (OS),Stallion,1 year,"16,2 hh",Brown,Groß Roge,"15,000","$15,975.00 ",Jumping - Breeding - Eventing - Dressage,
16960,Belgian Warmblood,Gelding,13 years,"17,1 hh",Brown,Nettetal,"40,000","$42,601.00 ",Jumping ,
16961,American Quarter Horse,Stallion,2 years,"14,3 hh",Chestnut-Red,Langenbach,"10,900","$11,609.00 ",Western - Cutting - Cowhorse - Reining ,
16962,Missouri Foxtrotter,Gelding,7 years,15 hh,Bay,"Gillsville, GA",N/A,"$10,000.00 ",Trail - Western allround - Versatility Ranch Horse - Gaited ,
16963,American Quarter Horse,Gelding,13 years,N/A,N/A,"JERSEY SHORE, PA",N/A,"$3,500.00 ",Versatility Ranch Horse - Trail ,
16964,PRE,Mare,3 years,15 hh,Dun,Rafelguaraf,"6,500","$6,923.00 ",Dressage - Working Equitation - Baroque - Leisure ,
16965,Hanoverian,Gelding,3 years,"16,2 hh",Brown,Ratekau,"15,000","$15,975.00 ",Dressage - Leisure ,
16966,Westphalian,Stallion,1 year,N/A,N/A,Weilerswist,N/A,N/A,Jumping - Hunter under saddle - Breeding - Eventing ,
16967,Paint Horse,Gelding,11 years,16 hh,Tobiano-all-colors,Grapeland TX,N/A,"$3,500.00 ",Trail - Versatility Ranch Horse ,
16968,American Quarter Horse,Gelding,11 years,16 hh,Tobiano-all-colors,Grapeland TX,N/A,"$3,500.00 ",Trail - Versatility Ranch Horse ,
16969,American Quarter Horse,Gelding,13 years,15 hh,Palomino,Paicines CA,N/A,"$3,500.00 ",Trail - Versatility Ranch Horse ,
16970,American Quarter Horse,Gelding,14 years,"14,3 hh",Bay,Stephenville TX,N/A,"$3,500.00 ",Trail - Versatility Ranch Horse ,
16971,Friesian horses,Gelding,7 years,"15,1 hh",Bay,Pleasant Grove CA,N/A,"$3,500.00 ",Trail - Versatility Ranch Horse ,
16972,American Quarter Horse,Gelding,12 years,"14,3 hh",Chestnut,Weatherford TX,N/A,"$3,500.00 ",Trail - Versatility Ranch Horse ,
16973,American Quarter Horse,Mare,5 years,N/A,N/A,Knox IN,N/A,"$3,500.00 ",Trail - Versatility Ranch Horse ,
16974,Draft Horse,Gelding,7 years,15 hh,Roan-Red,Level Green Ky,N/A,"$3,500.00 ",Trail - Versatility Ranch Horse ,
16975,American Quarter Horse,Gelding,7 years,15 hh,Roan-Red,Level Green KY,N/A,"$3,500.00 ",Trail - Versatility Ranch Horse ,
16976,German Riding Pony,Mare,4 years,"13,3 hh",Chestnut-Red,Dorsten,"3,500","$3,728.00 ",Dressage - Breeding - Leisure ,
16977,American Quarter Horse,Gelding,4 years,"14,1 hh",Red Dun,Adair OK,N/A,"$3,500.00 ",Trail - Versatility Ranch Horse ,
16978,Haflinger,Gelding,14 years,"14,2 hh",Chestnut,Wooster OH,N/A,"$3,500.00 ",Trail - Driving ,
16979,American Quarter Horse,Gelding,9 years,15 hh,Chestnut,Weatherford TX,N/A,"$3,500.00 ",Trail - Versatility Ranch Horse ,
16980,Paint Horse,Gelding,12 years,"14,2 hh",Buckskin,Willis Point TX,N/A,"$3,500.00 ",Trail - Versatility Ranch Horse ,
16981,American Quarter Horse,Gelding,12 years,N/A,N/A,Willis Point TX,N/A,"$3,500.00 ",Trail - Versatility Ranch Horse ,
16982,Mule,Gelding,12 years,"14,2 hh",Red Dun,Flemingsburg Ky,N/A,"$3,500.00 ",Trail - Versatility Ranch Horse ,
16983,Mule,Gelding,12 years,"14,2 hh",Red Dun,Flemingsburg Ky,N/A,"$3,500.00 ",Trail - Versatility Ranch Horse ,
16984,American Quarter Horse,Gelding,12 years,"14,2 hh",Red Dun,Flemingsburg KY,N/A,"$3,500.00 ",Trail - Versatility Ranch Horse ,
16985,American Quarter Horse,Gelding,8 years,"10,3 hh",Tobiano-all-colors,Weatherford TX,N/A,"$3,500.00 ",Trail - Versatility Ranch Horse ,
16986,PRE Mix,Stallion,5 years,"16,1 hh",Gray,NAVAS DEL MADRONO,"15,000","$15,975.00 ",Dressage ,
16987,American Quarter Horse,Mare,8 years,15 hh,Cremello,Mt Hope AL,N/A,"$3,499.00 ",Trail - Versatility Ranch Horse ,
16988,Draft Horse,Gelding,5 years,"16,3 hh",Brown,"Howell, MI",N/A,"$3,500.00 ",Trail - Versatility Ranch Horse ,
16989,Percheron,Mare,5 years,N/A,N/A,Howell MI,N/A,"$3,500.00 ",Trail - Versatility Ranch Horse ,
16990,Paint Horse,Mare,10 years,N/A,N/A,Weatherford TX,N/A,"$3,500.00 ",Trail - Versatility Ranch Horse ,
16991,American Quarter Horse,Mare,10 years,"13,1 hh",Tobiano-all-colors,Weatherford TX,N/A,"$3,500.00 ",Trail - Versatility Ranch Horse ,
16992,Friesian horses Mix,Gelding,6 years,15 hh,Roan-Blue,"Hartville, MO",N/A,N/A,Trail - Versatility Ranch Horse - Cowhorse - Western ,
16993,Percheron,Gelding,15 years,18 hh,Black,MOntgomery TX,N/A,"$3,500.00 ",Trail - Driving ,
16994,PRE,Mare,2 years,"14,2 hh",Palomino,Rafelguaraf,"6,500","$6,923.00 ",Dressage - Working Equitation - Baroque - Leisure ,
16995,PRE,Mare,2 years,"14,2 hh",Palomino,Rafelguaraf,"6,500","$6,923.00 ",Dressage - Working Equitation - Baroque - Leisure ,
16996,Trakehner,Mare,4 years,16 hh,Bay-Dark,Beckum,"16,000","$17,040.00 ",Breeding ,
16997,PRE,Stallion,3 years,16 hh,Gray,Menorca,N/A,N/A,Dressage - Working Equitation - Baroque - Eventing ,
16998,Trakehner,Mare,4 years,N/A,N/A,Krefeld,"28,000","$29,821.00 ",Dressage ,
16999,Friesian horses,Stallion,8 years,"16,1 hh",Black,Martfeld,"70,000","$74,552.00 ",Dressage - Show - Baroque - Leisure ,
17000,Hanoverian,Stallion,1 year,N/A,N/A,Holzerode,"9,999","$10,649.00 ",Dressage ,
17001,Trakehner,Stallion,1 year,"16,2 hh",Black,Adelsried,"10,000","$10,650.00 ",Dressage - Breeding ,
17002,Icelandic Horse,Mare,10 years,N/A,N/A,Obertilliach,"4,899","$5,218.00 ",Leisure ,
17003,Straight Egyptian,Mare,7 years,15 hh,Black,Monheim,N/A,N/A,Breeding - Leisure ,
17004,Oldenburg,Stallion,1 year,N/A,N/A,Großenkneten,"6,500","$6,923.00 ",Dressage ,
17005,Tennessee walking horse,Gelding,3 years,15 hh,Bay,"Lewisburg, TN",N/A,"$20,000.00 ",Gaited - Trail ,
17006,Andalusian,Mare,1 year,"15,2 hh",Brown,Menorca,"4,000","$4,260.00 ",Dressage - Working Equitation - Baroque - Eventing ,
17007,Hispano Arabian,Mare,9 years,15 hh,Gray,Mallorca,"7,500","$7,988.00 ",Leisure - Working Equitation - Eventing - Jumping ,
17008,Tennessee walking horse,Mare,7 years,15 hh,Black,Whitley City,N/A,"$3,500.00 ",Gaited - Western allround - Trail ,
17009,Haflinger,Gelding,4 years,"14,3 hh",Chestnut-Red,Seebad Bansin,"8,000","$8,520.00 ",Leisure - Driving - Dressage ,
17010,Oldenburg,Mare,1 year,"16,1 hh",N/A,Bramsche,"10,000","$10,650.00 ",Dressage - Hunter under saddle - Jumping - Leisure,
17011,PRE,Mare,2 years,"14,1 hh",N/A,Baza,"5,000","$5,325.00 ",Dressage ,
17012,PRE,Stallion,6 years,"15,2 hh",Black,Provinz Cordoba,"10,000","$10,650.00 ",Dressage - Working Equitation - Eventing - Leisure ,
17013,PRE,Mare,6 years,"16,1 hh",Brown,Provinz Cordoba,"20,000","$21,301.00 ",Dressage - Working Equitation - Breeding - Leisure ,
17014,PRE,Mare,4 years,16 hh,Dun,Provinz Cordoba,"15,000","$15,975.00 ",Breeding - Working Equitation - Leisure - Dressage ,
17015,Tennessee walking horse,Gelding,4 years,15 hh,Gray,"Sneedville, TN",N/A,"$37,869.00 ",Trail - Gaited ,
17016,Tennessee walking horse,Gelding,8 years,16 hh,Roan-Bay,"Willow Springs, MO",N/A,"$4,000.00 ",Trail - Western allround - Versatility Ranch Horse - Western ,
17017,Tennessee walking horse,Gelding,10 years,15 hh,Chestnut,"Park Hills,MO",N/A,"$5,500.00 ",Gaited - Western allround - Trail - Show ,
17018,Missouri Foxtrotter,Gelding,7 years,"14,1 hh",Roan-Red,"West Springfield, PA",N/A,N/A,Trail - Gaited ,
17019,Missouri Foxtrotter,Gelding,8 years,13 hh,Bay,"Rockholds, KY",N/A,"$4,500.00 ",Gaited - Driving ,
17020,Oldenburg,Mare,6 years,"16,3 hh",Black,Kirchdorf,"18,500","$19,703.00 ",Dressage - Breeding - Eventing - Leisure,
17021,Hanoverian,Mare,1 year,"16,2 hh",Bay-Dark,Hetschburg,"15,000","$15,975.00 ",Dressage - Show - Breeding ,
17022,PRE Mix,Gelding,8 years,"16,3 hh",Gray,Navas Del Madroño,"100,000","$106,503.00 ",Eventing ,
17023,Trakehner,Stallion,1 year,"16,2 hh",Smoky-Black,Bargstedt,"7,500","$7,988.00 ",Dressage ,
17024,Trakehner,Stallion,1 year,"16,2 hh",Brown,Walsrode,"10,000","$10,650.00 ",Dressage ,
17025,Trakehner,Stallion,1 year,"16,2 hh",Brown,Salzhausen,"8,000","$8,520.00 ",Jumping ,
17026,Tennessee walking horse,Gelding,10 years,15 hh,Buckskin,"Independence, LA",N/A,"$5,499.00 ",Gaited - Western allround - Versatility Ranch Horse - Trail ,
17027,Quarter Pony,Gelding,5 years,13 hh,Sorrel,"Willow Springs, MO",N/A,$300.00 ,Trail - Western allround - Versatility Ranch Horse - Cowhorse ,
17028,American Quarter Horse,Mare,1 year,15 hh,Buckskin,Bergkamen,"8,000","$8,520.00 ",Western - Western allround - Reining - Breeding ,
17029,Missouri Foxtrotter,Gelding,11 years,15 hh,Bay,"Houston, MO",N/A,"$4,000.00 ",Gaited - Trail - Western Pleasure ,
17030,Shetland Ponies,Mare,2 years,N/A,N/A,Rhinow,"1,500","$1,598.00 ",Show - Versatility Ranch Horse - Leisure - Driving ,
17031,Berber,Mare,3 years,15 hh,N/A,Marseille 15,"18,000","$19,170.00 ",Breeding - Working Equitation - Endurance - Leisure ,
17032,Hanoverian,Gelding,6 years,N/A,N/A,Visselhövede,"15,000","$15,975.00 ",Dressage ,
17033,American Quarter Horse,Stallion,5 years,"14,2 hh",Brown,Steinen,"12,500","$13,313.00 ",Western - Cowhorse - Leisure - Mating ,
17034,PRE Mix,Stallion,11 years,"16,2 hh",Gray-Dapple,Martfeld,"40,000","$42,601.00 ",Dressage - Show - Baroque - Leisure ,
17035,German Sport Horse,Mare,5 years,16 hh,Black,Altenberge,"25,000","$26,626.00 ",Dressage - Leisure ,
17036,Donkey,Mare,4 years,"12,2 hh",Bay-Dark,Bornich,"3,500","$3,728.00 ",Driving - Breeding - Leisure ,
17037,Donkey,Mare,4 years,"15,1 hh",Brown,Bornich,"5,500","$5,858.00 ",Leisure - Breeding - Driving ,
17038,Haflinger,Stallion,2 years,"15,1 hh",N/A,Trebbin,"5,000","$5,325.00 ",Dressage - Eventing - Jumping - Mating ,
17039,Noriker,Mare,17 years,16 hh,Chestnut-Red,Obertilliach,"4,500","$4,793.00 ",Leisure ,
17040,Noriker,Mare,4 years,"15,3 hh",N/A,Obertilliach,N/A,N/A,Leisure ,
17041,Haflinger,Gelding,9 years,"14,3 hh",N/A,Obertilliach,"4,900","$5,219.00 ",Leisure ,
17042,Tennessee walking horse,Gelding,6 years,15 hh,Palomino,"Hustonville, KY",N/A,"$3,500.00 ",Gaited - Western allround - Trail - Hunting ,
17043,KWPN,Gelding,10 years,"16,2 hh",Bay-Dark,Přelíc,"100,000","$106,503.00 ",Dressage ,
17044,Spotted Saddle Horse,Gelding,10 years,14 hh,Palomino,"Whitley City, KY",N/A,"$4,499.00 ",Gaited - Western allround - Trail ,
17045,Thoroughbred,Gelding,12 years,"16,1 hh",Chestnut-Red,Langenhagen,"40,000","$42,601.00 ",Eventing ,
17046,Thoroughbred,Mare,21 years,16 hh,Brown,Kollmoor,"4,000","$4,260.00 ",Breeding ,
17047,Westphalian,Gelding,6 years,"16,1 hh",Chestnut-Red,Bönen,"100,000","$106,503.00 ",Dressage,
17048,German Riding Pony,Stallion,1 year,N/A,N/A,Frankenberg (Eder),"12,000","$12,780.00 ",Dressage - Breeding - Jumping - Mating ,
17049,American Quarter Horse,Gelding,14 years,N/A,N/A,Weatherford TX,N/A,"$3,499.00 ",Trail - Versatility Ranch Horse ,
17050,American Quarter Horse,Gelding,14 years,"14,2 hh",Chestnut,Weatherford TX,N/A,"$3,500.00 ",Trail - Versatility Ranch Horse ,
17051,American Quarter Horse,Gelding,12 years,"14,3 hh",Roan-Blue,Valley Springs CA,N/A,"$3,500.00 ",Trail - Versatility Ranch Horse ,
17052,American Quarter Horse,Gelding,13 years,15 hh,Gray,Bitterwater CA,N/A,"$3,500.00 ",Trail - Versatility Ranch Horse ,
17053,American Quarter Horse,Gelding,8 years,15 hh,Roan-Red,Pleasant Grove CA,N/A,"$3,500.00 ",Trail - Versatility Ranch Horse ,
17054,American Quarter Horse,Gelding,5 years,"15,2 hh",Black,Robards KY,N/A,"$3,500.00 ",Trail - Versatility Ranch Horse ,
17055,American Quarter Horse,Gelding,4 years,N/A,N/A,Paicines CA,N/A,"$3,501.00 ",Trail - Versatility Ranch Horse ,
17056,American Quarter Horse,Gelding,9 years,N/A,N/A,Stephenville Tx,N/A,"$3,500.00 ",Trail - Versatility Ranch Horse ,
17057,American Quarter Horse,Gelding,11 years,"15,1 hh",Buckskin,Paicines CA,N/A,"$3,500.00 ",Trail - Versatility Ranch Horse ,
17058,Paint Horse,Gelding,10 years,N/A,N/A,"Granbury, TX",N/A,"$3,500.00 ",Trail - Versatility Ranch Horse ,
17059,American Quarter Horse,Gelding,10 years,N/A,N/A,Granbury TX,N/A,"$3,500.00 ",Trail - Versatility Ranch Horse ,
17060,American Quarter Horse,Gelding,7 years,"15,2 hh",Roan-Blue,Santa Fe TN,N/A,"$3,500.00 ",Trail - Versatility Ranch Horse ,
17061,American Quarter Horse,Gelding,4 years,"14,1 hh",Gray,Howell MI,N/A,"$3,500.00 ",Trail - Versatility Ranch Horse ,
17062,American Quarter Horse,Gelding,15 years,"14,1 hh",Buckskin,Stephenville TX,N/A,"$3,500.00 ",Trail - Versatility Ranch Horse ,
17063,American Quarter Horse,Gelding,6 years,"14,2 hh",Palomino,Ocala FL,N/A,"$3,500.00 ",Trail - Versatility Ranch Horse ,
17064,Creme Horse,Gelding,6 years,"14,2 hh",Palomino,Ocala FL,N/A,"$3,500.00 ",Trail - Versatility Ranch Horse ,
17065,Creme Horse,Gelding,6 years,N/A,N/A,Ocala FL,N/A,$350.00 ,Trail - Versatility Ranch Horse ,
17066,Draft Horse,Gelding,6 years,N/A,N/A,OCala FL,N/A,"$3,500.00 ",Trail - Versatility Ranch Horse ,
17067,Draft Horse,Gelding,6 years,"14,2 hh",Palomino,Ocala FL,N/A,"$3,500.00 ",Trail - Versatility Ranch Horse ,
17068,American Quarter Horse,Gelding,6 years,N/A,N/A,"Ocala, FL",N/A,"$3,500.00 ",Trail - Versatility Ranch Horse ,
17069,Paint Horse,Stallion,1 year,15 hh,Champagne,Buchbach,"4,000","$4,260.00 ",Western - Western allround - Show - Breeding,"vet-check, 5 Panel Test N/N, Directly from the breeder"
17070,Mule,Gelding,6 years,15 hh,Bay,Santa Fe TN,N/A,"$3,500.00 ",Trail - Versatility Ranch Horse ,
17071,Andalusian,Gelding,11 years,"15,1 hh",Bay,Stephenville TX,N/A,"$3,500.00 ",Trail - Versatility Ranch Horse ,
17072,American Quarter Horse,Gelding,11 years,15 hh,Bay,Danville IN,N/A,"$3,500.00 ",Trail - Versatility Ranch Horse ,
17073,Paint Horse,Mare,15 years,15 hh,Tobiano-all-colors,bORDEN in,N/A,"$3,500.00 ",Trail - Versatility Ranch Horse ,
17074,Mule,Stallion,8 years,12 hh,Black,Fairfield TX,N/A,"$3,500.00 ",Breeding ,
17075,Mule,Gelding,12 years,N/A,N/A,freeburg IL,N/A,"$3,500.00 ",Trail - Versatility Ranch Horse ,
17076,American Quarter Horse,Gelding,11 years,"15,2 hh",Bay,Dawson GA,N/A,"$3,500.00 ",Trail - Versatility Ranch Horse ,
17077,German Sport Horse,Stallion,1 year,17 hh,Smoky-Black,Oberseifersdorf,"7,500","$7,988.00 ",Jumping - Eventing,
17078,German Sport Horse,Stallion,1 year,N/A,N/A,Uttenweiler,"4,500","$4,793.00 ",Jumping - Eventing - Leisure ,
17079,Tennessee walking horse,Gelding,7 years,16 hh,Bay,"Hustonville, KY",N/A,"$3,500.00 ",Trail - Gaited ,
17080,Hungarian Sport Horse,Stallion,2 years,"14,1 hh",Chestnut,Abda,"5,000","$5,325.00 ",Jumping - Breeding - Dressage ,
17081,Hungarian Sport Horse,Mare,2 years,"12,2 hh",Chestnut,Abda,"5,000","$5,325.00 ",Jumping - Breeding - Eventing ,
17082,German Riding Pony,Mare,1 year,10 hh,Palomino,Stakendorf,"7,000","$7,455.00 ",Dressage ,
17083,German Riding Pony,Stallion,1 year,10 hh,Palomino,Stakendorf,"6,000","$6,390.00 ",Dressage ,
17084,Hanoverian,Gelding,5 years,"16,2 hh",Black,Tiddische,"40,000","$42,601.00 ",Dressage ,
17085,German Riding Pony,Gelding,13 years,"14,2 hh",Dun,Berlin,"20,000","$21,301.00 ",Dressage ,
17086,Westphalian,Mare,1 year,N/A,N/A,Frankenberg (Eder),"7,500","$7,988.00 ",Dressage - Breeding - Jumping ,
17087,Westphalian,Stallion,1 year,N/A,N/A,Frankenberg (Eder),"10,000","$10,650.00 ",Jumping - Breeding - Mating - Dressage ,
17088,Westphalian,Stallion,1 year,N/A,N/A,Frankenberg (Eder),"9,500","$10,118.00 ",Dressage - Jumping - Mating ,
17089,Andalusian,Mare,17 years,"15,1 hh",Pinto,Barbate (San Ambrosio),"5,200","$5,538.00 ",Leisure - Trail - Western - Dressage ,
17090,KWPN,Gelding,7 years,"16,1 hh",N/A,Riga,"11,000","$11,715.00 ",Dressage,"is easy to load, vet-check, Competition experience"
17091,Latvian Warmblood,Mare,12 years,"16,2 hh",N/A,Riga,"15,000","$15,975.00 ",Jumping,"vet-check, Competition experience, Equine Passport available"
17092,Arabian horses,Stallion,1 year,"15,1 hh",Brown,Herzberg am Harz,"3,500","$3,728.00 ",Leisure - Endurance - Western ,
17093,Arabian horses,Stallion,1 year,15 hh,Black,Herzberg am Harz,"4,500","$4,793.00 ",Leisure - Endurance - Breeding - Western ,
17094,Lusitano,Gelding,8 years,"15,2 hh",Brown,Sevilla,"40,000","$42,601.00 ",Dressage - Leisure ,
17095,American Quarter Horse,Gelding,14 years,14 hh,Roan-Red,"Houston, MO",N/A,"$3,000.00 ",Trail - Western allround - Versatility Ranch Horse - Cowhorse ,
17096,American Quarter Horse,Gelding,7 years,16 hh,Red Dun,"New Summerfield, TX",N/A,"$4,000.00 ",English Pleasure - Versatility Ranch Horse - Trail - Western Pleasure ,
17097,Missouri Foxtrotter,Gelding,12 years,15 hh,Sorrel,"Willow Springs, MO",N/A,"$3,500.00 ",Trail - Western allround - Gaited ,
17098,Paint Horse,Gelding,10 years,15 hh,Tobiano-all-colors,"Liberty, NC",N/A,"$3,500.00 ",Jumping - English Pleasure - Trail ,
17099,Missouri Foxtrotter,Gelding,8 years,15 hh,Palomino,"Houston, MO",N/A,"$4,000.00 ",Trail - Western allround - Gaited ,
17100,American Quarter Horse,Mare,1 year,"14,1 hh",Brown,Waldshut-Tiengen,N/A,N/A,Reining ,
17101,Oldenburg,Stallion,1 year,"16,1 hh",Black,Löningen,"10,000","$10,650.00 ",Dressage - Jumping - Leisure - Driving ,
17102,PRE Mix,Stallion,4 years,"16,2 hh",Chestnut-Red,Navas Del Madroño,"20,000","$21,301.00 ",Eventing ,
17103,Westphalian,Gelding,8 years,"16,1 hh",Chestnut-Red,Viersen,"70,000","$74,552.00 ",Jumping - Leisure - Dressage ,
17104,Donkey,Mare,9 years,14 hh,Brown-Light,Bornich,"4,500","$4,793.00 ",Breeding - Show ,
17105,Paint Horse,Stallion,1 year,"14,3 hh",Black,Düsseldorf,"6,500","$6,923.00 ",Western ,
17106,Tennessee walking horse,Gelding,10 years,14 hh,Roan-Blue,"London, KY",N/A,"$5,500.00 ",Trail - Western allround - Gaited ,
17107,Tennessee walking horse,Mare,8 years,14 hh,Gray,"Gillsville, ga",N/A,"$5,000.00 ",Trail - Western allround - Gaited ,
17108,Oldenburg,Mare,1 year,"16,2 hh",Black,Emstek,"10,000","$10,650.00 ",Dressage - Breeding - Jumping - Leisure ,
17109,Percheron,Gelding,6 years,16 hh,Bay,"Houston, MO",N/A,"$3,500.00 ",Trail - Western allround ,
17110,Arabian horses,Stallion,1 year,15 hh,Brown,Herzberg am Harz,"3,500","$3,728.00 ",Leisure - Endurance - Western ,
17111,Appaloosa,Mare,15 years,"15,1 hh",Brown,Unterletzen,N/A,N/A,Leisure ,
17112,American Quarter Horse,Mare,11 years,"14,3 hh",Brown,Gießen,"9,900","$10,544.00 ",Western - Leisure,"is lunged, is worked on the ground, 5 Panel Test N/N"
17113,Connemara,Mare,4 years,"14,1 hh",Gray,Mountrath,"7,500","$7,988.00 ",Jumping - Eventing - Leisure - Dressage,"suitable as school horse/pony, Reliable for trail riding, is allrounder"
17114,Mule,Mare,4 years,13 hh,Sorrel,"Gerald, MO",N/A,"$1,500.00 ",Gaited - Trail - Driving ,
17115,Tennessee walking horse,Gelding,5 years,15 hh,Gray,"Albany, KY",N/A,"$4,600.00 ",Trail - Show ,
17116,Lusitano,Gelding,5 years,"15,2 hh",Brown,Sevilla,"40,000","$42,601.00 ",Dressage ,
17117,Andalusian,Gelding,10 years,"16,1 hh",Gray-Dapple,Ocala FL,N/A,"$3,500.00 ",Trail - Versatility Ranch Horse ,
17118,Paint Horse,Gelding,12 years,N/A,N/A,Pleasant Grove CA,N/A,"$3,500.00 ",Trail - Versatility Ranch Horse ,
17119,Appaloosa,Gelding,13 years,14 hh,Black,Ewing KY,N/A,"$3,500.00 ",Trail - Versatility Ranch Horse ,
17120,Andalusian,Stallion,3 years,"16,2 hh",Gray,Menorca,N/A,N/A,Dressage - Working Equitation - Baroque - Eventing ,
17121,Arabian horses,Stallion,1 year,"15,1 hh",Black,Herzberg am Harz,"4,500","$4,793.00 ",Leisure - Endurance - Breeding - Western ,
17122,Curly horse,Stallion,11 years,"14,3 hh",Chestnut,FRANCE,"7,500","$7,988.00 ",Breeding - Trail - Western - Leisure,
17123,Lusitano,Stallion,4 years,"15,2 hh",Gray,Navas Del Madroño,"20,000","$21,301.00 ",Eventing ,
17124,Curly horse,Mare,2 years,"12,2 hh",Roan-Blue,france,"4,500","$4,793.00 ",Breeding - English Pleasure - Leisure,
17125,PRE Mix,Stallion,7 years,"16,2 hh",Gray,Navas Del Madroño,"40,000","$42,601.00 ",Eventing ,
17126,American Quarter Horse,Gelding,11 years,"14,3 hh",Buckskin,"CANYON, TX",N/A,"$3,500.00 ",Versatility Ranch Horse - Trail ,
17127,American Quarter Horse,Gelding,12 years,"15,1 hh",Chestnut,"WEATHERFORD, TX",N/A,"$3,500.00 ",Versatility Ranch Horse - Trail ,
17128,Draft Horse,Gelding,6 years,"16,1 hh",Black,"FAIRBANK, IA",N/A,"$3,500.00 ",Versatility Ranch Horse - Trail ,
17129,Friesian horses,Gelding,6 years,"16,1 hh",Black,"FAIRBANK, IA",N/A,"$3,500.00 ",Versatility Ranch Horse - Trail ,
17130,Draft Horse,Gelding,6 years,"16,1 hh",Black,"FAIRBANK, IA",N/A,"$3,500.00 ",Versatility Ranch Horse - Trail ,
17131,Friesian horses,Gelding,6 years,"16,1 hh",Black,"FAIRBANK, IA",N/A,"$3,500.00 ",Versatility Ranch Horse - Trail ,
17132,American Quarter Horse,Gelding,13 years,15 hh,Grullo,"BITTERWATER, CA",N/A,"$3,500.00 ",Versatility Ranch Horse - Trail ,
17133,Haflinger,Gelding,12 years,"14,2 hh",Palomino,"WEATHERFORD, TX",N/A,"$3,500.00 ",Versatility Ranch Horse - Trail ,
17134,American Quarter Horse,Gelding,12 years,"14,2 hh",Palomino,"WEATHERFORD, TX",N/A,"$3,500.00 ",Versatility Ranch Horse - Trail ,
17135,American Quarter Horse,Gelding,6 years,"15,1 hh",Bay,"SANDSTON, VA",N/A,"$3,500.00 ",Versatility Ranch Horse - Trail ,
17136,American Quarter Horse,Gelding,6 years,"15,2 hh",Chestnut-Red,"BENTON, KY",N/A,"$3,500.00 ",Versatility Ranch Horse - Trail ,
17137,Paint Horse,Mare,12 years,14 hh,Buckskin,"VALLEY SPRINGS, CA",N/A,"$3,500.00 ",Versatility Ranch Horse - Trail ,
17138,American Quarter Horse,Mare,12 years,14 hh,Buckskin,"VALLEY SPRINGS, CA",N/A,"$3,500.00 ",Versatility Ranch Horse - Trail ,
17139,American Quarter Horse,Gelding,10 years,15 hh,Roan-Red,"STEPHENVILLE, TX",N/A,"$3,500.00 ",Versatility Ranch Horse - Trail ,
17140,Draft Horse,Gelding,8 years,"17,1 hh",Bay,"LEXINGTON, KY",N/A,"$3,500.00 ",Trail - English Pleasure - Western Pleasure - Jumping ,
17141,Shire Horse,Gelding,12 years,"16,3 hh",Black,"OCALA, FL",N/A,"$3,500.00 ",Trail - Hunting - Jumping ,
17142,American Quarter Horse,Gelding,10 years,"16,3 hh",Black,"OCALA, FL",N/A,"$3,500.00 ",Trail - Hunting - Jumping ,
17143,Draft Horse,Gelding,13 years,"16,2 hh",Black,"STEPHENVILLE, TX",N/A,"$3,500.00 ",Versatility Ranch Horse - Trail ,
17144,American Quarter Horse,Gelding,13 years,N/A,N/A,"STEPHENVILLE, TX",N/A,"$3,500.00 ",Versatility Ranch Horse - Trail ,
17145,Paint Horse,Gelding,12 years,N/A,N/A,"PAICINES, CA",N/A,"$3,500.00 ",Versatility Ranch Horse - Trail ,
17146,American Quarter Horse,Gelding,12 years,N/A,N/A,"PAICINES, CA",N/A,"$3,500.00 ",Versatility Ranch Horse - Trail ,
17147,American Quarter Horse,Gelding,8 years,15 hh,Roan-Bay,"CANYON, TX",N/A,"$3,500.00 ",Versatility Ranch Horse - Trail ,
17148,American Quarter Horse,Gelding,12 years,"15,1 hh",Palomino,"PLEASANT GROVE, CA",N/A,"$3,500.00 ",Versatility Ranch Horse - Trail ,
17149,American Quarter Horse,Mare,13 years,14 hh,Black,"EWING, KY",N/A,"$3,500.00 ",Versatility Ranch Horse - Trail ,
17150,American Quarter Horse,Gelding,9 years,N/A,N/A,"WEATHERFORD, TX",N/A,"$3,500.00 ",Versatility Ranch Horse - Trail ,
17151,Paint Horse,Mare,14 years,15 hh,Gray,"Fort Pierce, FL",N/A,"$3,500.00 ",Gaited - Western allround - Trail - Western Pleasure ,
17152,KWPN,Mare,16 years,17 hh,Bay-Dark,Deensen,"26,000","$27,691.00 ",Dressage - Jumping,"suitable for beginners, Reliable for trail riding, is allrounder"
17153,Oldenburg,Mare,4 years,"16,3 hh",Chestnut,Werder,"18,000","$19,170.00 ",Dressage - Breeding ,
17154,Trakehner,Mare,16 years,"16,1 hh",Brown,Hatzfeld (Eder),"5,500","$5,858.00 ",Dressage ,
17155,Trakehner,Mare,3 years,16 hh,Gray,Hürtgenwald,"15,000","$15,975.00 ",Dressage ,
17156,American Quarter Horse,Stallion,1 year,15 hh,Palomino,Herzberg am Harz,"7,500","$7,988.00 ",Western - Leisure ,
17157,Zangersheider,Stallion,1 year,N/A,N/A,Schwarmstedt,"16,000","$17,040.00 ",Jumping,
17158,American Quarter Horse,Gelding,9 years,"15,1 hh",Gray,"STEPHENVILLE, TX",N/A,"$3,500.00 ",Versatility Ranch Horse - Trail ,
17159,American Quarter Horse,Gelding,12 years,"15,2 hh",Bay,"PLEASANT GROVE, CA",N/A,"$3,500.00 ",Versatility Ranch Horse - Trail ,
17160,Friesian horses,Gelding,10 years,"16,1 hh",Gray,"OCALA, FL",N/A,"$3,500.00 ",Dressage - Trail - Jumping ,
17161,American Quarter Horse,Gelding,11 years,"14,3 hh",Buckskin,"canyon, tx",N/A,"$3,500.00 ",Versatility Ranch Horse - Trail ,
17162,American Quarter Horse,Gelding,12 years,N/A,N/A,"WEATHERFORD, TX",N/A,"$3,500.00 ",Versatility Ranch Horse - Trail ,
17163,Tennessee walking horse,Gelding,7 years,15 hh,Roan-Blue,"Gruetli Laager, TN",N/A,"$4,000.00 ",Driving - Trail - Gaited ,
17164,Quarter Pony,Gelding,13 years,14 hh,Gray,Joshua,N/A,N/A,Trail - Versatility Ranch Horse - Show - Western ,
17165,Zangersheider,Stallion,1 year,N/A,N/A,Schwarmstedt,"11,000","$11,715.00 ",Jumping,
17166,Hanoverian,Mare,7 years,17 hh,Chestnut-Red,ZülpichZülpich,"3,900","$4,154.00 ",Jumping - Breeding - Eventing - Hunter ,
17167,Friesian horses,Gelding,4 years,16 hh,Black,Dalen,"9,000","$9,585.00 ",Leisure ,
17168,Friesian horses,Stallion,4 years,"15,3 hh",Black,Dalen,"9,500","$10,118.00 ",Leisure ,
17169,Friesian horses,Gelding,4 years,"15,3 hh",Black,Dalen,"9,500","$10,118.00 ",Leisure ,
17170,Hispano Arabian,Gelding,12 years,"15,3 hh",Gray,Badajoz,"6,500","$6,923.00 ",Dressage ,
17171,Azteca,Stallion,2 years,"12,1 hh",Gray,Kisbér,"2,200","$2,343.00 ",Leisure - Western Pleasure ,
17172,Lusitano,Stallion,6 years,N/A,N/A,Badajoz,"24,000","$25,561.00 ",Dressage ,
17173,Hanoverian,Stallion,1 year,N/A,N/A,Weyhe,"10,000","$10,650.00 ",Jumping - Eventing - Hunter - Dressage ,
17174,German Sport Horse,Mare,1 year,"16,2 hh",Brown,Verl,"40,000","$42,601.00 ",Jumping ,
17175,Shagya Arabian,Mare,2 years,N/A,N/A,Neuhaus in der Wart,"5,000","$5,325.00 ",Leisure - Show - Breeding - Dressage ,
17176,Shagya Arabian,Mare,2 years,N/A,N/A,Neuhaus in der Wart,"5,000","$5,325.00 ",Leisure - Show - Breeding - Dressage ,
17177,Shagya Arabian,Mare,8 years,15 hh,Bay-Dark,Neuhaus in der Wart,"3,800","$4,047.00 ",Leisure - Show - Breeding - Dressage ,
17178,Arabian Partbred,Stallion,2 years,16 hh,Brown,Bad Oldesloe,"5,500","$5,858.00 ",Dressage - Breeding - Leisure ,
17179,Straight Egyptian,Mare,1 year,15 hh,Brown,Monheim,"8,000","$8,520.00 ",Leisure - Endurance - Breeding - Western ,
17180,Draft Horse Mix,Gelding,8 years,"15,2 hh",Roan-Red,"Elbert, CO",N/A,N/A,Trail - Versatility Ranch Horse - Western ,
17181,Missouri Foxtrotter,Gelding,10 years,15 hh,Roan-Red,"Houston, mo",N/A,"$5,000.00 ",Gaited - Trail ,
17182,German Sport Horse,Mare,3 years,"16,2 hh",Bay-Dark,Bad Griesbach im Rottal,"16,500","$17,573.00 ",Dressage - Jumping - Hunter - Leisure ,
17183,Arabian horses,Gelding,2 years,N/A,N/A,Herzberg am Harz,"4,500","$4,793.00 ",Leisure - Endurance - Breeding - Western ,
17184,Tennessee walking horse,Gelding,10 years,14 hh,Gray,"Otis Orchards, WA",N/A,"$3,000.00 ",Trail - Gaited ,
17185,American Quarter Horse,Stallion,1 year,"14,2 hh",Brown,Waldshut-Tiengen,N/A,N/A,Reining - Western - Leisure ,
17186,Austrian Warmblood,Stallion,1 year,"16,2 hh",Black,Gampern,N/A,N/A,Dressage - Breeding - Leisure ,
17187,Hanoverian,Mare,1 year,"16,1 hh",Brown,Mansfeld,"3,900","$4,154.00 ",Dressage - Eventing - Jumping ,
17188,Friesian horses Mix,Mare,7 years,"15,2 hh",Champagne,"Eatonton, GA",N/A,N/A,Trail - Endurance - Western - Dressage ,
17189,Quarter Pony,Gelding,15 years,13 hh,Tobiano-all-colors,"Gillsville, GA",N/A,"$1,500.00 ",Trail - Western allround - Gaited ,
17190,Tennessee walking horse,Gelding,6 years,15 hh,Black,"Otis Orchards, WA",N/A,"$3,000.00 ",Trail - Gaited ,
17191,Missouri Foxtrotter,Mare,12 years,14 hh,Champagne,"Gillsville, GA",N/A,"$5,000.00 ",Trail - Gaited ,
17192,German Sport Horse,Gelding,5 years,"15,2 hh",Brown,Mülheim an der Ruhr,"5,000","$5,325.00 ",Leisure - Western - Jumping - Dressage ,
17193,Tennessee walking horse,Gelding,5 years,15 hh,Gray,"Hustonville, KY",N/A,"$5,500.00 ",Gaited - Trail - Show - Driving ,
17194,Tennessee walking horse,Gelding,13 years,15 hh,Buckskin,"Gillsville, ga",N/A,"$5,000.00 ",Gaited - Trail ,
17195,Tennessee walking horse,Gelding,13 years,16 hh,Roan-Red,"Park Hills, MO",N/A,"$5,000.00 ",Gaited - Western allround - Trail ,
17196,Tennessee walking horse,Mare,17 years,14 hh,Sorrel,"Fort Pierce, FLORDIA",N/A,"$3,500.00 ",Show - Trail - Gaited ,
17197,Kentucky Mountain Saddle Horse,Gelding,11 years,"15,1 hh",Black,Parkers Lake Ky,N/A,"$3,500.00 ",Trail - Versatility Ranch Horse ,
17198,Tennessee walking horse,Gelding,11 years,"15,1 hh",Black,Parkers Lake KY,N/A,"$3,502.00 ",Trail - Gaited ,
17199,Kentucky Mountain Saddle Horse,Gelding,12 years,"14,2 hh",Palomino,Parkers Lake Ky,N/A,"$3,500.00 ",Trail - Versatility Ranch Horse ,
17200,Tennessee walking horse,Gelding,12 years,"14,2 hh",Palomino,Parkers Lake KY,N/A,"$3,498.00 ",Trail - Gaited ,
17201,Hanoverian,Stallion,1 year,N/A,N/A,Winsen (Luhe),"7,500","$7,988.00 ",Dressage - Leisure ,
17202,PRE Mix,Stallion,7 years,"15,3 hh",Brown,Navas Del Madroño,"40,000","$42,601.00 ",Eventing ,
17203,PRE Mix,Mare,5 years,16 hh,Brown,Navas Del Madroño,"40,000","$42,601.00 ",Eventing ,
17204,PRE Mix,Stallion,6 years,"17,1 hh",Gray,Navas Del Madroño,"70,000","$74,552.00 ",Eventing ,
17205,PRE Mix,Gelding,10 years,"16,3 hh",Gray,Navas Del Madroño,"40,000","$42,601.00 ",Eventing ,
17206,PRE,Gelding,4 years,"15,2 hh",Black,Provinz Malaga,"15,000","$15,975.00 ",Dressage - Working Equitation - Eventing - Leisure ,
17207,PRE,Stallion,4 years,16 hh,Gray,Mallorca,"8,500","$9,053.00 ",Leisure - Working Equitation - Baroque - Eventing ,
17208,American Quarter Horse,Gelding,8 years,14 hh,Gray,Weatherford TX,N/A,"$3,500.00 ",Trail - Versatility Ranch Horse ,
17209,American Quarter Horse,Gelding,8 years,16 hh,Dun,Paicines CA,N/A,"$3,500.00 ",Trail - Versatility Ranch Horse ,
17210,American Quarter Horse,Gelding,11 years,"14,3 hh",Palomino,Bitterwater CA,N/A,"$3,500.00 ",Trail - Versatility Ranch Horse ,
17211,Friesian horses,Gelding,11 years,15 hh,Roan-Bay,Paicines CA,N/A,"$3,500.00 ",Trail - Versatility Ranch Horse ,
17212,American Quarter Horse,Gelding,7 years,"15,1 hh",Gray-Dapple,Pleasant Grove CA,N/A,"$3,500.00 ",Trail - Versatility Ranch Horse ,
17213,Anglo European Studbook,Gelding,7 years,17 hh,Chestnut,Nový Bydžov,"15,000","$15,975.00 ",Jumping - Leisure - Dressage,"Reliable for trail riding, is easy to load, vet-check"
17214,American Quarter Horse,Gelding,10 years,N/A,N/A,Stephenville TX,N/A,"$3,500.00 ",Trail - Versatility Ranch Horse ,
17215,Paint Horse,Gelding,10 years,"14,2 hh",Tobiano-all-colors,Stephenville TX,N/A,"$3,500.00 ",Trail - Versatility Ranch Horse ,
17216,American Quarter Horse,Gelding,11 years,"15,1 hh",Palomino,Granbury TX,N/A,"$3,500.00 ",Trail - Versatility Ranch Horse ,
17217,American Quarter Horse,Gelding,14 years,"15,1 hh",Bay,Weatherford TX,N/A,"$3,500.00 ",Trail - Versatility Ranch Horse ,
17218,More ponies/small horses,Gelding,5 years,"14,1 hh",Chestnut-Red,Iggingen,"10,000","$10,650.00 ",Dressage - Jumping - Leisure ,
17219,American Quarter Horse,Mare,2 years,15 hh,Roan-Blue,Elmenhorst-Lichtenhagen,"10,500","$11,183.00 ",Western - Leisure,
17220,Draft Horse,Gelding,7 years,N/A,N/A,Level Green Ky,N/A,"$3,500.00 ",Trail - Versatility Ranch Horse ,
17221,Draft Horse,Gelding,7 years,"15,2 hh",Palomino,Level Green KY,N/A,"$3,500.00 ",Trail - Versatility Ranch Horse ,
17222,Draft Horse,Gelding,7 years,"15,2 hh",Palomino,Level Green Ky,N/A,"$3,500.00 ",Trail - Versatility Ranch Horse ,
17223,American Quarter Horse,Gelding,7 years,"15,2 hh",Palomino,Level Green KY,N/A,"$3,500.00 ",Trail - Versatility Ranch Horse ,
17224,American Quarter Horse,Gelding,7 years,"15,2 hh",Palomino,Level Green KY,N/A,"$3,500.00 ",Trail - Versatility Ranch Horse ,
17225,American Quarter Horse,Gelding,7 years,"15,2 hh",Palomino,Level Green KY,N/A,"$3,500.00 ",Trail - Versatility Ranch Horse ,
17226,Draft Horse,Gelding,8 years,"16,1 hh",Roan-Blue,Rusk TX,N/A,"$3,500.00 ",Trail - Versatility Ranch Horse ,
17227,Draft Horse,Gelding,8 years,N/A,N/A,Rusk TX,N/A,"$3,500.00 ",Trail - Versatility Ranch Horse ,
17228,American Quarter Horse,Gelding,16 years,"15,2 hh",Bay,Weatherford TX,N/A,"$3,500.00 ",Trail - Versatility Ranch Horse ,
17229,Friesian horses,Mare,8 years,"14,2 hh",Bay,Warsaw NY,N/A,"$3,500.00 ",Trail - Versatility Ranch Horse ,
17230,Gypsy Horse,Gelding,8 years,"14,2 hh",Bay,Warsaw NY,N/A,"$3,500.00 ",Trail - Versatility Ranch Horse ,
17231,American Quarter Horse,Gelding,8 years,"14,1 hh",Tobiano-all-colors,Sturgis MI,N/A,"$3,500.00 ",Trail - Versatility Ranch Horse ,
17232,Missouri Foxtrotter,Gelding,7 years,"15,3 hh",Gray,Ewing KY,N/A,"$3,500.00 ",Trail - Gaited ,
17233,Tennessee walking horse,Gelding,7 years,"15,3 hh",Gray-Dapple,Ewing KY,N/A,"$3,500.00 ",Trail - Versatility Ranch Horse ,
17234,Draft Horse,Gelding,8 years,"16,3 hh",Gray-Dapple,"Warsaw, NY",N/A,"$3,500.00 ",Trail - Jumping ,
17235,Percheron,Gelding,8 years,"16,3 hh",Gray-Dapple,Warsaw NY,N/A,"$3,500.00 ",Trail - Jumping ,
17236,Mule,Mare,14 years,"14,1 hh",Dun,Brooksville Ky,N/A,"$3,500.00 ",Trail - Gaited ,
17237,Tennessee walking horse,Mare,14 years,N/A,N/A,"Brooksville, KY",N/A,"$3,500.00 ",Trail - Gaited ,
17238,American Quarter Horse,Gelding,8 years,"12,2 hh",Gray,Gainesville TX,N/A,"$3,500.00 ",Trail - Versatility Ranch Horse ,
17239,American Quarter Horse,Gelding,7 years,"15,1 hh",Bay,"New Park, PA",N/A,"$3,500.00 ",Trail - Versatility Ranch Horse ,
17240,American Quarter Horse,Gelding,14 years,"15,1 hh",Gray,Danville IN,N/A,"$3,500.00 ",Trail - Versatility Ranch Horse ,
17241,Heavy Warmblood,Gelding,5 years,"15,2 hh",Black,Thießen,"15,000","$15,975.00 ",Driving ,
17242,Tennessee walking horse,Gelding,6 years,15 hh,Gray,"Salt Lick, KY",N/A,"$5,500.00 ",Trail - Western Pleasure - Gaited ,
17243,Welsh B,Stallion,1 year,N/A,N/A,Wörth an der Donau,"3,200","$3,408.00 ",Leisure ,
17244,German Sport Horse,Stallion,2 years,N/A,N/A,Wörth an der Donau,"9,500","$10,118.00 ",Dressage ,
17245,German Riding Pony,Mare,6 years,"14,1 hh",Buckskin,Salzhemmendorf,"14,000","$14,910.00 ",Dressage - Breeding - Jumping - Leisure ,
17246,Hanoverian,Mare,4 years,16 hh,Chestnut-Red,Hoya,"10,000","$10,650.00 ",Dressage - Breeding - Jumping - Leisure ,
17247,Spotted Saddle Horse,Mare,10 years,14 hh,Tobiano-all-colors,"Winchester,Ky",N/A,"$4,000.00 ",Trail - Western Pleasure - Gaited - Show ,
17248,Andalusian,Stallion,4 years,16 hh,Gray,Mallorca,"8,500","$9,053.00 ",Leisure - Working Equitation - Baroque - Driving ,
17249,PRE,Stallion,5 years,"15,2 hh",Champagne,Rafelguaraf,"25,000","$26,626.00 ",Dressage - Working Equitation - Baroque - Leisure ,
17250,Straight Egyptian,Stallion,3 years,"15,1 hh",Brown,Biesdorf,"5,900","$6,284.00 ",Leisure - Endurance - Breeding ,
17251,Tennessee walking horse,Gelding,13 years,15 hh,Black,"Boon, MI",N/A,"$4,500.00 ",Trail - Gaited ,
17252,KWPN,Gelding,12 years,16 hh,Black,Madrid,"70,000","$74,552.00 ",Dressage ,
17253,Missouri Foxtrotter,Gelding,14 years,15 hh,Buckskin,"Houston, MO",N/A,"$5,000.00 ",Gaited - Trail - Western ,
17254,KWPN,Mare,11 years,17 hh,Bay-Dark,Hummelo,N/A,N/A,Dressage ,
17255,Mule,Mare,10 years,16 hh,Chestnut,"Winchester, KY",N/A,"$5,499.00 ",Gaited - Hunter under saddle - Trail - Hunter ,
17256,Curly horse,Stallion,3 years,"14,2 hh",Chestnut,Paris,"7,200","$7,668.00 ",Western - English Pleasure - Leisure,
17257,Curly horse,Gelding,3 years,"12,2 hh",N/A,france,"6,600","$7,029.00 ",Dressage - English Pleasure - Cutting,
17258,Curly horse,Stallion,4 years,"14,2 hh",Palomino,FRANCE,"6,600","$7,029.00 ",English Pleasure - Versatility Ranch Horse - Leisure,
17259,PRE,Mare,3 years,"16,1 hh",Gray,Fuentes De Andalucia,"10,000","$10,650.00 ",Breeding - Dressage ,
17260,Oldenburg,Mare,1 year,"16,3 hh",Brown,Emstek,"7,500","$7,988.00 ",Jumping,
17261,American Quarter Horse Mix,Stallion,3 years,"14,2 hh",Brown,Grajera,"3,500","$3,728.00 ",Doma Vaquera - Working Equitation - Cowhorse - Leisure ,
17262,German Riding Pony,Gelding,3 years,14 hh,Chestnut-Red,Viersen,"7,950","$8,467.00 ",Dressage - Western - Jumping - Leisure ,
17263,Shire Horse,Mare,6 years,"16,3 hh",Gray,Bayern,"13,900","$14,804.00 ",Leisure ,
17264,Tennessee walking horse,Gelding,4 years,15 hh,Black,"Lewisburg, TN",N/A,"$3,000.00 ",Trail - Gaited ,
17265,Tennessee walking horse,Gelding,11 years,15 hh,Sorrel,"Sneedville,TN",N/A,"$3,000.00 ",Trail - Western Pleasure - Gaited - Show ,
17266,Tennessee walking horse,Stallion,3 years,14 hh,Sorrel,"Lewisburg, TN",N/A,"$3,000.00 ",Trail - Gaited ,
17267,Quarter Pony,Mare,6 years,14 hh,Bay,"Gerald, MO",N/A,"$3,500.00 ",Western allround - Versatility Ranch Horse - Trail - Western ,
17268,PRE,Stallion,14 years,"15,2 hh",Dun,Huescar,"5,000","$5,325.00 ",Breeding - Baroque - Mating ,
17269,American Quarter Horse,Gelding,7 years,15 hh,Chestnut,Valley Springs CA,N/A,"$3,500.00 ",Trail - Versatility Ranch Horse ,
17270,American Quarter Horse,Gelding,12 years,16 hh,Gray,Weatherford TX,N/A,"$3,500.00 ",Trail - Versatility Ranch Horse ,
17271,Paint Horse,Gelding,14 years,15 hh,Tobiano-all-colors,Bitterwater CA,N/A,"$3,500.00 ",Trail - Versatility Ranch Horse ,
17272,American Quarter Horse,Gelding,14 years,15 hh,Tobiano-all-colors,Bitterwater CA,N/A,"$3,500.00 ",Trail - Versatility Ranch Horse ,
17273,Paint Horse,Gelding,6 years,"15,2 hh",Gray,Paicines CA,N/A,"$3,500.00 ",Trail - Versatility Ranch Horse ,
17274,American Quarter Horse,Gelding,6 years,N/A,N/A,Paicines CA,N/A,"$3,500.00 ",Trail - Versatility Ranch Horse ,
17275,Other Warmbloods,Gelding,6 years,"15,3 hh",Bay,Fairbank IA,N/A,"$3,500.00 ",Trail - Versatility Ranch Horse ,
17276,Dutch Tuigpaard,Mare,6 years,N/A,N/A,Fairbank IA,N/A,"$3,500.00 ",Trail - Versatility Ranch Horse ,
17277,American Quarter Horse,Gelding,7 years,N/A,N/A,Weatherford TX,N/A,"$3,500.00 ",Trail - Versatility Ranch Horse ,
17278,American Quarter Horse,Gelding,6 years,"15,1 hh",Bay,Granbury TX,N/A,"$3,500.00 ",Trail - Versatility Ranch Horse ,
17279,Draft Horse,Gelding,5 years,N/A,N/A,Canyon TX,N/A,"$3,500.00 ",Trail - Versatility Ranch Horse ,
17280,American Quarter Horse,Gelding,5 years,"16,2 hh",Black,Canyon TX,N/A,"$3,500.00 ",Trail - Versatility Ranch Horse ,
17281,American Quarter Horse,Gelding,10 years,15 hh,Bay,Level Green KY,N/A,"$3,500.00 ",Trail - Versatility Ranch Horse ,
17282,Paint Horse,Mare,8 years,15 hh,Overo-all-colors,Sonora KY,N/A,"$3,500.00 ",Trail - Versatility Ranch Horse ,
17283,American Quarter Horse,Gelding,8 years,N/A,N/A,Sonora KY,N/A,"$3,500.00 ",Trail - Versatility Ranch Horse ,
17284,American Quarter Horse,Gelding,9 years,"14,3 hh",Buckskin,Sonora KY,N/A,"$3,500.00 ",Trail - Versatility Ranch Horse ,
17285,American Quarter Horse,Gelding,8 years,N/A,N/A,Priceville KY,N/A,"$3,500.00 ",Trail - Versatility Ranch Horse ,
17286,American Quarter Horse,Gelding,11 years,"15,1 hh",Chestnut,Hardinsburg IN,N/A,"$3,500.00 ",Trail - Versatility Ranch Horse ,
17287,Appaloosa,Gelding,6 years,"14,3 hh",Black,Tompkinsville Ky,N/A,"$3,500.00 ",Trail - Versatility Ranch Horse ,
17288,Friesian horses,Gelding,6 years,"14,3 hh",Black,Tompkinsville Ky,N/A,"$3,500.00 ",Trail - Versatility Ranch Horse ,
17289,American Quarter Horse,Gelding,8 years,"14,1 hh",Palomino,Sturgis MI,N/A,"$3,500.00 ",Trail - Versatility Ranch Horse ,
17290,American Quarter Horse,Gelding,5 years,"15,2 hh",Chestnut,Sonora KY,N/A,"$3,500.00 ",Trail - Versatility Ranch Horse ,
17291,Friesian horses,Gelding,6 years,15 hh,Black,Flemingsburg KY,N/A,"$3,500.00 ",Trail - Versatility Ranch Horse ,
17292,Quarab,Gelding,6 years,13 hh,Buckskin,Mt Hope Al,N/A,"$3,500.00 ",Trail - Versatility Ranch Horse ,
17293,American Quarter Horse,Gelding,14 years,15 hh,Buckskin,Pleasant Grove GA,N/A,"$3,500.00 ",Trail - Versatility Ranch Horse ,
17294,Holstein,Gelding,3 years,"16,1 hh",Smoky-Black,Hamburg Osdorf,"49,000","$52,186.00 ",Jumping - Eventing,"is broken-in, is lunged, Halter accustomed"
17295,Westphalian,Gelding,12 years,"17,1 hh",Brown,Sulzbach am Main,"70,000","$74,552.00 ",Dressage,"is incl. tack equipment, Reliable for trail riding, is easy to load"
17296,KWPN,Gelding,9 years,"16,1 hh",Brown,Valencia,"70,000","$74,552.00 ",Dressage,
17297,Hanoverian,Gelding,12 years,"16,3 hh",Chestnut,Valencia,"70,000","$74,552.00 ",Dressage,
17298,NRPS,Mare,4 years,"15,1 hh",Champagne,Bitgum,"22,500","$23,963.00 ",Dressage - Endurance - Driving,"is registered broodmare, Reliable for trail riding, is allrounder"
17299,Menorquin,Mare,2 years,"14,3 hh",Black,Menorca,"4,000","$4,260.00 ",Dressage - Working Equitation - Baroque - Eventing,"Green, Halter accustomed, Barefoot"
17300,German Riding Pony,Gelding,7 years,"14,2 hh",Brown,Schlierbach,"22,000","$23,431.00 ",Dressage - Jumping,"is easy to load, Competition experience, Stands for the farrier"
17301,PRE,Mare,3 years,"15,2 hh",Chestnut-Red,Wremen,"10,000","$10,650.00 ",Working Equitation - Breeding - Leisure - Dressage ,
17302,German Riding Pony,Mare,4 years,"14,2 hh",Bay-Dark,"Recke, bei Osnabrück","15,000","$15,975.00 ",Dressage - Breeding - Jumping - Driving ,
17303,PRE Mix,Stallion,9 years,"15,2 hh",Brown,Sevilla,"100,000","$106,503.00 ",Dressage ,
17304,German Sport Horse,Stallion,3 years,"16,2 hh",Black,Verl,"70,000","$74,552.00 ",Jumping ,
17305,Holstein,Stallion,1 year,"16,2 hh",Bay-Dark,Dietfurt an der Altmühl,"7,500","$7,988.00 ",Jumping - Breeding - Eventing - Dressage ,
17306,Freiberger,Mare,4 years,"15,1 hh",Brown,Balsthal,N/A,N/A,Leisure ,
17307,Freiberger,Gelding,4 years,15 hh,Chestnut-Red,Balsthal,N/A,N/A,Leisure ,
17308,Hanoverian,Mare,1 year,N/A,N/A,Stöckse,"10,000","$10,650.00 ",Jumping - Eventing - Hunter - Dressage ,
17309,Kentucky Mountain Saddle Horse,Gelding,12 years,15 hh,Bay,"Pine Knot, KENTUCKY",N/A,"$3,500.00 ",Gaited - Trail ,
17310,Tennessee walking horse,Gelding,16 years,15 hh,Black,"Houston,MO",N/A,"$3,500.00 ",Trail - Gaited - Show ,
17311,Tennessee walking horse,Gelding,5 years,14 hh,Chestnut,"Sneedville, TN",N/A,"$5,000.00 ",Trail - Western allround - Gaited - Show ,
17312,PRE,Stallion,3 years,"16,1 hh",Palomino,Rafelguaraf,"20,000","$21,301.00 ",Dressage - Working Equitation - Baroque - Leisure ,
17313,PRE Mix,Stallion,2 years,16 hh,Black,Galaroza (Huelva),"5,000","$5,325.00 ",Dressage - English Pleasure - Show - Leisure ,
17314,Hanoverian,Mare,4 years,"16,1 hh",Brown,Wietzen,"13,000","$13,845.00 ",Dressage - Jumping ,
17315,PRE,Stallion,1 year,16 hh,N/A,Hamburg,"10,000","$10,650.00 ",Baroque - Working Equitation - Leisure - Dressage ,
17316,Oldenburg-International (OS),Gelding,7 years,"17,2 hh",Bay-Dark,"Wien, Leopoldstadt","30,000","$31,951.00 ",Jumping - Hunter under saddle - Hunter - Leisure,
17317,Lusitano Mix,Stallion,11 years,16 hh,Tovero-all-colors,PORTUGAL,"40,000","$42,601.00 ",Dressage - Leisure ,
17318,Rhinelander,Gelding,7 years,"16,2 hh",Brown,Goch,"40,000","$42,601.00 ",Jumping - Hunter - Dressage ,
17319,German Sport Horse,Gelding,4 years,"16,2 hh",Bay-Dark,Brieselang,"18,000","$19,170.00 ",Dressage ,
17320,Trakehner,Stallion,1 year,"15,1 hh",Brown,Weißenburg in Bayern,"3,000","$3,195.00 ",Endurance - Western - Eventing - Leisure ,
17321,Lewitzer,Stallion,1 year,"14,2 hh",Chestnut-Red,Mörsdorf,"2,000","$2,130.00 ",Leisure - Eventing - Jumping - Dressage ,
17322,Hanoverian,Stallion,1 year,"16,1 hh",Chestnut,Isernhagen,"8,500","$9,053.00 ",Dressage - Breeding ,
17323,Trakehner,Stallion,1 year,N/A,N/A,Ostercappeln,"5,500","$5,858.00 ",Dressage ,
17324,Other Breeds,Gelding,9 years,15 hh,Bay,"Lancaster, KY",N/A,"$3,000.00 ",Gaited - Trail ,
17325,Trakehner,Mare,1 year,N/A,N/A,Bad Zwischenahn,"10,000","$10,650.00 ",Dressage ,
17326,Donkey,Mare,7 years,"15,1 hh",Bay-Dark,Bornich,"7,000","$7,455.00 ",Leisure ,
17327,Donkey,Mare,14 years,"13,1 hh",Brown,Bornich,"4,000","$4,260.00 ",Breeding - Trail - Leisure ,
17328,Spotted Saddle Horse,Gelding,8 years,15 hh,Tobiano-all-colors,"Leslie, MO",N/A,"$3,500.00 ",Gaited - Trail - Driving ,
17329,Tennessee walking horse,Gelding,15 years,15 hh,Black,"Rockholds, KY",N/A,"$3,500.00 ",Gaited - Trail - Show ,
17330,American Quarter Horse,Mare,4 years,15 hh,Dun,"Fredonia, KY",N/A,"$3,500.00 ",Trail - Western allround - Versatility Ranch Horse - Western ,
17331,Hungarian Sport Horse,Gelding,17 years,16 hh,Brown,Baden,"7,000","$7,455.00 ",Dressage ,
17332,Pony of the Americas,Mare,12 years,11 hh,White,"Whitley City, KY",N/A,"$3,500.00 ",Gaited - Western allround - Trail ,
17333,KWPN,Gelding,5 years,"16,1 hh",Chestnut,Folkestone,N/A,"$21,659.00 ",Jumping - Hunter under saddle - Hunting - Eventing ,
17334,Donkey,Mare,14 years,"14,1 hh",Bay-Dark,Bornich,"5,000","$5,325.00 ",Breeding ,
17335,Donkey,Mare,3 years,"13,2 hh",Bay-Dark,Bornich,"5,000","$5,325.00 ",Leisure - Show - Breeding - Driving ,
17336,Tennessee walking horse,Gelding,4 years,"16,1 hh",Gray,"Auburn, KY",N/A,N/A,Trail - Gaited ,
17337,PRE Mix,Gelding,6 years,16 hh,Brown,Grajera,"10,000","$10,650.00 ",Dressage - Doma Vaquera - Working Equitation - Baroque ,
17338,American Quarter Horse,Stallion,1 year,N/A,N/A,Dietenheim,"6,000","$6,390.00 ",Western allround ,
17339,Oldenburg,Mare,4 years,"16,2 hh",Chestnut,Apen,N/A,N/A,Dressage - Breeding - Eventing - Jumping ,
17340,American Quarter Horse,Mare,1 year,N/A,N/A,Dietenheim,"6,000","$6,390.00 ",Western allround ,
17341,Icelandic Horse,Mare,3 years,N/A,N/A,Blunk,"9,200","$9,798.00 ",Breeding,"Green, is easy to load, is 5-gaited"
17342,Icelandic Horse,Mare,3 years,"13,2 hh",N/A,Blunk,"8,900","$9,479.00 ",Gaited,"Green, is easy to load, is 5-gaited"
17343,Icelandic Horse,Mare,3 years,"13,2 hh",N/A,Blunk,"9,200","$9,798.00 ",Breeding,"Green, is easy to load, is 5-gaited"
17344,Icelandic Horse,Stallion,3 years,"13,2 hh",N/A,Blunk,"8,900","$9,479.00 ",Leisure,"Green, is easy to load, is 5-gaited"
17345,Icelandic Horse,Stallion,3 years,"13,2 hh",N/A,Blunk,"9,800","$10,437.00 ",Breeding,"Green, is easy to load, is 5-gaited"
17346,Icelandic Horse,Stallion,3 years,"13,2 hh",N/A,Blunk,"9,800","$10,437.00 ",Breeding,"Green, is easy to load, is 5-gaited"
17347,Icelandic Horse,Stallion,4 years,"13,3 hh",N/A,NehmsBlunk,N/A,N/A,Breeding,"Green, is capable of carrying weight, is easy to load"
17348,Icelandic Horse,Mare,6 years,14 hh,N/A,Blunk,"11,800","$12,567.00 ",Breeding - Gaited - Leisure,"is registered broodmare, is broken-in, is lunged"
17349,Icelandic Horse,Mare,3 years,"13,2 hh",Black,Bunk,"8,900","$9,479.00 ",Leisure,"Green, is easy to load, is 5-gaited"
17350,PRE Mix,Mare,4 years,"15,2 hh",Black,NAVAS DEL MADRONO,"15,000","$15,975.00 ",Eventing ,
17351,Haflinger,Stallion,1 year,"14,2 hh",Chestnut-Red,Trebbin,"5,500","$5,858.00 ",Dressage - Eventing - Jumping - Leisure ,
17352,Arabian horses,Mare,1 year,"15,1 hh",N/A,Gemünden (Felda),"15,000","$15,975.00 ",Endurance - Breeding - Leisure - Dressage ,
17353,Trakehner,Mare,5 years,"15,2 hh",Smoky-Black,Bad Oldesloe,"8,000","$8,520.00 ",Dressage - Breeding - Leisure ,
17354,Arabian Partbred,Mare,5 years,"15,2 hh",Smoky-Black,Bad Oldesloe,"8,000","$8,520.00 ",Dressage - Show - Breeding - Leisure ,
17355,Draft Horse,Gelding,4 years,"14,2 hh",N/A,Mount Vernon KY,N/A,"$5,000.00 ",Trail - Versatility Ranch Horse ,
17356,Gypsy Horse,Gelding,4 years,N/A,N/A,Mount Vernon kY,N/A,"$5,000.00 ",Trail - Versatility Ranch Horse ,
17357,Draft Horse,Gelding,6 years,16 hh,Tobiano-all-colors,"Mount Vernon, KY",N/A,"$5,000.00 ",Trail - Driving ,
17358,American Quarter Horse,Gelding,6 years,16 hh,Tobiano-all-colors,Mount Vernon KY,N/A,"$5,000.00 ",Driving - Trail ,
17359,American Quarter Horse,Gelding,5 years,N/A,N/A,"Mount Vernon, KY",N/A,"$5,000.00 ",Reining - Trail ,
17360,Appaloosa,Gelding,5 years,15 hh,Roan-Red,Mount Vernon KY,N/A,"$5,000.00 ",Jumping - Trail ,
17361,Gypsy Horse,Gelding,5 years,15 hh,N/A,Mount Vernon Ky,N/A,"$5,000.00 ",Jumping - Trail ,
17362,Trakehner,Gelding,4 years,16 hh,Chestnut-Red,Wust,"15,000","$15,975.00 ",Dressage ,
17363,American Quarter Horse,Stallion,2 years,"15,2 hh",Palomino,Börgerende-Rethwisch,"7,550","$8,041.00 ",Reining - Western - Leisure,
17364,American Quarter Horse,Gelding,6 years,"15,3 hh",Gray-Dapple,Howell. MI,N/A,"$3,500.00 ",Trail - Versatility Ranch Horse ,
17365,Percheron,Gelding,6 years,"15,3 hh",Gray-Dapple,Howell MI,N/A,"$3,500.00 ",Trail - Versatility Ranch Horse ,
17366,Paint Horse,Gelding,13 years,N/A,N/A,Pleasant Grove CA,N/A,"$3,500.00 ",Trail - Versatility Ranch Horse ,
17367,American Quarter Horse,Gelding,13 years,"15,1 hh",Tobiano-all-colors,pleasant grove CA,N/A,"$3,500.00 ",Trail - Versatility Ranch Horse ,
17368,American Quarter Horse,Gelding,9 years,"14,2 hh",Roan-Bay,Bitterwater CA,N/A,"$3,500.00 ",Trail - Versatility Ranch Horse ,
17369,Draft Horse,Gelding,9 years,"14,1 hh",Roan-Red,Weatherford TX,N/A,"$3,500.00 ",Trail - Versatility Ranch Horse ,
17370,American Quarter Horse,Gelding,9 years,"14,1 hh",Roan-Red,Weatherford TX,N/A,"$3,500.00 ",Trail - Versatility Ranch Horse ,
17371,American Quarter Horse,Gelding,10 years,"15,1 hh",Palomino,Paicines CA,N/A,"$3,500.00 ",Trail - Versatility Ranch Horse ,
17372,Percheron,Gelding,6 years,"16,1 hh",Gray,Rusk tx,N/A,"$3,500.00 ",Trail - Versatility Ranch Horse ,
17373,American Quarter Horse,Gelding,6 years,N/A,N/A,rusk tx,N/A,"$3,500.00 ",Trail - Versatility Ranch Horse ,
17374,American Quarter Horse,Gelding,5 years,"15,1 hh",Grullo,"Vandalia, IL",N/A,"$3,500.00 ",Trail - Versatility Ranch Horse ,
17375,Draft Horse,Mare,9 years,"15,1 hh",Palomino,Rusk TX,N/A,"$3,500.00 ",Trail - Versatility Ranch Horse ,
17376,American Quarter Horse,Gelding,9 years,"15,1 hh",Palomino,RUsk TX,N/A,"$3,500.00 ",Trail - Versatility Ranch Horse ,
17377,American Quarter Horse,Gelding,8 years,"14,2 hh",Roan-Bay,Level Green Ky,N/A,"$3,500.00 ",Trail - Versatility Ranch Horse ,
17378,American Quarter Horse,Gelding,5 years,"14,3 hh",Bay,Zearing IA,N/A,"$3,500.00 ",Trail - Versatility Ranch Horse ,
17379,Paint Horse,Gelding,5 years,15 hh,Chestnut,Level Green KY,N/A,"$3,500.00 ",Trail - Versatility Ranch Horse ,
17380,American Quarter Horse,Gelding,5 years,15 hh,Chestnut,Level Green KY,N/A,"$3,500.00 ",Trail - Versatility Ranch Horse ,
17381,American Quarter Horse,Gelding,6 years,N/A,N/A,Wetherford TX,N/A,"$3,500.00 ",Trail - Versatility Ranch Horse ,
17382,American Quarter Horse,Gelding,9 years,15 hh,Bay,Tompkinsville KY,N/A,"$3,500.00 ",Trail - Versatility Ranch Horse ,
17383,Mustang (american),Gelding,10 years,14 hh,Grullo,Stephenville TX,N/A,"$3,500.00 ",Trail - Versatility Ranch Horse ,
17384,American Quarter Horse,Gelding,10 years,"13,2 hh",Grullo,lisbon IA,N/A,"$3,500.00 ",Trail - Versatility Ranch Horse ,
17385,American Quarter Horse,Gelding,10 years,"14,1 hh",Buckskin,Perry OK,N/A,"$3,500.00 ",Trail - Versatility Ranch Horse ,
17386,American Quarter Horse,Gelding,6 years,N/A,N/A,Bolivar MO,N/A,"$3,500.00 ",Trail - Versatility Ranch Horse ,
17387,Mule,Gelding,10 years,"14,1 hh",Dun,Cochranville PA,N/A,"$3,500.00 ",Trail - Versatility Ranch Horse ,
17388,Holstein,Mare,1 year,"16,2 hh",Brown,Glandorf,"15,000","$15,975.00 ",Jumping - Eventing ,
17389,Oldenburg-International (OS),Mare,5 years,"16,1 hh",Brown,Lastrup,"20,000","$21,301.00 ",Jumping - Breeding - Leisure ,
17390,Belgian Warmblood,Gelding,5 years,"16,1 hh",Brown,Lastrup,"40,000","$42,601.00 ",Jumping - Hunter ,
17391,Lusitano,Stallion,9 years,"16,1 hh",N/A,Martfeld,"75,000","$79,877.00 ",Dressage - Working Equitation - Baroque - Leisure ,
17392,Oldenburg-International (OS),Mare,5 years,"16,2 hh",Gray,Lastrup,"40,000","$42,601.00 ",Jumping - Breeding ,
17393,PRE,Mare,5 years,15 hh,Gray,Bad Laer,"7,900","$8,414.00 ",Dressage - Working Equitation - Leisure ,
17394,Andalusian,Stallion,6 years,"16,1 hh",Brown,Roßdorf,"20,000","$21,301.00 ",Dressage - Working Equitation - Eventing - Leisure ,
17395,Tennessee walking horse,Mare,11 years,14 hh,Tobiano-all-colors,"Rockholds, KY",N/A,"$3,500.00 ",Gaited - Trail - Show ,
17396,Friesian horses,Mare,5 years,"16,1 hh",Black,JEZOW,"10,500","$11,183.00 ",Breeding ,
17397,Friesian horses,Mare,5 years,"15,2 hh",Black,JEZOW,"10,500","$11,183.00 ",Breeding ,
17398,Kentucky Mountain Saddle Horse,Mare,5 years,14 hh,Roan-Blue,"Lawrenceburg, KY",N/A,"$3,500.00 ",Gaited - Trail ,
17399,Austrian Warmblood,Gelding,5 years,"16,2 hh",Black,Pöllau,"18,000","$19,170.00 ",Dressage ,
17400,American Quarter Horse,Stallion,3 years,"14,2 hh",N/A,Bergkamen,"8,500","$9,053.00 ",Western - Western allround - Reining - Breeding ,
17401,German Riding Pony,Stallion,1 year,"14,2 hh",Chestnut,Hillersleben,"5,000","$5,325.00 ",Dressage - Eventing - Jumping - Leisure ,
17402,Lusitano Mix,Stallion,4 years,"15,2 hh",Palomino,Baza,"15,000","$15,975.00 ",Dressage - Doma Vaquera - Working Equitation - Leisure ,
17403,PRE,Stallion,5 years,"16,1 hh",Black,Palafolls,"40,000","$42,601.00 ",Dressage - Doma Vaquera - Working Equitation - Breeding ,
17404,PRE,Stallion,4 years,"15,2 hh",Gray,Baza,"10,000","$10,650.00 ",Dressage - Breeding - Leisure ,
17405,Berber,Stallion,1 year,15 hh,Palomino,Langerwehe,N/A,N/A,Working Equitation - Eventing - Leisure - Dressage ,
17406,Noriker,Gelding,5 years,"15,3 hh",N/A,Obertilliach,"4,900","$5,219.00 ",Leisure ,
17407,PRE Mix,Stallion,5 years,16 hh,Black,MADRID,"20,000","$21,301.00 ",Dressage - Leisure ,
17408,American Quarter Horse,Stallion,2 years,"14,2 hh",Bay-Dark,Steinen,"5,900","$6,284.00 ",Western - Cowhorse - Reining - Leisure ,
17409,PRE Mix,Stallion,4 years,"15,1 hh",Palomino,Sevilla,"10,000","$10,650.00 ",Dressage - Show - Leisure ,
17410,American Quarter Horse,Mare,5 years,N/A,N/A,Parma,"23,000","$24,496.00 ",Reining,
17411,Icelandic Horse,Mare,3 years,"13,2 hh",Chestnut-Red,Blunk,"9,200","$9,798.00 ",Breeding,"Green, is easy to load, is 5-gaited"
17412,Icelandic Horse,Mare,7 years,"13,2 hh",Tobiano-all-colors,Blunk,"12,800","$13,632.00 ",Leisure - Gaited - Breeding,"is registered broodmare, suitable for therapeutic riding, is broken-in"
17413,PRE Mix,Stallion,2 years,"14,2 hh",Black,NAVAS DEL MADRONO,"10,000","$10,650.00 ",Dressage ,
17414,PRE Mix,Stallion,5 years,16 hh,Overo-all-colors,Alicante,"20,000","$21,301.00 ",Dressage - Leisure ,
17415,PRE Mix,Stallion,8 years,16 hh,Bay,MADRID,"40,000","$42,601.00 ",Dressage - Leisure ,
17416,PRE Mix,Stallion,12 years,16 hh,Bay,Gijon,"10,000","$10,650.00 ",Dressage - Leisure ,
17417,Tennessee walking horse,Gelding,13 years,"15,1 hh",Bay,"Strunk, KY",N/A,N/A,Trail - Versatility Ranch Horse - Cowhorse - Gaited ,
17418,Kentucky Mountain Saddle Horse,Gelding,12 years,14 hh,Palomino,"London, KY",N/A,"$2,999.00 ",Gaited - Trail ,
17419,Hanoverian,Stallion,1 year,"16,2 hh",Brown,Bülkau,"5,500","$5,858.00 ",Dressage - Breeding - Eventing - Leisure ,
17420,Westphalian,Mare,4 years,"14,1 hh",Chestnut-Red,Lindlar,"10,000","$10,650.00 ",Jumping - Breeding - Dressage ,
17421,Irish Sport Horse,Gelding,7 years,"16,1 hh",Bay,Sligo,N/A,N/A,Eventing - Jumping - Hunter - Dressage ,
17422,Belgian Warmblood,Mare,7 years,"16,2 hh",Bay-Dark,Mol,"70,000","$74,552.00 ",Dressage - Breeding - Leisure ,
17423,Holstein,Mare,15 years,"16,1 hh",Brown,tingev,"9,000","$9,585.00 ",Leisure ,
17424,Rocky Mountain Horse,Gelding,15 years,16 hh,Sorrel,"Winchester, KY",N/A,"$2,500.00 ",Gaited - Trail ,
17425,Anglo-Arab Mix,Gelding,16 years,"15,2 hh",Gray,Grajera,"10,000","$10,650.00 ",Leisure - Doma Vaquera - Breeding - Dressage ,
17426,Tennessee walking horse,Gelding,2 years,13 hh,Roan-Blue,"Morrison, TN",N/A,"$4,500.00 ",Gaited ,
17427,PRE Mix,Mare,7 years,"16,1 hh",Gray-Dapple,Tabernas Almeria,"10,000","$10,650.00 ",Dressage - Baroque ,
17428,Tennessee walking horse,Gelding,7 years,15 hh,Bay,"Moscow, OHIO",N/A,"$5,000.00 ",Gaited - Trail - Driving ,
17429,Tennessee walking horse,Gelding,12 years,15 hh,Palomino,"Oak Ridge, TN",N/A,"$5,000.00 ",Gaited - Western allround - Trail ,
17430,Lusitano,Gelding,14 years,"15,2 hh",Gray,Grajera,"15,000","$15,975.00 ",Dressage - Doma Vaquera - Working Equitation - Leisure ,
17431,Rocky Mountain Horse,Gelding,6 years,15 hh,Sorrel,"Salt Lick, KY",N/A,"$5,000.00 ",Gaited - Trail - Show ,
17432,PRE Mix,Gelding,16 years,16 hh,Gray,Grajera,"15,000","$15,975.00 ",Dressage - Doma Vaquera - Gaited - Leisure ,
17433,Hanoverian,Gelding,5 years,"16,1 hh",Bay,Duszniki,"20,000","$21,301.00 ",Jumping - Leisure - Dressage ,
17434,Hanoverian,Mare,5 years,16 hh,Bay,Duszniki,"20,000","$21,301.00 ",Jumping - Breeding - Leisure - Dressage ,
17435,Shetland Ponies,Stallion,2 years,"10,2 hh",Black,Sankt Margarethe,450,$479.00 ,Leisure ,
17436,Oldenburg,Gelding,5 years,"15,3 hh",Black,Balsthal,N/A,N/A,Dressage - Leisure ,
17437,Oldenburg,Gelding,4 years,"15,3 hh",Chestnut-Red,Balsthal,N/A,N/A,Dressage ,
17438,Freiberger,Gelding,4 years,"15,1 hh",Brown,Balsthal,N/A,N/A,Leisure ,
17439,Oldenburg,Stallion,1 year,"16,3 hh",Chestnut-Red,Berg,"15,000","$15,975.00 ",Dressage - Breeding ,
17440,Austrian Warmblood,Gelding,15 years,"13,3 hh",N/A,Obertilliach,"2,900","$3,089.00 ",Eventing ,
17441,American Quarter Horse,Stallion,1 year,"15,1 hh",Dun,Düsseldorf,"6,200","$6,603.00 ",Western ,
17442,American Quarter Horse,Gelding,13 years,16 hh,Bay,Weatheford TX,N/A,"$3,500.00 ",Trail - Versatility Ranch Horse ,
17443,American Quarter Horse,Gelding,6 years,15 hh,Chestnut,Paicines CA,N/A,"$3,500.00 ",Trail - Versatility Ranch Horse ,
17444,American Quarter Horse,Gelding,16 years,N/A,N/A,Weatherford TX,N/A,"$3,500.00 ",Trail - Versatility Ranch Horse ,
17445,Paint Horse,Gelding,10 years,15 hh,Chestnut,Bitterwater CA,N/A,"$3,500.00 ",Trail - Versatility Ranch Horse ,
17446,American Quarter Horse,Gelding,10 years,15 hh,Chestnut,Bitterwater CA,N/A,"$3,500.00 ",Trail - Versatility Ranch Horse ,
17447,Draft Horse,Gelding,11 years,16 hh,Bay,Pleasant Grove MO,N/A,"$3,500.00 ",Trail - Versatility Ranch Horse ,
17448,Friesian horses,Gelding,11 years,16 hh,Bay,Pleasant Grove MO,N/A,"$3,500.00 ",Trail - Versatility Ranch Horse ,
17449,American Quarter Horse,Gelding,7 years,"14,2 hh",Roan-Bay,Savoy TX,N/A,"$3,500.00 ",Trail - Versatility Ranch Horse ,
17450,American Quarter Horse,Gelding,12 years,15 hh,Tobiano-all-colors,Weatherford TX,N/A,"$3,500.00 ",Trail - Versatility Ranch Horse ,
17451,American Quarter Horse,Gelding,9 years,15 hh,Roan-Bay,sweet Springs MO,N/A,"$3,500.00 ",Trail - Versatility Ranch Horse ,
17452,American Quarter Horse,Gelding,9 years,15 hh,Roan-Bay,Sweet Springs MO,N/A,"$3,500.00 ",Trail - Versatility Ranch Horse ,
17453,Tennessee walking horse,Gelding,12 years,15 hh,Tobiano-all-colors,Fort worth Texas,N/A,"$3,200.00 ",Driving - English Pleasure,
17454,American Quarter Horse,Gelding,9 years,"15,2 hh",Gray-Dapple,Carthage TX,N/A,"$3,500.00 ",Trail - Versatility Ranch Horse ,
17455,American Quarter Horse,Gelding,8 years,"15,1 hh",Grullo,Level Green Ky,N/A,"$3,500.00 ",Trail - Versatility Ranch Horse ,
17456,American Quarter Horse,Gelding,9 years,N/A,N/A,Dallas PA,N/A,"$3,500.00 ",Trail - Versatility Ranch Horse ,
17457,Draft Horse,Gelding,4 years,"16,1 hh",Tobiano-all-colors,Independence IA,N/A,"$3,500.00 ",Trail - Versatility Ranch Horse ,
17458,Friesian horses,Gelding,4 years,N/A,N/A,INdependence IA,N/A,"$3,500.00 ",Trail - Versatility Ranch Horse ,
17459,Draft Horse,Gelding,6 years,"18,2 hh",Bay,"Howell, MI",N/A,"$3,500.00 ",Trail - Versatility Ranch Horse ,
17460,Percheron,Gelding,6 years,N/A,N/A,Howell MI,N/A,"$3,500.00 ",Trail - Versatility Ranch Horse ,
17461,American Quarter Horse,Gelding,13 years,15 hh,Roan-Red,Pleasant Grove CA,N/A,"$3,500.00 ",Trail - Versatility Ranch Horse ,
17462,Gypsy Horse,Gelding,6 years,15 hh,Tobiano-all-colors,Howell MI,N/A,"$3,500.00 ",Trail - Versatility Ranch Horse ,
17463,American Quarter Horse,Gelding,6 years,15 hh,Tobiano-all-colors,Howell MI,N/A,"$3,500.00 ",Trail - Versatility Ranch Horse ,
17464,American Quarter Horse,Gelding,4 years,14 hh,Palomino,"Bolivar, MO",N/A,"$3,500.00 ",Trail - Versatility Ranch Horse ,
17465,Mule,Gelding,13 years,"15,1 hh",Black,Van Horne IA,N/A,"$3,500.00 ",Trail - Gaited ,
17466,Missouri Foxtrotter,Gelding,10 years,"15,1 hh",Tobiano-all-colors,Ewing KY,N/A,"$3,500.00 ",Trail - Versatility Ranch Horse ,
17467,Tennessee walking horse,Gelding,10 years,"15,1 hh",Tobiano-all-colors,Ewing Ky,N/A,"$3,500.00 ",Trail - Versatility Ranch Horse ,
17468,Paint Horse,Gelding,7 years,"15,2 hh",Tobiano-all-colors,Stephenville TX,N/A,"$3,500.00 ",Trail - Versatility Ranch Horse ,
17469,American Quarter Horse,Gelding,7 years,"15,2 hh",Tobiano-all-colors,Stephenville TX,N/A,"$3,500.00 ",Trail - Versatility Ranch Horse ,
17470,Other Warmbloods,Mare,7 years,"15,1 hh",N/A,Ribbesbüttel,N/A,N/A,Leisure ,
17471,Friesian horses,Stallion,2 years,N/A,N/A,Schöllnach,N/A,N/A,Leisure - Show - Driving ,
17472,Friesian horses,Stallion,2 years,N/A,N/A,Schöllnach,N/A,N/A,Leisure - Show - Driving ,
17473,More ponies/small horses,Gelding,7 years,N/A,N/A,Canyon,N/A,N/A,Trail - Show - Leisure - Driving ,
17474,Shetland Ponies Mix,Gelding,34 years,"10,1 hh",Pinto,Ribbesbüttel,200,$213.00 ,Leisure ,
17475,Shetland Ponies Mix,Mare,27 years,"10,2 hh",Brown,Ribbesbüttel,200,$213.00 ,Leisure ,
17476,Trakehner,Mare,2 years,"15,1 hh",Brown,Ueckermünde,"10,000","$10,650.00 ",Dressage - Breeding - Eventing - Leisure ,
17477,German Sport Horse,Stallion,1 year,N/A,N/A,Niederstetten,"15,000","$15,975.00 ",Dressage ,
17478,Oldenburg-International (OS),Stallion,1 year,"16,2 hh",Bay-Dark,Lindern (Oldenburg),"6,500","$6,923.00 ",Jumping - Hunter - Leisure - Dressage ,
17479,Tennessee walking horse,Gelding,4 years,15 hh,Roan-Blue,"Lewisburg, TN",N/A,"$40,000.00 ",Gaited - Trail - Endurance - Driving ,
17480,PRE Mix,Stallion,15 years,16 hh,Overo-all-colors,Alicante/Alacant,"15,000","$15,975.00 ",Dressage - Leisure ,
17481,PRE Mix,Stallion,5 years,"16,1 hh",Bay,MADRID,"40,000","$42,601.00 ",Dressage - Leisure ,
17482,Other Breeds Mix,Mare,6 years,"14,2 hh",Bay,ALICANTE,"5,000","$5,325.00 ",Dressage - Leisure ,
17483,German Sport Horse,Gelding,6 years,N/A,N/A,Wächtersbach,"100,000","$106,503.00 ",Jumping ,
17484,PRE Mix,Stallion,6 years,"15,2 hh",Gray,MADRID,"10,000","$10,650.00 ",Dressage - Leisure ,
17485,Tennessee walking horse,Gelding,13 years,"16,1 hh",Bay,"Moberly, MO",N/A,N/A,Trail - Gaited ,
17486,Kentucky Mountain Saddle Horse,Gelding,5 years,"15,1 hh",Palomino,"Jeffersonville, KY",N/A,N/A,Trail - Versatility Ranch Horse - Gaited - Western ,
17487,Zangersheider,Mare,6 years,"17,1 hh",Brown,Schwarmstedt,"25,000","$26,626.00 ",Jumping,
17488,Westphalian,Mare,6 years,N/A,N/A,Wächtersbach,"100,000","$106,503.00 ",Jumping ,
17489,Trakehner,Stallion,1 year,"16,2 hh",Brown,Scharbeutz,"10,000","$10,650.00 ",Dressage ,
17490,Belgian Warmblood,Mare,5 years,"16,2 hh",Brown,Lastrup,"40,000","$42,601.00 ",Jumping - Breeding ,
17491,Tennessee walking horse,Gelding,6 years,14 hh,Buckskin,Whitley City,N/A,"$5,000.00 ",Gaited - Trail ,
17492,PRE Mix,Stallion,2 years,"16,2 hh",Palomino,El Catllar,"10,000","$10,650.00 ",Dressage - Breeding ,
17493,Oldenburg-International (OS),Stallion,4 years,"16,1 hh",Bay-Dark,Lastrup,N/A,N/A,Jumping - Breeding ,
17494,Irish Sport Horse,Mare,11 years,N/A,N/A,york,N/A,N/A,Breeding ,
17495,PRE Mix,Stallion,4 years,"16,2 hh",Black,NAVAS DEL MADRONO,"20,000","$21,301.00 ",Dressage ,
17496,Oldenburg,Mare,19 years,"16,1 hh",Black,Bramsche,"15,000","$15,975.00 ",Breeding - Jumping - Leisure - Dressage,
17497,Holstein,Gelding,10 years,"16,3 hh",Gray,Reichenbach,"15,000","$15,975.00 ",Leisure - Jumping - Dressage ,
17498,PRE Mix,Mare,2 years,"16,2 hh",Gray,El Catllar,"10,000","$10,650.00 ",Dressage - Jumping ,
17499,German Riding Horse,Stallion,4 years,"16,1 hh",Bay-Dark,Lastrup,"40,000","$42,601.00 ",Jumping - Hunter ,
17500,Gypsy Horse,Gelding,7 years,15 hh,Grullo,Roy WA,N/A,"$3,500.00 ",Trail - Versatility Ranch Horse ,
17501,American Quarter Horse,Gelding,4 years,N/A,N/A,Pleasant Grove CA,N/A,"$3,500.00 ",Trail - Versatility Ranch Horse ,
17502,American Quarter Horse,Gelding,14 years,15 hh,Palomino,Stephenville TX,N/A,"$3,500.00 ",Trail - Versatility Ranch Horse ,
17503,American Quarter Horse,Gelding,8 years,15 hh,Palomino,Paicines CA,N/A,"$3,500.00 ",Trail - Versatility Ranch Horse ,
17504,Paint Horse,Gelding,11 years,15 hh,Tobiano-all-colors,Stephenville TX,N/A,"$3,500.00 ",Trail - Versatility Ranch Horse ,
17505,American Quarter Horse,Gelding,11 years,15 hh,Tobiano-all-colors,Stephenville TX,N/A,"$3,500.00 ",Trail - Versatility Ranch Horse ,
17506,American Quarter Horse,Gelding,16 years,"14,2 hh",Bay,Mountain Grove MO,N/A,"$3,499.00 ",Trail - Versatility Ranch Horse ,
17507,American Quarter Horse,Gelding,11 years,N/A,N/A,Stephenville TX,N/A,"$3,500.00 ",Trail - Versatility Ranch Horse ,
17508,Draft Horse,Gelding,7 years,15 hh,Roan-Red,Level Green KY,N/A,"$3,500.00 ",Trail - Versatility Ranch Horse ,
17509,American Quarter Horse,Gelding,7 years,15 hh,Roan-Red,Level Green KY,N/A,"$3,500.00 ",Trail - Versatility Ranch Horse ,
17510,Percheron,Gelding,10 years,"17,1 hh",Roan-Bay,Auburn KY,N/A,"$3,500.00 ",Trail - Versatility Ranch Horse ,
17511,Draft Horse,Gelding,10 years,"17,1 hh",Roan-Bay,Auburn KY,N/A,"$3,500.00 ",Trail - Versatility Ranch Horse ,
17512,Gypsy Horse,Gelding,6 years,14 hh,Tobiano-all-colors,Santa Fe TN,N/A,"$3,500.00 ",Trail - Show ,
17513,American Quarter Horse,Gelding,6 years,N/A,N/A,Howell MI,N/A,"$3,500.00 ",Trail - Versatility Ranch Horse ,
17514,American Quarter Horse,Mare,5 years,N/A,N/A,Brescia,"40,000","$42,601.00 ",Reining,"vet-check, 5 Panel Test N/N, "
17515,American Quarter Horse,Gelding,8 years,N/A,N/A,"Santa Fe, TN",N/A,"$3,500.00 ",Trail - Versatility Ranch Horse ,
17516,PRE,Mare,7 years,N/A,N/A,Santa Fe De Mondujar,N/A,N/A,Dressage ,
17517,American Quarter Horse,Gelding,7 years,N/A,N/A,Weatherford TX,N/A,"$3,500.00 ",Trail - Versatility Ranch Horse ,
17518,Draft Horse,Gelding,6 years,"16,2 hh",Roan-Red,Russellville OH,N/A,"$3,500.00 ",Trail - Versatility Ranch Horse ,
17519,American Quarter Horse,Gelding,6 years,N/A,N/A,"Russellville, OH",N/A,"$3,500.00 ",Trail - Versatility Ranch Horse ,
17520,American Morgan Horse,Gelding,11 years,"14,3 hh",Bay,Flemingsburg KY,N/A,"$3,500.00 ",Trail - Versatility Ranch Horse ,
17521,American Quarter Horse,Gelding,8 years,"14,2 hh",Sorrel,"Savoy, TX",N/A,"$3,500.00 ",Trail - Versatility Ranch Horse ,
17522,American Quarter Horse,Gelding,7 years,N/A,N/A,Warsaw NY,N/A,"$3,500.00 ",Trail - Versatility Ranch Horse ,
17523,Paint Horse,Gelding,13 years,14 hh,Tobiano-all-colors,"Howell, MI",N/A,"$3,500.00 ",Trail - Versatility Ranch Horse ,
17524,American Quarter Horse,Gelding,13 years,14 hh,Tobiano-all-colors,Howell,N/A,"$3,500.00 ",Trail - Versatility Ranch Horse ,
17525,American Quarter Horse,Mare,7 years,"15,2 hh",Buckskin,Providence Forge VA,N/A,"$3,500.00 ",Trail - Versatility Ranch Horse ,
17526,Pony of the Americas,Mare,7 years,"12,2 hh",Bay,Fairfield TX,N/A,"$3,500.00 ",Trail - Versatility Ranch Horse ,
17527,Andalusian,Gelding,4 years,"14,2 hh",Gray,Pruna,"5,000","$5,325.00 ",Leisure - Working Equitation ,
17528,Other Breeds,Mare,10 years,15 hh,Chestnut-Red,Ribbesbüttel,"14,000","$14,910.00 ",Leisure - Gaited - Dressage ,
17529,Donkey,Stallion,18 years,"14,1 hh",Black,"BERGA, BARCELONA","1,000","$1,065.00 ",Breeding - Leisure ,
17530,Donkey,Mare,11 years,"14,2 hh",Black,"BERGA, BARCELONA","3,000","$3,195.00 ",Breeding - Western Pleasure - Leisure ,
17531,Trakehner,Gelding,3 years,16 hh,Smoky-Black,Föhr,"11,000","$11,715.00 ",Dressage ,
17532,Hanoverian,Stallion,1 year,N/A,N/A,Bad Oldesloe,"20,000","$21,301.00 ",Dressage - Breeding - Leisure ,
17533,Other Warmbloods,Gelding,7 years,"16,1 hh",N/A,Dorsten,"3,500","$3,728.00 ",Leisure - Driving ,
17534,American Quarter Horse,Stallion,1 year,15 hh,Chestnut-Red,Börgerende-Rethwisch,"5,800","$6,177.00 ",Reining - Breeding - Western - Leisure,
17535,American Quarter Horse,Stallion,2 years,15 hh,Roan-Red,Rostock,"6,500","$6,923.00 ",Western,
17536,KWPN,Gelding,4 years,N/A,N/A,Békéscsaba,"10,000","$10,650.00 ",Jumping - Eventing ,
17537,American Quarter Horse,Gelding,4 years,14 hh,Roan-Blue,"Sebree,KY",N/A,"$2,500.00 ",Western Pleasure - Versatility Ranch Horse ,
17538,American Quarter Horse,Mare,9 years,15 hh,Sorrel,"Fayetteville,AR",N/A,"$2,500.00 ",Trail - Western Pleasure - Western ,
17539,Missouri Foxtrotter,Mare,11 years,15 hh,Sorrel,"Troy, MO",N/A,"$3,500.00 ",Gaited - Versatility Ranch Horse - Trail - Western ,
17540,American Quarter Horse,Gelding,9 years,14 hh,Buckskin,"Sebree, KY",N/A,"$5,000.00 ",Versatility Ranch Horse - Trail ,
17541,American Quarter Horse,Mare,11 years,"14,2 hh",Gray,"Aurora, CO",N/A,N/A,Trail - Versatility Ranch Horse - Cowhorse - Show ,
17542,Holstein,Stallion,1 year,N/A,N/A,Seeth-Ekholt,N/A,N/A,Jumping ,
17543,Tennessee walking horse,Mare,9 years,14 hh,Sorrel,"Winchester, KY",N/A,"$3,000.00 ",Trail - Gaited ,
17544,PRE,Stallion,2 years,"15,3 hh",Black,Postfeld,"10,000","$10,650.00 ",Leisure - Working Equitation - Baroque - Dressage ,
17545,Kentucky Mountain Saddle Horse,Gelding,7 years,15 hh,Buckskin,"Whitley City, KY",N/A,"$5,000.00 ",Trail - Gaited ,
17546,Missouri Foxtrotter,Gelding,11 years,15 hh,Palomino,"Tyner, KY",N/A,"$3,500.00 ",Gaited - Trail ,
17547,Shire Horse,Mare,10 years,"18,2 hh",Black,Bayern,"20,000","$21,301.00 ",Leisure ,
17548,Westphalian,Mare,1 year,N/A,N/A,Lindlar,"9,000","$9,585.00 ",Jumping ,
17549,Lusitano,Stallion,3 years,"15,1 hh",N/A,Postfeld,"10,000","$10,650.00 ",Working Equitation - Doma Vaquera - Baroque - Eventing ,
17550,Tennessee walking horse,Gelding,5 years,15 hh,Black,"Tyner, KY",N/A,"$3,500.00 ",Gaited - Trail ,
17551,Tennessee walking horse,Gelding,4 years,15 hh,Bay,"Lewisburg, TN",N/A,"$6,100.00 ",Trail - Western Pleasure - Gaited ,
17552,Shire Horse,Mare,9 years,17 hh,Gray-Dapple,Bad Füssing,"10,000","$10,650.00 ",Leisure ,
17553,American Quarter Horse,Gelding,15 years,15 hh,Grullo,HIckman CA,N/A,"$3,500.00 ",Trail - Versatility Ranch Horse ,
17554,American Quarter Horse,Gelding,5 years,N/A,N/A,Brescia,"40,000","$42,601.00 ",Reining,
17555,Tennessee walking horse,Gelding,4 years,16 hh,Sorrel,"Shelbyville, TN",N/A,"$15,000.00 ",Gaited - Western Hunter - Trail - Western,"suitable for beginners, is broken-in, is worked on the ground"
17556,American Quarter Horse,Gelding,6 years,"14,1 hh",Dun,Weatherford TX,N/A,"$3,500.00 ",Trail - Versatility Ranch Horse ,
17557,American Quarter Horse,Gelding,12 years,"15,3 hh",Sorrel,Weatherford TX,N/A,"$3,500.00 ",Trail - Versatility Ranch Horse ,
17558,Gypsy Horse,Gelding,13 years,N/A,N/A,Jacksboro TX,N/A,"$3,500.00 ",Trail - Versatility Ranch Horse ,
17559,Draft Horse,Gelding,5 years,N/A,N/A,Sweet Springs MO,N/A,"$3,500.00 ",Trail - Versatility Ranch Horse ,
17560,Friesian horses,Gelding,5 years,N/A,N/A,Sweet Springs MO,N/A,"$3,500.00 ",Trail - Versatility Ranch Horse ,
17561,American Quarter Horse,Gelding,9 years,"15,2 hh",Buckskin,Bitterwater CA,N/A,"$3,500.00 ",Trail - Versatility Ranch Horse ,
17562,American Quarter Horse,Gelding,6 years,"14,3 hh",Bay,Paicines CA,N/A,"$3,500.00 ",Trail - Versatility Ranch Horse ,
17563,American Quarter Horse,Gelding,11 years,15 hh,Palomino,Sweet Springs MO,N/A,"$3,500.00 ",Trail - Versatility Ranch Horse ,
17564,American Quarter Horse,Gelding,11 years,15 hh,Palomino,Sweet Springs MO,N/A,"$3,500.00 ",Trail - Versatility Ranch Horse ,
17565,Paint Horse,Gelding,12 years,"15,1 hh",Tobiano-all-colors,LEvel Green KY,N/A,"$3,500.00 ",Trail - Versatility Ranch Horse ,
17566,American Quarter Horse,Gelding,12 years,"15,1 hh",Tobiano-all-colors,Level Green KY,N/A,"$3,500.00 ",Trail - Versatility Ranch Horse ,
17567,Appaloosa,Gelding,15 years,15 hh,Chestnut,Greenville KY,N/A,"$3,500.00 ",Trail - Versatility Ranch Horse ,
17568,American Quarter Horse,Gelding,15 years,15 hh,Chestnut,Greenville TX,N/A,"$3,500.00 ",Trail - Versatility Ranch Horse ,
17569,American Quarter Horse,Gelding,5 years,"14,3 hh",Sorrel,Savoy TX,N/A,"$3,500.00 ",Trail - Versatility Ranch Horse ,
17570,American Quarter Horse,Gelding,5 years,"13,3 hh",Bay,Sallisaw OK,N/A,"$3,500.00 ",Trail - Versatility Ranch Horse ,
17571,American Quarter Horse,Gelding,7 years,N/A,N/A,Savoy TX,N/A,"$3,500.00 ",Trail - Versatility Ranch Horse ,
17572,American Quarter Horse,Gelding,6 years,"15,2 hh",Roan-Bay,Flemingsburg KY,N/A,"$3,500.00 ",Trail - Versatility Ranch Horse ,
17573,Paint Horse,Gelding,5 years,15 hh,Tobiano-all-colors,Breckenridge TX,N/A,"$3,500.00 ",Trail - Versatility Ranch Horse ,
17574,Appaloosa,Gelding,11 years,N/A,N/A,Cherryville NC,N/A,"$3,499.00 ",Trail - Versatility Ranch Horse ,
17575,American Quarter Horse,Gelding,11 years,"14,3 hh",Chestnut,Cherryville NC,N/A,"$3,500.00 ",Trail - Versatility Ranch Horse ,
17576,Appaloosa,Gelding,15 years,"14,3 hh",Gray,Mt Hope AL,N/A,"$3,500.00 ",Trail - Versatility Ranch Horse ,
17577,American Quarter Horse,Gelding,15 years,"14,3 hh",Gray,Mt HOpe AL,N/A,"$3,500.00 ",Trail - Versatility Ranch Horse ,
17578,Appaloosa,Gelding,9 years,N/A,N/A,Weatherford TX,N/A,"$3,500.00 ",Trail - Versatility Ranch Horse ,
17579,American Quarter Horse,Gelding,3 years,9 hh,Roan-Red,Fairfield TX,N/A,"$3,500.00 ",Trail - Versatility Ranch Horse ,
17580,Westphalian,Gelding,6 years,"17,2 hh",Brown,Lindlar,"23,000","$24,496.00 ",Jumping ,
17581,KWPN,Mare,7 years,"16,2 hh",Bay,Dreumel,"35,000","$37,276.00 ",Dressage ,
17582,Hanoverian,Mare,11 years,"16,3 hh",Bay,Paupis,N/A,N/A,Jumping ,
17583,Donkey Mix,Mare,1 year,N/A,N/A,Grand Saline,N/A,N/A,Show - Breeding - Leisure ,
17584,Andalusian,Stallion,2 years,"15,3 hh",Brown,Rerik,"5,000","$5,325.00 ",Working Equitation - Doma Vaquera - Baroque - Dressage ,
17585,American Quarter Horse,Stallion,1 year,15 hh,Grullo,Düsseldorf,"6,500","$6,923.00 ",Western - Western allround ,
17586,Straight Egyptian,Mare,2 years,N/A,N/A,Stallhofen,"10,000","$10,650.00 ",Breeding - Show ,
17587,Arabian horses,Stallion,1 year,N/A,N/A,Gemünden (Felda),"10,000","$10,650.00 ",Endurance - Breeding - Leisure - Dressage ,
17588,Oldenburg,Stallion,1 year,"16,2 hh",Black,Bramsche,"20,000","$21,301.00 ",Dressage - Breeding - Jumping - Hunter,
17589,Oldenburg,Gelding,11 years,"16,2 hh",Black,Borchen,N/A,N/A,Dressage,
17590,Oldenburg,Gelding,9 years,"16,2 hh",Bay-Dark,München,"40,000","$42,601.00 ",Dressage - Leisure ,
17591,American Quarter Horse,Mare,2 years,"14,3 hh",Palomino,Börgerende-Rethwisch,"10,500","$11,183.00 ",Reining - Breeding - Western - Leisure,
17592,Oldenburg,Mare,11 years,"16,2 hh",Chestnut-Red,Borchen,N/A,N/A,Dressage,
17593,PRE Mix,Stallion,11 years,16 hh,Bay,NAVAS DEL MADRONO,"40,000","$42,601.00 ",Dressage ,
17594,Gypsy Horse,Mare,1 year,N/A,N/A,Wlen,"3,000","$3,195.00 ",Racing horses ,
17595,Gypsy Horse,Mare,5 years,"13,2 hh",Pinto,Wlen,"10,000","$10,650.00 ",Breeding - Leisure ,
17596,Gypsy Horse,Mare,9 years,"14,1 hh",Pinto,Wlen,"2,500","$2,663.00 ",Breeding - Leisure ,
17597,German Sport Horse,Gelding,6 years,N/A,N/A,LIPNIK,"15,000","$15,975.00 ",Jumping ,
17598,Westphalian,Mare,3 years,N/A,N/A,LIPNIK,"10,000","$10,650.00 ",Jumping ,
17599,Gypsy Horse,Mare,5 years,14 hh,Pinto,Wlen,"10,000","$10,650.00 ",Leisure - Breeding ,
17600,Tennessee walking horse,Mare,5 years,15 hh,Sorrel,"Winchester, KY",N/A,"$3,000.00 ",Gaited - Trail ,
17601,Mule,Gelding,7 years,16 hh,Sorrel,"Gerald, MO",N/A,"$3,000.00 ",Gaited - Trail ,
17602,Icelandic Horse,Gelding,4 years,N/A,N/A,Lingen,"8,000","$8,520.00 ",Leisure ,
17603,Tennessee walking horse,Gelding,13 years,12 hh,Black,"Winchester,KY",N/A,"$3,000.00 ",Gaited - Trail ,
17604,Other Warmbloods,Gelding,9 years,"16,2 hh",Tobiano-all-colors,Wellington FL,N/A,"$3,500.00 ",Trail - Versatility Ranch Horse ,
17605,Andalusian,Gelding,6 years,16 hh,Black,Madrid,"20,000","$21,301.00 ",Dressage - Leisure ,
17606,Paint Horse,Gelding,5 years,N/A,N/A,Lebanon OH,N/A,"$3,500.00 ",Trail - Versatility Ranch Horse ,
17607,Paint Horse,Gelding,6 years,"15,3 hh",Overo-all-colors,MT Hope AL,N/A,"$3,500.00 ",Trail - Versatility Ranch Horse ,
17608,American Quarter Horse,Gelding,6 years,"15,3 hh",Overo-all-colors,MT Hope AL,N/A,"$3,500.00 ",Trail - Versatility Ranch Horse ,
17609,PRE Mix,Stallion,4 years,"16,2 hh",Palomino,NAVAS DEL MADRONO,"40,000","$42,601.00 ",Dressage ,
17610,PRE Mix,Stallion,4 years,N/A,N/A,Alicante,"10,000","$10,650.00 ",Dressage ,
17611,PRE,Mare,5 years,"15,3 hh",Gray,Provinz Cordoba,"10,000","$10,650.00 ",Dressage - Working Equitation - Breeding - Leisure ,
17612,PRE,Stallion,4 years,"16,2 hh",Gray,Miralvalles,"15,000","$15,975.00 ",Breeding - Working Equitation - Baroque - Dressage ,
17613,PRE,Gelding,5 years,16 hh,Brown-Light,Langeln,"20,000","$21,301.00 ",Dressage - Working Equitation - Baroque - Leisure ,
17614,PRE Mix,Stallion,3 years,"16,1 hh",Black,Tabernas Almeria,"10,000","$10,650.00 ",Dressage - Working Equitation,"is lunged, Barefoot, No eczema"
17615,Heavy Warmblood,Mare,5 years,"15,1 hh",Gray-Dapple,Bad Camberg,"7,500","$7,988.00 ",Leisure - Western - Driving - Dressage,"is a companion, suitable as school horse/pony, suitable for therapeutic riding"
17616,PRE,Mare,7 years,15 hh,Brown,Valencia,"6,500","$6,923.00 ",Doma Vaquera - Baroque - Breeding ,
17617,PRE,Stallion,4 years,"15,2 hh",Dun,Rafelguaraf,"15,000","$15,975.00 ",Doma Vaquera - Working Equitation - Leisure ,
17618,Tennessee walking horse,Gelding,13 years,13 hh,Roan-Red,"Gerald, MO",N/A,"$3,500.00 ",Trail - Gaited ,
17619,American Quarter Horse,Gelding,9 years,15 hh,Grullo,New Haven KY,N/A,"$5,000.00 ",Trail - Western allround ,
17620,Paint Horse,Mare,9 years,"14,1 hh",Tobiano-all-colors,Weatherford TX,N/A,"$3,500.00 ",Trail - Versatility Ranch Horse ,
17621,American Quarter Horse,Gelding,9 years,N/A,N/A,Weatherford TX,N/A,"$3,500.00 ",Trail - Versatility Ranch Horse ,
17622,PRE Mix,Gelding,11 years,16 hh,Gray,MADRID,"15,000","$15,975.00 ",Dressage - Leisure ,
17623,American Quarter Horse,Mare,13 years,15 hh,Roan-Red,Pleasant Grove CA,N/A,"$3,500.00 ",Trail - Versatility Ranch Horse ,
17624,American Quarter Horse,Gelding,7 years,"16,2 hh",Sorrel,Stephenville TX,N/A,"$3,500.00 ",Trail - Versatility Ranch Horse ,
17625,American Quarter Horse,Gelding,11 years,"15,1 hh",Gray,Weatherford TX,N/A,"$3,500.00 ",Trail - Versatility Ranch Horse ,
17626,Friesian horses,Gelding,7 years,16 hh,Gray,Ackerly TX,N/A,"$3,500.00 ",Trail - Versatility Ranch Horse ,
17627,American Quarter Horse,Gelding,7 years,16 hh,Gray,Ackerly Tx,N/A,"$3,500.00 ",Trail - Versatility Ranch Horse ,
17628,American Quarter Horse,Gelding,16 years,"16,1 hh",Roan-Bay,Flemingsburg Ky,N/A,"$3,500.00 ",Trail - Versatility Ranch Horse ,
17629,Draft Horse,Gelding,8 years,"15,2 hh",Sorrel,Level Green KY,N/A,"$3,500.00 ",Trail - Versatility Ranch Horse ,
17630,American Quarter Horse,Gelding,8 years,"15,2 hh",Sorrel,Level Green Ky,N/A,"$3,499.00 ",Trail - Versatility Ranch Horse ,
17631,American Quarter Horse,Gelding,16 years,"15,2 hh",Black,Weatherford TX,N/A,"$3,500.00 ",Trail - Versatility Ranch Horse ,
17632,American Quarter Horse,Gelding,11 years,"16,1 hh",Roan-Bay,Charleston IL,N/A,"$3,500.00 ",Trail - Versatility Ranch Horse ,
17633,American Quarter Horse,Gelding,11 years,"16,1 hh",Bay,Charleston IL,N/A,"$3,500.00 ",Trail - Versatility Ranch Horse ,
17634,American Quarter Horse,Gelding,6 years,"15,2 hh",Gray-Dapple,Flemingsburg Ky,N/A,"$3,500.00 ",Trail - Versatility Ranch Horse ,
17635,Friesian horses,Gelding,7 years,"15,1 hh",Bay,Sturgis MI,N/A,"$3,500.00 ",Trail - Versatility Ranch Horse ,
17636,American Quarter Horse,Gelding,11 years,"9,3 hh",Buckskin,Weatherford TX,N/A,"$3,500.00 ",Trail - Versatility Ranch Horse ,
17637,Other Warmbloods,Gelding,15 years,"16,3 hh",Gray,Howell MI,N/A,"$3,500.00 ",Trail - Jumping ,
17638,Andalusian,Gelding,14 years,"14,3 hh",Gray,Paicines Ca,N/A,"$3,500.00 ",Trail - Jumping ,
17639,American Quarter Horse,Gelding,14 years,"14,3 hh",Gray,Paicines CA,N/A,"$3,500.00 ",Trail - Jumping ,
17640,Friesian horses,Gelding,13 years,N/A,N/A,Borden IN,N/A,"$3,500.00 ",Trail - Show ,
17641,Other Breeds,Gelding,8 years,12 hh,Black,Fairfield TX,N/A,"$3,500.00 ",Breeding ,
17642,PRE,Stallion,5 years,"15,2 hh",Perlino,Rafelguaraf,"15,000","$15,975.00 ",Dressage - Working Equitation - Leisure ,
17643,PRE Mix,Gelding,5 years,16 hh,Gray-Dark-Tan,Langeln,"20,000","$21,301.00 ",Dressage - Working Equitation - Baroque - Leisure ,
17644,Lusitano,Stallion,2 years,16 hh,Black,Ribamar,"20,000","$21,301.00 ",Dressage - Equitation Portugesa - Working Equitation - Breeding ,
17645,Menorquin,Mare,2 years,"15,3 hh",Black,Menorca,N/A,N/A,Leisure - Working Equitation - Baroque - Eventing ,
17646,Tennessee walking horse,Gelding,14 years,15 hh,Black,"Lewisburg,TN",N/A,"$2,500.00 ",Gaited - Trail - Show ,
17647,Spotted Saddle Horse,Gelding,9 years,15 hh,Tobiano-all-colors,"Lewisburg,TN",N/A,"$5,000.00 ",Gaited - Trail ,
17648,Tennessee walking horse,Gelding,6 years,15 hh,Black,Whitley Cityky,N/A,"$5,000.00 ",Trail - Gaited ,
17649,Tennessee walking horse,Gelding,8 years,16 hh,Buckskin,"Lewisburg, TN",N/A,"$5,000.00 ",Gaited - Trail ,
17650,Tennessee walking horse,Gelding,8 years,16 hh,Chestnut,"Lewisburg, TN",N/A,"$5,000.00 ",Trail - Gaited ,
17651,Westphalian,Mare,8 years,16 hh,Brown,Viersen,"10,000","$10,650.00 ",Dressage - Breeding - Jumping - Leisure ,
17652,Other Breeds Mix,Stallion,7 years,"15,1 hh",Overo-all-colors,Gijon,"15,000","$15,975.00 ",Dressage - Leisure ,
17653,Westphalian,Gelding,6 years,"16,2 hh",Smoky-Black,Viersen,"20,000","$21,301.00 ",Dressage - Vaulting - Jumping - Leisure ,
17654,Andalusian,Stallion,3 years,"15,1 hh",Perlino,Provinz Cordoba,"10,000","$10,650.00 ",English Pleasure - Working Equitation - Eventing - Leisure ,
17655,American Quarter Horse,Gelding,8 years,15 hh,Buckskin,"Hodgenville, KY",N/A,N/A,Trail - Versatility Ranch Horse - Cowhorse - Western ,
17656,Spanish Sporthorse Mix,Mare,8 years,"16,2 hh",Bay,MADRID,"40,000","$42,601.00 ",Dressage - Leisure ,
17657,Hanoverian,Stallion,1 year,"16,1 hh",Chestnut-Red,Hamersen,"10,000","$10,650.00 ",Jumping - Breeding - Hunter - Dressage ,
17658,More ponies/small horses,Stallion,10 years,"14,1 hh",Cremello,Visz,"14,000","$14,910.00 ",Jumping - Leisure - Driving - Dressage ,
17659,Pony of the Americas,Gelding,11 years,"9,1 hh",White,"Antlers, OK",N/A,N/A,Trail - Western - Driving ,
17660,Rocky Mountain Horse,Gelding,7 years,14 hh,Brown,Lewisburg,N/A,"$5,000.00 ",Gaited - Western Hunter - Trail ,
17661,Holstein,Gelding,6 years,"16,1 hh",Brown,Jork,"40,000","$42,601.00 ",Eventing - Jumping - Dressage ,
17662,Belgian Warmblood,Gelding,11 years,"16,2 hh",Brown,Ptyrov,"70,000","$74,552.00 ",Jumping ,
17663,Other Breeds,Gelding,4 years,16 hh,Bay,Paupis,N/A,N/A,Jumping ,
17664,PRE Mix,Stallion,5 years,16 hh,Gray,Gijon,"15,000","$15,975.00 ",Dressage - Leisure ,
17665,Other Breeds,Gelding,4 years,"16,3 hh",Bay,Paupis,N/A,N/A,Jumping - Dressage ,
17666,Icelandic Horse,Mare,8 years,14 hh,Pinto,Zweibrücken,"15,000","$15,975.00 ",Gaited ,
17667,Tennessee walking horse,Gelding,13 years,15 hh,Black,"Lancaster, KY",N/A,"$2,500.00 ",Gaited - Trail ,
17668,American Quarter Horse,Gelding,9 years,"15,2 hh",Gray,Pleasant Grove CA,N/A,"$3,501.00 ",Trail - Versatility Ranch Horse ,
17669,American Quarter Horse,Gelding,5 years,N/A,N/A,Weatherford TX,N/A,"$3,500.00 ",Trail - Versatility Ranch Horse ,
17670,American Quarter Horse,Gelding,6 years,"13,3 hh",Roan-Bay,Paicines CA,N/A,"$3,500.00 ",Trail - Versatility Ranch Horse ,
17671,American Quarter Horse,Gelding,6 years,N/A,N/A,Weatherford TX,N/A,"$3,500.00 ",Trail - Versatility Ranch Horse ,
17672,Spotted Saddle Horse,Gelding,12 years,"16,1 hh",Tobiano-all-colors,Rusk TX,N/A,"$3,500.00 ",Trail - Versatility Ranch Horse ,
17673,Tennessee walking horse,Gelding,12 years,"16,1 hh",Tobiano-all-colors,Rusk TX,N/A,"$3,500.00 ",Trail - Versatility Ranch Horse ,
17674,Paint Horse,Gelding,13 years,15 hh,Buckskin,Bitterwater CA,N/A,"$3,500.00 ",Trail - Versatility Ranch Horse ,
17675,American Quarter Horse,Gelding,13 years,15 hh,Buckskin,Bitterwater CA,N/A,"$3,500.00 ",Trail - Versatility Ranch Horse ,
17676,American Quarter Horse,Gelding,13 years,"14,3 hh",Sorrel,Stephenville TX,N/A,"$3,500.00 ",Trail - Versatility Ranch Horse ,
17677,Draft Horse,Gelding,6 years,"16,1 hh",Roan-Blue,Parkers Lake kY,N/A,"$3,500.00 ",Trail - Versatility Ranch Horse ,
17678,Percheron,Gelding,6 years,"16,1 hh",Roan-Blue,Parkers Lake Ky,N/A,"$3,500.00 ",Trail - Versatility Ranch Horse ,
17679,American Quarter Horse,Gelding,6 years,N/A,N/A,Parkers Lake KY,N/A,"$3,500.00 ",Trail - Versatility Ranch Horse ,
17680,American Quarter Horse,Gelding,10 years,15 hh,Bay,LEvel Green KY,N/A,"$3,500.00 ",Trail - Versatility Ranch Horse ,
17681,American Quarter Horse,Gelding,10 years,15 hh,Bay,LEvel Green Ky,N/A,"$3,500.00 ",Trail - Versatility Ranch Horse ,
17682,American Quarter Horse,Gelding,10 years,15 hh,Bay,LEvel Green KY,N/A,"$3,500.00 ",Trail - Versatility Ranch Horse ,
17683,American Quarter Horse,Gelding,11 years,"15,2 hh",Buckskin,Madisonville KY,N/A,"$3,500.00 ",Trail - Versatility Ranch Horse ,
17684,American Quarter Horse,Gelding,6 years,"15,2 hh",Sorrel,Flemingsburg KY,N/A,"$3,500.00 ",Trail - Versatility Ranch Horse ,
17685,Percheron,Gelding,14 years,17 hh,Gray-Dapple,Ewing KY,N/A,"$3,500.00 ",Trail - Versatility Ranch Horse ,
17686,American Quarter Horse,Gelding,14 years,17 hh,Gray-Dapple,Ewing KY,N/A,"$3,500.00 ",Trail - Versatility Ranch Horse ,
17687,Draft Horse,Gelding,10 years,"16,1 hh",Chestnut,"Flemingsburg, KY",N/A,"$3,500.00 ",Trail - Versatility Ranch Horse ,
17688,American Quarter Horse,Gelding,10 years,"16,1 hh",Chestnut,"Flemingsburg, ky",N/A,"$3,500.00 ",Trail - Versatility Ranch Horse ,
17689,Draft Horse,Gelding,6 years,"15,2 hh",Bay,"Howell, MI",N/A,"$3,500.00 ",Trail - Versatility Ranch Horse ,
17690,American Quarter Horse,Gelding,6 years,N/A,N/A,"Howell, MI",N/A,"$3,500.00 ",Trail - Versatility Ranch Horse ,
17691,Kentucky Mountain Saddle Horse,Gelding,5 years,"14,3 hh",Palomino,Flemingsburg KY,N/A,"$3,500.00 ",Trail - Gaited ,
17692,Tennessee walking horse,Gelding,5 years,N/A,N/A,Flemingsburg KY,N/A,"$3,500.00 ",Gaited - Trail ,
17693,PRE Mix,Stallion,7 years,"15,2 hh",Gray,Tabernas Almeria,"15,000","$15,975.00 ",Dressage - Baroque,
17694,Mule,Gelding,13 years,N/A,N/A,Van HOrne IA,N/A,"$3,500.00 ",Trail - Versatility Ranch Horse ,
17695,American Quarter Horse,Stallion,2 years,15 hh,Black,Raymond CA,N/A,"$3,501.00 ",Trail - Versatility Ranch Horse ,
17696,Tennessee walking horse,Gelding,10 years,15 hh,Buckskin,"Tyner, KY",N/A,"$3,500.00 ",Gaited - Trail ,
17697,KWPN,Gelding,12 years,"16,2 hh",Brown,Bad Kreuznach,N/A,N/A,Jumping - Hunter - Dressage ,
17698,Andalusian,Gelding,6 years,"16,1 hh",Gray,Mallorca,"6,500","$6,923.00 ",Dressage - Working Equitation - Baroque - Eventing ,
17699,Andalusian,Gelding,5 years,"14,2 hh",Cremello,Mallorca,"12,000","$12,780.00 ",Dressage - Working Equitation - Western - Leisure ,
17700,PRE,Stallion,1 year,N/A,N/A,Alcoi/Alcoy,"15,000","$15,975.00 ",Baroque - Show - Breeding ,
17701,Tennessee walking horse,Gelding,10 years,15 hh,Black,"Lewisburg,TN",N/A,"$3,000.00 ",Gaited - Trail ,
17702,Azteca,Stallion,1 year,"14,2 hh",Champagne,Waldshut-Tiengen,N/A,N/A,Working Equitation - Versatility Ranch Horse - Western - Leisure ,
17703,Other Breeds Mix,Stallion,6 years,16 hh,Gray,Alicante,"20,000","$21,301.00 ",Dressage - Leisure ,
17704,Lusitano Mix,Stallion,5 years,"15,2 hh",Gray,Alicante,"20,000","$21,301.00 ",Dressage - Leisure ,
17705,Lusitano Mix,Stallion,3 years,"15,2 hh",Bay,PORTUGAL,"15,000","$15,975.00 ",Dressage - Leisure ,
17706,Spanish Sporthorse Mix,Gelding,6 years,"16,1 hh",Bay,MADRID,"20,000","$21,301.00 ",Dressage - Leisure ,
17707,KWPN,Stallion,4 years,N/A,N/A,Békéscsaba,"15,000","$15,975.00 ",Jumping - Eventing - Hunter ,
17708,American Quarter Horse,Gelding,14 years,16 hh,Roan-Bay,"Fort Collins, CO",N/A,N/A,Trail - Versatility Ranch Horse - Cowhorse - Dressage ,
17709,PRE Mix,Gelding,5 years,"15,3 hh",Gray,BoroxBorox,"14,000","$14,910.00 ",Dressage ,
17710,PRE Mix,Stallion,7 years,16 hh,Gray,Vejer de la Frontera,"40,000","$42,601.00 ",Dressage - Working Equitation - Baroque ,
17711,Tennessee walking horse,Gelding,10 years,15 hh,Buckskin,"Rockholds, KY",N/A,"$5,000.00 ",Gaited - Trail ,
17712,American Quarter Horse,Gelding,12 years,"14,3 hh",Champagne,PLeasant Grove CA,N/A,"$3,500.00 ",Trail - Versatility Ranch Horse ,
17713,Lusitano,Stallion,6 years,"15,2 hh",Black,NAVAS DEL MADRONO,"70,000","$74,552.00 ",Dressage ,
17714,Hanoverian,Mare,16 years,"16,1 hh",Brown,Wasbüttel,"17,000","$18,105.00 ",Jumping - Breeding - Leisure - Dressage ,
17715,Welsh A (Mountain Pony),Gelding,4 years,"12,1 hh",Gray-Dapple,Tecklenburg,"2,500","$2,663.00 ",Driving - Dressage ,
17716,Hanoverian,Mare,3 years,"16,2 hh",Chestnut,Moers,N/A,N/A,Jumping - Dressage ,
17717,Hanoverian,Mare,3 years,"16,1 hh",Brown,Moers,N/A,N/A,Jumping - Breeding - Driving - Dressage ,
17718,German Sport Horse,Gelding,5 years,"16,1 hh",Black,Großostheim,"15,000","$15,975.00 ",Dressage ,
17719,Oldenburg,Gelding,7 years,"16,2 hh",Black,Rees,"100,000","$106,503.00 ",Dressage,
17720,Westphalian,Gelding,5 years,"16,1 hh",Black,Rees,"100,000","$106,503.00 ",Dressage - Leisure,
17721,KWPN,Stallion,5 years,"16,2 hh",Brown,Rees,"100,000","$106,503.00 ",Dressage - Breeding - Leisure,
17722,Oldenburg,Gelding,5 years,"16,2 hh",Black,Rees,"100,000","$106,503.00 ",Dressage - Leisure,
17723,KWPN,Gelding,12 years,"17,1 hh",Brown,Rees,N/A,N/A,Dressage - Leisure,
17724,Oldenburg,Mare,10 years,"16,1 hh",Black,Aubagne,"9,800","$10,437.00 ",Dressage ,
17725,American Quarter Horse,Mare,17 years,"13,2 hh",Chestnut-Red,Saarbrücken,"5,200","$5,538.00 ",Western - Breeding - Leisure,
17726,American Quarter Horse,Gelding,2 years,"14,2 hh",Brown,Naumburg,"5,500","$5,858.00 ",Western - Show - Leisure,
17727,American Quarter Horse,Mare,4 years,"14,2 hh",Chestnut,Kirchendemenreuth,"14,500","$15,443.00 ",Western - Show - Leisure,
17728,Paint Horse,Stallion,2 years,"14,2 hh",Pinto,Nohfelden,"5,500","$5,858.00 ",Western - Show - Leisure,
17729,American Quarter Horse,Stallion,1 year,"14,2 hh",Brown,Bad Wünnenberg,"7,900","$8,414.00 ",Western - Show - Leisure,
17730,German Sport Horse,Stallion,2 years,"16,1 hh",Black,Kurtscheid,N/A,N/A,Dressage - Eventing - Jumping - Leisure,
17731,American Quarter Horse,Gelding,13 years,"14,3 hh",Gray,Bitterwater CA,N/A,"$3,501.00 ",Trail - Versatility Ranch Horse ,
17732,American Quarter Horse,Gelding,10 years,15 hh,Gray,Paicines CA,N/A,"$3,500.00 ",Trail - Versatility Ranch Horse ,
17733,American Quarter Horse,Gelding,7 years,"15,3 hh",Roan-Red,Santa Fe. TN,N/A,"$3,500.00 ",Trail - Versatility Ranch Horse ,
17734,Friesian horses,Mare,5 years,"15,3 hh",Black,Flemingsburg KY,N/A,"$3,500.00 ",Trail - Versatility Ranch Horse ,
17735,Icelandic Horse,Stallion,2 years,N/A,N/A,Nettersheim,"4,000","$4,260.00 ",Leisure ,
17736,Spotted Saddle Horse,Gelding,13 years,"15,2 hh",Tobiano-all-colors,Jamestown Ky,N/A,"$3,500.00 ",Trail - Versatility Ranch Horse ,
17737,Tennessee walking horse,Gelding,13 years,"15,2 hh",Tobiano-all-colors,Jamestown KY,N/A,"$3,500.00 ",Trail - Gaited ,
17738,American Quarter Horse,Gelding,7 years,"16,3 hh",Roan-Bay,WeATHERFORD tx,N/A,"$3,500.00 ",Trail - Versatility Ranch Horse ,
17739,Friesian horses,Gelding,5 years,17 hh,Gray-Dapple,Flemingsburg Ky,N/A,"$3,500.00 ",Trail - Versatility Ranch Horse ,
17740,American Quarter Horse,Mare,5 years,17 hh,N/A,Flemingsburg KY,N/A,"$3,500.00 ",Trail - Versatility Ranch Horse ,
17741,American Quarter Horse,Gelding,9 years,"15,1 hh",Dun,Flemingsburg KY,N/A,"$3,500.00 ",Trail - Versatility Ranch Horse ,
17742,American Quarter Horse,Gelding,7 years,"15,1 hh",Chestnut,Auburn KY,N/A,"$3,500.00 ",Trail - Versatility Ranch Horse ,
17743,Rocky Mountain Horse,Gelding,13 years,15 hh,Brown,Flemingsburg KY,N/A,"$3,500.00 ",Trail - Gaited ,
17744,Tennessee walking horse,Gelding,13 years,15 hh,Brown Falb mold,Flemingsburg Ky,N/A,"$3,500.00 ",Trail - Gaited ,
17745,Appaloosa,Gelding,11 years,14 hh,Chestnut,Flemingsburg Ky,N/A,"$3,500.00 ",Trail - Versatility Ranch Horse ,
17746,Oldenburg,Mare,17 years,"16,2 hh",Brown,Bramsche,"15,000","$15,975.00 ",Jumping - Breeding - Leisure - Dressage,
17747,Fjord Horses,Mare,14 years,14 hh,Buckskin,Howell MI,N/A,"$3,500.00 ",Trail - Driving ,
17748,Haflinger,Gelding,15 years,14 hh,Sorrel,Greenville KY,N/A,"$3,500.00 ",Trail - Versatility Ranch Horse ,
17749,Appaloosa,Gelding,12 years,"15,1 hh",Chestnut,Borden IN,N/A,"$3,500.00 ",Trail - Versatility Ranch Horse ,
17750,American Quarter Horse,Gelding,12 years,"15,1 hh",Chestnut,Borden IN,N/A,"$3,500.00 ",Trail - Versatility Ranch Horse ,
17751,Westphalian,Mare,1 year,N/A,N/A,Lindlar,"10,000","$10,650.00 ",Dressage ,
17752,Friesian horses,Gelding,6 years,"15,3 hh",Bay,sturgis MI,N/A,"$3,500.00 ",Trail - Versatility Ranch Horse ,
17753,Tennessee walking horse,Gelding,6 years,16 hh,Tobiano-all-colors,Greensboro Ky,N/A,"$3,500.00 ",Trail - Gaited ,
17754,Rocky Mountain Horse,Gelding,7 years,N/A,N/A,Flemingsburg KY,N/A,"$3,500.00 ",Trail - Gaited ,
17755,Tennessee walking horse,Gelding,8 years,"14,3 hh",Tobiano-all-colors,Flemingsburg KY,N/A,"$3,500.00 ",Trail - Gaited ,
17756,American Quarter Horse,Gelding,7 years,"9,3 hh",Buckskin,Fairfield TX,N/A,"$3,500.00 ",Trail - Show ,
17757,Tennessee walking horse,Gelding,7 years,15 hh,Bay,"Woodbury, TN",N/A,"$5,000.00 ",Gaited - Driving ,
17758,PRE,Stallion,2 years,N/A,N/A,Alcoy,"15,000","$15,975.00 ",Mating - Show - Breeding - Leisure ,
17759,PRE,Stallion,2 years,17 hh,Perlino,Alcoi/Alcoy,"15,000","$15,975.00 ",Mating - Show - Breeding ,
17760,Paint Horse,Mare,2 years,"15,1 hh",Pinto,Buchbach,"7,600","$8,094.00 ",Western - Western allround - Reining - Breeding ,
17761,Icelandic Horse,Mare,8 years,"13,1 hh",Pinto,Stapelfeld,"14,500","$15,443.00 ",Gaited - Leisure ,
17762,Icelandic Horse,Mare,8 years,"13,1 hh",Palomino,Stapelfeld,"15,000","$15,975.00 ",Gaited - Leisure ,
17763,Oldenburg,Mare,10 years,"16,2 hh",Bay-Dark,Bramsche,N/A,N/A,Dressage - Breeding - Jumping - Leisure,
17764,German Sport Horse,Stallion,1 year,"16,2 hh",Bay-Dark,Rohrlack,"15,000","$15,975.00 ",Jumping - Dressage ,
17765,Icelandic Horse,Mare,7 years,13 hh,Brown,Stapelfeld,"15,000","$15,975.00 ",Gaited - Leisure ,
17766,PRE Mix,Gelding,8 years,16 hh,Bay,SEVILLA,"40,000","$42,601.00 ",Dressage - Leisure ,
17767,Hanoverian,Stallion,2 years,"16,2 hh",Brown,Hetschburg,"12,000","$12,780.00 ",Jumping - Breeding ,
17768,Hanoverian,Stallion,2 years,"16,2 hh",Brown,Hetschburg,"15,000","$15,975.00 ",Jumping - Breeding ,
17769,Arabian Partbred,Stallion,1 year,16 hh,Brown,Bad Oldesloe,"4,500","$4,793.00 ",Eventing - Jumping - Leisure - Dressage ,
17770,Spotted Saddle Horse,Gelding,9 years,15 hh,Palomino,"Salyersville, KY",N/A,"$3,500.00 ",Gaited - Trail ,
17771,Trakehner,Stallion,2 years,"16,2 hh",Smoky-Black,Zerbst,"10,000","$10,650.00 ",Dressage - Eventing ,
17772,Haflinger,Gelding,17 years,"14,1 hh",N/A,Unterletzen,N/A,N/A,Leisure ,
17773,Rocky Mountain Horse,Gelding,4 years,14 hh,Brown-Light,"Tyner,KY",N/A,"$5,000.00 ",Trail - Gaited ,
17774,Holstein,Gelding,7 years,N/A,N/A,Wächtersbach,"40,000","$42,601.00 ",Jumping ,
17775,PRE Mix,Stallion,4 years,"15,3 hh",Gray,Malaga,"20,000","$21,301.00 ",Dressage - Leisure ,
17776,PRE,Gelding,5 years,"16,1 hh",Brown,Provinz Cordoba,"10,000","$10,650.00 ",Leisure - Dressage ,
17777,PRE,Mare,4 years,"15,1 hh",Brown,Provinz Cordoba,"10,000","$10,650.00 ",Dressage - Working Equitation - Eventing - Leisure ,
17778,PRE,Stallion,2 years,"14,2 hh",Pearl,Provinz Cordoba,"15,000","$15,975.00 ",Dressage - Working Equitation - Breeding - Leisure ,
17779,PRE Mix,Mare,6 years,"15,1 hh",N/A,GIGJON,"10,000","$10,650.00 ",Dressage - Leisure ,
17780,Icelandic Horse,Mare,3 years,"13,1 hh",Roan-Bay,Bücken,"7,500","$7,988.00 ",Gaited - Breeding - Leisure - Mating ,
17781,Icelandic Horse,Stallion,4 years,"13,2 hh",Roan-Bay,Dedendorf,"10,000","$10,650.00 ",Gaited - Breeding - Leisure - Mating ,
17782,Icelandic Horse,Gelding,6 years,"13,1 hh",Dun,Stapelfeld,"15,000","$15,975.00 ",Gaited - Leisure ,
17783,KWPN,Gelding,7 years,"16,3 hh",Black,Békéscsaba,"10,000","$10,650.00 ",Dressage ,
17784,Kentucky Mountain Saddle Horse,Gelding,7 years,14 hh,Roan-Blue,"Whitley City, KY",N/A,"$5,000.00 ",Trail - Gaited ,
17785,Tennessee walking horse,Gelding,6 years,15 hh,Bay,"Lewisburg, tn",N/A,"$20,000.00 ",Trail - Gaited ,
17786,Tennessee walking horse,Mare,4 years,16 hh,Buckskin,"Tyner,ky",N/A,"$3,000.00 ",Trail - Gaited ,
17787,Friesian horses,Mare,4 years,N/A,N/A,Schöllnach,N/A,N/A,Leisure - Breeding - Driving - Dressage ,
17788,Tennessee walking horse,Gelding,14 years,14 hh,White,"Rockholds, KY",N/A,"$3,000.00 ",Trail - Gaited ,
17789,Mustang (american),Mare,8 years,"14,1 hh",Chestnut-Red,Amerika,"15,000","$15,975.00 ",Western - Leisure ,
17790,Oldenburg-International (OS),Stallion,1 year,"16,2 hh",Chestnut-Red,Berg,"15,000","$15,975.00 ",Jumping - Breeding - Eventing - Dressage ,
17791,Tennessee walking horse,Gelding,5 years,15 hh,Sabino,"independence, la",N/A,"$5,000.00 ",Gaited - Western allround - Leisure - Driving ,
17792,Tennessee walking horse,Gelding,5 years,15 hh,Tobiano-all-colors,"Gruetli Laager, TN",N/A,"$3,500.00 ",Gaited - Driving ,
17793,Spotted Saddle Horse,Gelding,9 years,15 hh,Bay,"Mc Kee, KY",N/A,"$2,999.00 ",Gaited - Trail ,
17794,Spotted Saddle Horse,Mare,4 years,15 hh,Sorrel,"Frankewing, TN",N/A,"$2,500.00 ",Trail - Show ,
17795,American Quarter Horse,Gelding,8 years,N/A,N/A,Flemingsburg KY,N/A,"$3,500.00 ",Trail - Versatility Ranch Horse ,
17796,Draft Horse,Gelding,7 years,"16,1 hh",Roan-Bay,Graham TX,N/A,"$3,500.00 ",Trail - Versatility Ranch Horse ,
17797,American Quarter Horse,Gelding,7 years,N/A,N/A,Graham TX,N/A,"$3,500.00 ",Trail - Versatility Ranch Horse ,
17798,Draft Horse,Gelding,10 years,16 hh,Roan-Blue,Weatherford TX,N/A,"$3,500.00 ",Versatility Ranch Horse - Trail ,
17799,American Quarter Horse,Gelding,10 years,16 hh,Roan-Blue,Weatherford TX,N/A,"$3,500.00 ",Trail - Versatility Ranch Horse ,
17800,American Quarter Horse,Gelding,8 years,"13,2 hh",Chestnut,Sweet Springs MO,N/A,"$3,500.00 ",Trail - Versatility Ranch Horse ,
17801,American Quarter Horse,Gelding,8 years,"13,2 hh",Chestnut,Sweet Springs MO,N/A,"$3,500.00 ",Trail - Versatility Ranch Horse ,
17802,Draft Horse,Gelding,5 years,"16,1 hh",Overo-all-colors,"Howell, MI",N/A,"$3,500.00 ",Trail - Versatility Ranch Horse ,
17803,American Quarter Horse,Gelding,5 years,N/A,N/A,"Howell, MI",N/A,"$3,500.00 ",Trail - Versatility Ranch Horse ,
17804,American Quarter Horse,Gelding,9 years,15 hh,Buckskin,Paicines CA,N/A,"$3,500.00 ",Trail - Versatility Ranch Horse ,
17805,American Quarter Horse,Gelding,12 years,"14,2 hh",Dun,Paicines CA,N/A,"$3,500.00 ",Trail - Versatility Ranch Horse ,
17806,Mustang (american),Mare,14 years,15 hh,Roan-Bay,Stephenville TX,N/A,"$3,500.00 ",Trail - Versatility Ranch Horse ,
17807,American Quarter Horse,Gelding,15 years,15 hh,Buckskin,LIsbon IA,N/A,"$3,500.00 ",Trail - Versatility Ranch Horse ,
17808,American Quarter Horse,Gelding,9 years,16 hh,Palomino,Wetherford TX,N/A,"$3,500.00 ",Trail - Versatility Ranch Horse ,
17809,American Quarter Horse,Gelding,9 years,"13,3 hh",Dun,Stephenville TX,N/A,"$3,500.00 ",Trail - Versatility Ranch Horse ,
17810,American Quarter Horse,Gelding,10 years,N/A,N/A,Flemingsburg KY,N/A,"$3,500.00 ",Trail - Versatility Ranch Horse ,
17811,Friesian horses,Gelding,6 years,"15,2 hh",Black,Flemingsburg KY,N/A,"$3,500.00 ",Trail - Versatility Ranch Horse ,
17812,American Quarter Horse,Gelding,5 years,"15,1 hh",Gray-Dapple,Warsaw NY,N/A,"$3,499.00 ",Trail - Versatility Ranch Horse ,
17813,American Quarter Horse,Gelding,11 years,"11,1 hh",Chestnut,Brownstown IL,N/A,"$3,500.00 ",Trail - Versatility Ranch Horse ,
17814,Mustang (american),Gelding,9 years,"14,2 hh",Chestnut-Red,Taunusstein,"15,000","$15,975.00 ",Leisure ,
17815,Mule,Gelding,16 years,N/A,N/A,Libson IA,N/A,"$3,500.00 ",Trail - Show ,
17816,American Quarter Horse,Gelding,14 years,N/A,N/A,Howell MI,N/A,"$3,500.00 ",Trail - Versatility Ranch Horse ,
17817,American Quarter Horse,Gelding,5 years,15 hh,Gray-Dapple,Grapeland TX,N/A,"$3,500.00 ",Trail - Versatility Ranch Horse ,
17818,American Quarter Horse,Gelding,5 years,N/A,N/A,Warsaw NY,N/A,"$3,500.00 ",Trail - Versatility Ranch Horse ,
17819,Other Warmbloods,Gelding,9 years,"16,2 hh",Tobiano-all-colors,Wellington FL,N/A,"$3,500.00 ",Trail - Jumping ,
17820,Friesian horses,Mare,4 years,N/A,N/A,Schöllnach,N/A,N/A,Leisure - Show - Breeding - Dressage ,
17821,Friesian horses,Stallion,4 years,N/A,N/A,Schöllnach,N/A,N/A,Leisure - Driving ,
17822,Friesian horses,Stallion,3 years,N/A,N/A,Schöllnach,N/A,N/A,Leisure - Baroque - Driving - Dressage ,
17823,Trakehner,Mare,15 years,"16,1 hh",Brown,Wolfhagen,"15,000","$15,975.00 ",Breeding - Jumping - Leisure - Dressage ,
17824,Lusitano Mix,Stallion,10 years,"16,1 hh",Black,Lisbon,"100,000","$106,503.00 ",Dressage,
17825,Lusitano,Stallion,3 years,"15,2 hh",Buckskin,Cartaxo,N/A,N/A,Dressage - Breeding,
17826,Lusitano,Stallion,3 years,"15,2 hh",Gray,Cartaxo,N/A,N/A,Dressage - Breeding,
17827,Lusitano,Stallion,6 years,16 hh,Buckskin,Benavente,"40,000","$42,601.00 ",Dressage - Working Equitation - Hunter - Leisure,
17828,Lusitano,Mare,16 years,"15,3 hh",Buckskin,Porto,"15,000","$15,975.00 ",Breeding,
17829,Andalusian,Mare,14 years,16 hh,Gray,"Ringoes, NJ",N/A,N/A,Trail - English Pleasure - Show - Dressage ,
17830,Hanoverian,Stallion,3 years,"16,1 hh",Brown,Dorsten,"10,000","$10,650.00 ",Dressage - Working Equitation ,
17831,German Sport Horse,Mare,1 year,"16,1 hh",Brown,Kirchroth,"7,500","$7,988.00 ",Dressage - Jumping,
17832,Hanoverian,Mare,1 year,"16,2 hh",Bay-Dark,Heilshoop,"8,000","$8,520.00 ",Dressage ,
17833,Austrian Warmblood,Mare,9 years,"16,3 hh",Black,Hackerberg,"40,000","$42,601.00 ",Dressage - Jumping,
17834,German Riding Pony,Gelding,8 years,"14,2 hh",Palomino,"Recke, bei Osnabrück","70,000","$74,552.00 ",Dressage - Jumping - Leisure ,
17835,American Quarter Horse,Gelding,13 years,15 hh,Roan-Bay,"PAICINES, CA",N/A,"$3,500.00 ",Versatility Ranch Horse - Trail ,
17836,American Quarter Horse,Gelding,11 years,N/A,N/A,"FORDSVILLE, KY",N/A,"$3,500.00 ",Versatility Ranch Horse - Trail ,
17837,American Quarter Horse,Gelding,10 years,"15,1 hh",Bay,"CHERRYVILLE, NC",N/A,"$3,500.00 ",Versatility Ranch Horse - Trail ,
17838,Haflinger,Gelding,14 years,14 hh,Palomino,"HOWELL, MI",N/A,"$3,500.00 ",Trail - Show - Jumping - Leisure ,
17839,American Quarter Horse,Gelding,11 years,"15,1 hh",Bay,"STEPHENVILLE, TX",N/A,"$3,500.00 ",Versatility Ranch Horse - Trail ,
17840,American Quarter Horse,Gelding,5 years,15 hh,Palomino,"SOMERSET, KY",N/A,"$3,500.00 ",Versatility Ranch Horse - Trail ,
17841,American Quarter Horse,Gelding,8 years,"15,2 hh",Bay,"CARTHAGE, TX",N/A,"$3,500.00 ",Versatility Ranch Horse - Trail ,
17842,American Quarter Horse,Gelding,4 years,"15,2 hh",Roan-Blue,"FLEMINGSBURG, KY",N/A,"$3,500.00 ",Versatility Ranch Horse - Trail ,
17843,American Quarter Horse,Gelding,11 years,N/A,N/A,"FORDSVILLE, KY",N/A,"$3,500.00 ",Versatility Ranch Horse - Trail ,
17844,Appaloosa,Gelding,7 years,16 hh,Buckskin,"OVIEDO, FL",N/A,"$3,500.00 ",Versatility Ranch Horse - Trail ,
17845,Friesian horses,Gelding,7 years,16 hh,Buckskin,"OVIEDO, FL",N/A,"$3,500.00 ",Versatility Ranch Horse - Trail ,
17846,Missouri Foxtrotter,Gelding,15 years,"14,3 hh",Black,"FLEMINGSBURG, KY",N/A,"$3,500.00 ",Versatility Ranch Horse - Trail ,
17847,Tennessee walking horse,Gelding,15 years,"14,3 hh",Black,"FLEMINGSBURG, KY",N/A,"$3,500.00 ",Versatility Ranch Horse - Trail ,
17848,American Quarter Horse,Gelding,12 years,"15,2 hh",Buckskin,"SANTA FE, TN",N/A,"$3,500.00 ",Versatility Ranch Horse - Trail ,
17849,American Quarter Horse,Gelding,14 years,"15,1 hh",Bay,"WEATHERFORD, TX",N/A,"$3,500.00 ",Versatility Ranch Horse - Trail ,
17850,American Quarter Horse,Gelding,12 years,"14,2 hh",Chestnut,"SAVOY, TX",N/A,"$3,500.00 ",Versatility Ranch Horse - Trail ,
17851,American Quarter Horse,Gelding,5 years,"14,2 hh",Dun,"MADISONVILLE, KY",N/A,"$3,500.00 ",Versatility Ranch Horse - Trail - Western Pleasure - Reining ,
17852,Appaloosa,Gelding,12 years,"14,1 hh",White,"FLEMINGSBURG, KY",N/A,"$3,500.00 ",Versatility Ranch Horse - Trail ,
17853,Mule,Mare,11 years,"15,1 hh",Gray,"FLEMINGSBURG, KY",N/A,"$3,500.00 ",Versatility Ranch Horse - Trail ,
17854,American Quarter Horse,Mare,11 years,"15,1 hh",Gray,FLEMINGSBURG,N/A,"$3,500.00 ",Versatility Ranch Horse - Trail ,
17855,American Quarter Horse,Gelding,8 years,"14,2 hh",Chestnut,"SAVOY, TX",N/A,"$3,500.00 ",Versatility Ranch Horse - Trail ,
17856,American Quarter Horse,Gelding,7 years,15 hh,Palomino,"FORDSVILLE, KY",N/A,"$3,500.00 ",Versatility Ranch Horse - Trail ,
17857,Friesian horses,Gelding,11 years,15 hh,Bay,FLEMINGSBRUG,N/A,"$3,500.00 ",Versatility Ranch Horse - Trail ,
17858,Gypsy Horse,Gelding,11 years,15 hh,Bay,"Flemingsburg, KY",N/A,"$3,500.00 ",Versatility Ranch Horse - Trail ,
17859,PRE Mix,Stallion,11 years,"15,2 hh",Bay,MADRID,"20,000","$21,301.00 ",Dressage - Leisure ,
17860,Arabian horses,Mare,2 years,"12,3 hh",Brown,Söll,"15,000","$15,975.00 ",Dressage - Breeding - Eventing - Jumping ,
17861,Friesian horses,Stallion,8 years,N/A,N/A,La Rinconada,"30,000","$31,951.00 ",Show - English Pleasure - Baroque - Dressage ,
17862,Zangersheider,Gelding,4 years,"16,2 hh",Bay-Dark,Békéscsaba,"8,000","$8,520.00 ",Jumping - Eventing ,
17863,PRE,Stallion,5 years,"15,2 hh",Black,Rafelguaraf,"12,000","$12,780.00 ",Dressage - Leisure ,
17864,Andalusian,Mare,5 years,"15,1 hh",Palomino,Provinz Cordoba,"15,000","$15,975.00 ",Leisure - Working Equitation - Eventing - Dressage ,
17865,Lusitano,Stallion,3 years,"16,1 hh",Gray,Bogen,"20,000","$21,301.00 ",Working Equitation - Breeding - Leisure - Dressage ,
17866,Lusitano,Stallion,2 years,16 hh,Smoky-Black,Bogen,"20,000","$21,301.00 ",Working Equitation - Breeding - Leisure - Dressage ,
17867,PRE Mix,Gelding,10 years,16 hh,Dun,Caumont,N/A,N/A,Dressage - Doma Vaquera - Working Equitation - Show ,
17868,Oldenburg,Stallion,1 year,"16,2 hh",Brown,Dunningen,"10,000","$10,650.00 ",Dressage ,
17869,PRE,Mare,3 years,"15,2 hh",Black,CAUMONT,N/A,N/A,Dressage - Show - Breeding - Leisure ,
17870,PRE,Stallion,3 years,"15,2 hh",Dun,CAUMONT,N/A,N/A,Dressage - Trail - Show - Leisure ,
17871,Menorquin,Mare,5 years,15 hh,Black,Menorca,N/A,N/A,Leisure - Working Equitation - Baroque - Eventing ,
17872,Icelandic Horse,Stallion,2 years,"13,2 hh",Chestnut-Red,Zweibrücken,"3,100","$3,302.00 ",Gaited - Dressage ,
17873,Icelandic Horse,Stallion,2 years,"13,2 hh",N/A,Zweibrücken,"3,100","$3,302.00 ",Gaited - Dressage ,
17874,Oldenburg,Mare,19 years,"16,3 hh",Chestnut-Red,Bramsche,"20,000","$21,301.00 ",Jumping - Breeding,
17875,Lusitano Mix,Stallion,8 years,"16,2 hh",Pearl,La Rinconada,"25,000","$26,626.00 ",Dressage - Equitation Portugesa - Working Equitation - Show ,
17876,PRE Mix,Stallion,4 years,16 hh,Gray,Malaga,"15,000","$15,975.00 ",Dressage - Leisure ,
17877,PRE Mix,Gelding,8 years,16 hh,Chestnut,MURCIA,"40,000","$42,601.00 ",Dressage - Leisure ,
17878,Hanoverian,Mare,7 years,"16,2 hh",Brown,Kutenholz,"32,000","$34,081.00 ",Dressage ,
17879,Other Breeds Mix,Stallion,8 years,"15,2 hh",Black,Sevilla,"40,000","$42,601.00 ",Dressage - Leisure ,
17880,PRE Mix,Mare,4 years,16 hh,Bay,MADRID,"10,000","$10,650.00 ",Dressage - Leisure ,
17881,Konik,Mare,2 years,"13,2 hh",Dun,Eggermühlen,"2,500","$2,663.00 ",Leisure ,
17882,Arabian Partbred,Stallion,1 year,"14,3 hh",Tobiano-all-colors,Mörsdorf,"3,900","$4,154.00 ",Leisure - Working Equitation - Mating - Dressage ,
17883,Welsh A (Mountain Pony) Mix,Mare,4 years,N/A,N/A,"Spring Hill, TN",N/A,N/A,Trail - Western - Jumping ,
17884,Percheron,Gelding,8 years,"17,1 hh",Black,"Rockfield, KY",N/A,N/A,Driving - Trail ,
17885,Missouri Foxtrotter,Mare,11 years,N/A,N/A,"Cunningham, KY",N/A,"$12,000.00 ",Trail - Versatility Ranch Horse - Gaited ,
17886,Westphalian,Mare,5 years,N/A,N/A,Békéscsaba,"15,000","$15,975.00 ",Jumping - Eventing - Dressage ,
17887,Connemara,Mare,3 years,"14,1 hh",Gray,Dundalk,"2,700","$2,876.00 ",Jumping - Hunting - Show - Leisure ,
17888,Welsh A (Mountain Pony) Mix,Mare,3 years,"11,1 hh",Brown Falb mold,Eggermühlen,"3,350","$3,568.00 ",Leisure ,
17889,German Riding Pony,Stallion,1 year,"14,2 hh",Red Dun,Wegeleben,"5,000","$5,325.00 ",Dressage - Breeding - Jumping - Driving ,
17890,American Quarter Horse,Gelding,6 years,"13,3 hh",Chestnut,PLeasant Grove CA,N/A,"$3,500.00 ",Trail - Versatility Ranch Horse ,
17891,Appaloosa,Gelding,12 years,N/A,N/A,Paicines CA,N/A,"$3,500.00 ",Trail - Versatility Ranch Horse ,
17892,American Quarter Horse,Gelding,13 years,"15,1 hh",Palomino,Bitterwater CA,N/A,"$3,500.00 ",Trail - Versatility Ranch Horse ,
17893,American Quarter Horse,Gelding,8 years,15 hh,Dun,Paicines CA,N/A,"$3,500.00 ",Trail - Versatility Ranch Horse ,
17894,Draft Horse,Gelding,4 years,N/A,N/A,Jacksboro TX,N/A,"$3,500.00 ",Trail - Versatility Ranch Horse ,
17895,American Quarter Horse,Gelding,4 years,"15,2 hh",Bay,Jacksboro TX,N/A,"$3,500.00 ",Trail - Versatility Ranch Horse ,
17896,American Quarter Horse,Gelding,6 years,N/A,N/A,Flemingsburg Ky,N/A,"$3,500.00 ",Trail - Versatility Ranch Horse ,
17897,Paint Horse,Gelding,6 years,"15,1 hh",Tobiano-all-colors,Vernon TX,N/A,"$3,500.00 ",Trail - Versatility Ranch Horse ,
17898,American Quarter Horse,Gelding,6 years,"15,1 hh",Tobiano-all-colors,Vernon TX,N/A,"$3,500.00 ",Trail - Versatility Ranch Horse ,
17899,American Quarter Horse,Gelding,12 years,N/A,N/A,Stephenville TX,N/A,"$3,500.00 ",Trail - Versatility Ranch Horse ,
17900,Clydesdale,Mare,9 years,N/A,N/A,Flemingsburg KY,N/A,"$3,500.00 ",Trail - Versatility Ranch Horse ,
17901,American Quarter Horse,Mare,9 years,"15,2 hh",Bay,Flemingsburg KY,N/A,"$3,500.00 ",Trail - Versatility Ranch Horse ,
17902,Paint Horse,Gelding,5 years,15 hh,Dun,LExington IN,N/A,"$3,500.00 ",Trail - Versatility Ranch Horse ,
17903,American Quarter Horse,Gelding,5 years,15 hh,Dun,Lexington IN,N/A,"$3,500.00 ",Trail - Versatility Ranch Horse ,
17904,Missouri Foxtrotter,Gelding,8 years,15 hh,Palomino,Flemingsburg KY,N/A,"$3,500.00 ",Trail - Gaited ,
17905,Tennessee walking horse,Gelding,8 years,15 hh,Palomino,Flemingsburg KY,N/A,"$3,500.00 ",Trail - Versatility Ranch Horse ,
17906,Paint Horse,Gelding,6 years,15 hh,Buckskin,"North JUdson, IN",N/A,"$3,500.00 ",Trail - Versatility Ranch Horse ,
17907,American Quarter Horse,Gelding,6 years,15 hh,Buckskin,NOrth Judson IN,N/A,"$3,500.00 ",Trail - Versatility Ranch Horse ,
17908,Friesian horses,Gelding,5 years,16 hh,Black,"Flemingsburg, KY",N/A,"$3,500.00 ",Trail - Versatility Ranch Horse ,
17909,Draft Horse,Gelding,6 years,N/A,N/A,"Howell, MI",N/A,"$3,499.00 ",Trail - Versatility Ranch Horse ,
17910,American Quarter Horse,Gelding,6 years,N/A,N/A,"Howell, MI",N/A,"$3,500.00 ",Trail - Versatility Ranch Horse ,
17911,German Riding Horse,Mare,3 years,"15,1 hh",Cremello,Heistenbach,"10,000","$10,650.00 ",Breeding - Leisure - Dressage,
17912,American Morgan Horse,Gelding,7 years,"14,2 hh",Brown,Ewing KY,N/A,"$3,500.00 ",Trail - Versatility Ranch Horse ,
17913,American Morgan Horse,Gelding,7 years,"14,2 hh",Brown,Ewing KY,N/A,"$3,500.00 ",Trail - Versatility Ranch Horse ,
17914,Haflinger,Gelding,7 years,"14,2 hh",Brown,"Ewing, KY",N/A,"$3,500.00 ",Trail - Versatility Ranch Horse ,
17915,Other Warmbloods,Gelding,6 years,"15,3 hh",Bay,"Howell, MI",N/A,"$3,500.00 ",Trail - Versatility Ranch Horse ,
17916,Haflinger,Gelding,14 years,"14,3 hh",Sorrel,"Pleasant Grove, CA",N/A,"$3,500.00 ",Trail - Versatility Ranch Horse ,
17917,American Quarter Horse,Gelding,17 years,"15,2 hh",Tobiano-all-colors,Borden IN,N/A,"$3,500.00 ",Trail - Versatility Ranch Horse ,
17918,Gypsy Horse,Mare,13 years,N/A,N/A,"Chuluota, FL",N/A,"$3,500.00 ",Trail,
17919,Icelandic Horse,Mare,14 years,"13,1 hh",Pinto,Südlohn,"6,500","$6,923.00 ",Gaited - Breeding - Leisure ,
17920,Zangersheider,Stallion,1 year,17 hh,Brown,Eerste Exloërmond,"10,000","$10,650.00 ",Dressage - Jumping,
17921,PRE Mix,Stallion,8 years,16 hh,Gray,Sevilla,"40,000","$42,601.00 ",Dressage - Leisure ,
17922,Westphalian,Mare,4 years,"16,2 hh",Black,Paderborn,"14,000","$14,910.00 ",Dressage - Breeding - Leisure ,
17923,German Sport Horse,Mare,7 years,"16,1 hh",Black,Potsdam,"19,900","$21,194.00 ",Dressage ,
17924,Paint Horse,Mare,2 years,"14,2 hh",Brown,Eggenthal,"10,000","$10,650.00 ",Western - Cowhorse ,
17925,PRE,Stallion,2 years,"13,2 hh",Buckskin,HEUVELLAND,"10,000","$10,650.00 ",Working Equitation - Baroque - Breeding - Dressage ,
17926,Hanoverian,Mare,19 years,"16,1 hh",Chestnut-Red,Mücheln (Geiseltal),"6,500","$6,923.00 ",Breeding - Eventing - Jumping - Dressage ,
17927,Hanoverian,Gelding,5 years,"16,2 hh",Chestnut,Meerbusch,"40,000","$42,601.00 ",Dressage ,
17928,Other Breeds Mix,Stallion,4 years,"16,1 hh",Bay,Malaga,"15,000","$15,975.00 ",Dressage - Leisure ,
17929,PRE Mix,Stallion,5 years,"16,2 hh",Chestnut,ALICANTE,"20,000","$21,301.00 ",Dressage - Leisure ,
17930,PRE Mix,Stallion,5 years,"16,1 hh",Bay,MADRID,"15,000","$15,975.00 ",Dressage - Leisure ,
17931,Lusitano Mix,Stallion,5 years,"15,2 hh",Gray,"Lisboa, Portugal","10,000","$10,650.00 ",Dressage - Leisure ,
17932,American Quarter Horse,Gelding,4 years,15 hh,Brown,München,"10,500","$11,183.00 ",Western allround - Western - Leisure,"suitable for beginners, is broken-in, is lunged"
17933,Oldenburg,Gelding,5 years,"16,2 hh",N/A,Sassenberg,"40,000","$42,601.00 ",Dressage ,
17934,South German Coldblood,Gelding,3 years,16 hh,Chestnut,Riedlingen,N/A,N/A,Driving - Leisure ,
17935,Oldenburg,Mare,5 years,17 hh,Bay-Dark,Sassenberg,"40,000","$42,601.00 ",Dressage ,
17936,Heavy Warmblood,Gelding,4 years,16 hh,Gray-Dark-Tan,Riedlingen,N/A,N/A,Leisure - Driving ,
17937,German Sport Horse,Gelding,6 years,"16,1 hh",Smoky-Black,Schleiz,"40,000","$42,601.00 ",Jumping,
17938,Westphalian,Gelding,4 years,"16,2 hh",Brown,Bielefeld,"40,000","$42,601.00 ",Dressage ,
17939,German Sport Horse,Gelding,9 years,17 hh,Black,Oberstadion,"100,000","$106,503.00 ",Dressage ,
17940,Oldenburg,Gelding,5 years,"16,2 hh",Black,Oberstadion,"40,000","$42,601.00 ",Dressage ,
17941,German Sport Horse,Gelding,6 years,"16,1 hh",Brown,Oberstadion,"40,000","$42,601.00 ",Jumping ,
17942,Danish Warmblood,Gelding,7 years,"17,1 hh",Smoky-Black,Oberstadion,"100,000","$106,503.00 ",Dressage ,
17943,German Sport Horse,Gelding,5 years,"16,1 hh",Smoky-Black,Oberstadion,"40,000","$42,601.00 ",Dressage ,
17944,Hucul,Mare,5 years,14 hh,Brown,Mülheim an der Ruhr,"4,900","$5,219.00 ",Leisure - Eventing - Jumping - Dressage ,
17945,Shetland Ponies,Mare,7 years,N/A,N/A,Boxtel,450,$479.00 ,Leisure ,
17946,American Quarter Horse,Gelding,5 years,"14,1 hh",Gray-Dapple,Millersburg,N/A,N/A,Trail - Western ,
17947,American Quarter Horse,Gelding,10 years,"15,2 hh",Sorrel,"Mountain Grove, MO",N/A,N/A,Trail - Versatility Ranch Horse - Show - Jumping ,
17948,PRE Mix,Gelding,16 years,"15,2 hh",Gray,Trebbin,"8,000","$8,520.00 ",Working Equitation - Doma Vaquera - Baroque - Leisure ,
17949,PRE Mix,Gelding,6 years,"16,1 hh",Bay-Dark,Simmern,"10,000","$10,650.00 ",Dressage - Doma Vaquera - Working Equitation - Leisure ,
17950,Shetland Ponies,Mare,17 years,N/A,N/A,Boxtel,650,$692.00 ,Leisure ,
17951,Austrian Warmblood,Gelding,5 years,17 hh,Black,Bad Kleinkirchheim,"40,000","$42,601.00 ",Dressage ,
17952,Tennessee walking horse,Gelding,11 years,"14,3 hh",Smoky-Black,"Parkers Lake, KY",N/A,N/A,Trail - Gaited ,
17953,PRE Mix,Mare,10 years,16 hh,Gray,SEVILLA,"10,000","$10,650.00 ",Dressage - Leisure ,
17954,Other Warmbloods,Mare,19 years,N/A,N/A,Götzendorf,500,$533.00 ,Dressage - Jumping - Leisure ,
17955,German Riding Pony,Gelding,9 years,"14,2 hh",Buckskin,"Recke, bei Osnabrück","40,000","$42,601.00 ",Dressage - Jumping - Leisure ,
17956,Paint Horse,Gelding,4 years,"13,3 hh",Tobiano-all-colors,"Rocky Mount, NC",N/A,N/A,Trail ,
17957,Leonhard,Gelding,3 years,"15,1 hh",Black,Grabenstätt,N/A,N/A,Leisure ,
17958,Paint Horse,Mare,2 years,"14,2 hh",Pinto,Eggenthal,"10,000","$10,650.00 ",Cowhorse - Western ,
17959,Paint Horse,Mare,2 years,"14,2 hh",Chestnut-Red,Eggenthal,"10,000","$10,650.00 ",Cowhorse - Cutting ,
17960,Arabian horses,Gelding,4 years,"15,1 hh",Chestnut-Red,Herzberg am Harz,"4,200","$4,473.00 ",Leisure - Western allround - Endurance - Dressage ,
17961,PRE Mix,Stallion,11 years,"15,3 hh",Brown,Tabernas Almeria,"5,900","$6,284.00 ",Dressage - Breeding ,
17962,German Riding Pony,Gelding,7 years,"14,2 hh",Dun,"Recke, bei Osnabrück","40,000","$42,601.00 ",Dressage - Jumping - Hunter - Leisure ,
17963,Quarab,Gelding,8 years,N/A,N/A,Paicines CA,N/A,"$3,500.00 ",Trail - Versatility Ranch Horse ,
17964,American Morgan Horse,Gelding,6 years,N/A,N/A,Flemingsburg KY,N/A,"$3,500.00 ",Driving - Trail ,
17965,Draft Horse,Gelding,11 years,"15,1 hh",Black,Parkers Lake KY,N/A,"$3,500.00 ",Trail - Versatility Ranch Horse ,
17966,Friesian horses,Gelding,11 years,N/A,N/A,Parkers Lake KY,N/A,"$3,500.00 ",Trail - Versatility Ranch Horse ,
17967,Paint Horse,Mare,8 years,15 hh,Overo-all-colors,Wichita Falls TX,N/A,"$3,500.00 ",Trail - Versatility Ranch Horse ,
17968,American Quarter Horse,Mare,8 years,15 hh,Overo-all-colors,Wichita Falls,N/A,"$3,500.00 ",Trail - Versatility Ranch Horse ,
17969,American Quarter Horse,Gelding,6 years,"14,2 hh",Roan-Bay,Madisonville KY,N/A,"$3,500.00 ",Trail - Versatility Ranch Horse ,
17970,Paint Horse,Gelding,6 years,15 hh,Tobiano-all-colors,Adair OK,N/A,"$3,500.00 ",Trail - Versatility Ranch Horse ,
17971,American Quarter Horse,Gelding,6 years,15 hh,Tobiano-all-colors,Adair Ok,N/A,"$3,500.00 ",Trail - Versatility Ranch Horse ,
17972,Haflinger,Mare,15 years,N/A,N/A,Weatherford TX,N/A,"$3,500.00 ",Trail - Versatility Ranch Horse ,
17973,German Riding Horse,Stallion,3 years,"15,2 hh",Cremello,Heistenbach,"20,000","$21,301.00 ",Jumping - Breeding - Leisure - Dressage,
17974,American Quarter Horse,Gelding,9 years,N/A,N/A,Grapeland TX,N/A,"$3,500.00 ",Trail - Versatility Ranch Horse ,
17975,Friesian horses,Gelding,12 years,N/A,N/A,Flemingsburg KY,N/A,"$3,500.00 ",Trail - Versatility Ranch Horse ,
17976,American Quarter Horse,Gelding,11 years,N/A,N/A,North Judson IN,N/A,"$3,500.00 ",Trail - Versatility Ranch Horse ,
17977,American Quarter Horse,Gelding,11 years,N/A,N/A,Sonora KY,N/A,"$3,500.00 ",Trail - Versatility Ranch Horse ,
17978,American Quarter Horse,Gelding,11 years,N/A,N/A,Libson IA,N/A,"$3,500.00 ",Trail - Versatility Ranch Horse ,
17979,American Quarter Horse,Gelding,10 years,15 hh,Sorrel,Cherryville NC,N/A,"$3,500.00 ",Trail - Versatility Ranch Horse ,
17980,Gypsy Horse,Gelding,6 years,"15,1 hh",Tobiano-all-colors,Parkers Lake KY,N/A,"$3,500.00 ",Trail - Versatility Ranch Horse ,
17981,Paint Horse,Gelding,6 years,N/A,N/A,Parkers Lake KY,N/A,"$3,500.00 ",Trail - Versatility Ranch Horse ,
17982,American Quarter Horse,Gelding,6 years,N/A,N/A,"Parkers Lake, KY",N/A,"$3,500.00 ",Trail - Versatility Ranch Horse ,
17983,American Quarter Horse,Gelding,6 years,15 hh,Roan-Blue,Sonora KY,N/A,"$3,500.00 ",Trail - Versatility Ranch Horse ,
17984,Draft Horse,Gelding,6 years,"14,2 hh",Bay,Sweet Springs MO,N/A,"$3,500.00 ",Trail - Versatility Ranch Horse ,
17985,American Quarter Horse,Gelding,6 years,"14,2 hh",Bay,Sweet Springs MO,N/A,"$3,500.00 ",Trail - Versatility Ranch Horse ,
17986,Fjord Horses,Gelding,11 years,15 hh,Buckskin,"Flemingsburg, KY",N/A,"$3,500.00 ",Trail - Driving ,
17987,Irish Sport Horse,Mare,5 years,16 hh,Black,Swinford,"14,000","$14,910.00 ",Jumping - Hunting - Eventing - Dressage ,
17988,Other Breeds Mix,Gelding,5 years,"15,1 hh",Bay,MADRID,"10,000","$10,650.00 ",Dressage - Leisure ,
17989,PRE Mix,Stallion,9 years,16 hh,Bay,Sevilla,"40,000","$42,601.00 ",Dressage - Leisure ,
17990,PRE Mix,Gelding,8 years,16 hh,Gray,Gijon,"15,000","$15,975.00 ",Dressage - Leisure ,
17991,PRE Mix,Mare,10 years,"14,2 hh",Brown,Neumarkt-Sankt Veit,"8,000","$8,520.00 ",Leisure ,
17992,Noriker,Mare,4 years,N/A,N/A,Obertilliach,"3,900","$4,154.00 ",Leisure ,
17993,Lusitano Mix,Stallion,5 years,"15,2 hh",Gray,Alicante,"20,000","$21,301.00 ",Dressage - Leisure ,
17994,PRE Mix,Mare,7 years,"15,2 hh",Overo-all-colors,Alicante,"10,000","$10,650.00 ",Dressage - Leisure ,
17995,Trakehner,Stallion,3 years,"16,1 hh",Smoky-Black,Aytos,N/A,N/A,Eventing - Jumping - Dressage ,
17996,PRE Mix,Stallion,10 years,16 hh,Gray,Sevilla,"40,000","$42,601.00 ",Dressage - Leisure ,
17997,PRE Mix,Stallion,9 years,16 hh,Gray,MADRID,"15,000","$15,975.00 ",Dressage - Leisure ,
17998,PRE Mix,Mare,6 years,"15,3 hh",Bay,Alicante,"10,000","$10,650.00 ",Dressage - Leisure ,
17999,American Quarter Horse,Gelding,9 years,N/A,N/A,Mount Vernon,N/A,"$20,000.00 ",Versatility Ranch Horse - Trail - Driving ,
18000,Draft Horse,Gelding,6 years,"15,2 hh",Roan-Blue,Mount Vernon,N/A,"$32,500.00 ",Versatility Ranch Horse - Trail - Driving ,
18001,American Quarter Horse,Gelding,6 years,N/A,N/A,Mount Vernon,N/A,"$3,500.00 ",Versatility Ranch Horse - Trail - Driving ,
18002,Draft Horse,Gelding,6 years,N/A,N/A,Mount Vernon,N/A,"$3,500.00 ",Versatility Ranch Horse - Trail - Driving ,
18003,American Quarter Horse,Gelding,6 years,N/A,N/A,Mount Vernon,N/A,"$3,500.00 ",Versatility Ranch Horse - Trail - Driving ,
18004,Draft Horse,Gelding,6 years,N/A,N/A,Mount Vernon,N/A,"$32,500.00 ",Versatility Ranch Horse - Trail ,
18005,American Quarter Horse,Gelding,6 years,N/A,N/A,Mount Vernon,N/A,"$32,500.00 ",Versatility Ranch Horse - Trail ,
18006,American Quarter Horse,Gelding,7 years,"15,1 hh",Palomino,"Franktown, CO",N/A,N/A,Trail - Western Pleasure - Dressage ,
18007,Icelandic Horse,Mare,9 years,N/A,N/A,Stapelfeld,"20,000","$21,301.00 ",Gaited - Leisure ,
18008,PRE Mix,Mare,5 years,"15,2 hh",Black,ALICANTE,"10,000","$10,650.00 ",Dressage - Leisure ,
18009,PRE Mix,Mare,5 years,"15,2 hh",Chestnut,ALICANTE,"10,000","$10,650.00 ",Dressage - Leisure ,
18010,PRE Mix,Mare,6 years,"16,1 hh",Gray,NAVAS DEL MADRONO,N/A,N/A,Dressage ,
18011,PRE Mix,Stallion,16 years,16 hh,Gray,Alicante/Alacant,"15,000","$15,975.00 ",Dressage - Leisure ,
18012,PRE Mix,Gelding,10 years,16 hh,Gray,MADRID,"20,000","$21,301.00 ",Dressage - Leisure ,
18013,PRE Mix,Stallion,8 years,16 hh,Gray,Sevilla,"40,000","$42,601.00 ",Dressage - Leisure ,
18014,Noriker,Mare,15 years,N/A,N/A,Obertilliach,"5,500","$5,858.00 ",Leisure ,
18015,German Sport Horse,Mare,2 years,17 hh,Brown,Eibau,"6,500","$6,923.00 ",Jumping - Breeding - Eventing - Leisure,
18016,Austrian Warmblood,Gelding,15 years,14 hh,N/A,Obertilliach,"2,900","$3,089.00 ",Leisure ,
18017,PRE,Mare,10 years,"15,1 hh",Brown,Valencia,"7,000","$7,455.00 ",Baroque - Working Equitation - Breeding ,
18018,Lusitano,Mare,13 years,"15,1 hh",Bay-Dark,Menorca,"10,000","$10,650.00 ",Dressage - Working Equitation - Eventing - Leisure ,
18019,Haflinger,Gelding,15 years,"14,2 hh",N/A,Obertilliach,"3,900","$4,154.00 ",Leisure ,
18020,KWPN,Gelding,4 years,"16,2 hh",Chestnut,Bekescsaba,"9,500","$10,118.00 ",Jumping ,
18021,Andalusian,Stallion,6 years,"16,3 hh",Gray,Almeria,"16,500","$17,573.00 ",Dressage ,
18022,American Quarter Horse,Gelding,13 years,15 hh,Buckskin,"Somerset, KY",N/A,"$3,500.00 ",Trail - Versatility Ranch Horse ,
18023,American Quarter Horse,Gelding,9 years,"15,1 hh",Bay,Collinsville TX,N/A,"$3,500.00 ",Trail - Versatility Ranch Horse ,
18024,Shire Horse,Gelding,6 years,"16,2 hh",Tobiano-all-colors,Independence IA,N/A,"$3,500.00 ",Trail - Versatility Ranch Horse ,
18025,Gypsy Horse,Gelding,6 years,"16,2 hh",Tobiano-all-colors,INdependence IA,N/A,"$3,500.00 ",Trail - Versatility Ranch Horse ,
18026,Gypsy Horse,Gelding,7 years,N/A,N/A,Flemingsburg KY,N/A,"$3,500.00 ",Trail - Versatility Ranch Horse ,
18027,Oldenburg,Mare,1 year,"16,1 hh",Black,Bramsche,"15,000","$15,975.00 ",Dressage - Hunter under saddle - Jumping - Leisure,
18028,American Quarter Horse,Gelding,9 years,15 hh,Bay,Bellingham MA,N/A,"$3,500.00 ",Trail - Versatility Ranch Horse ,
18029,Friesian horses,Gelding,4 years,"16,1 hh",Black,Flemmingsburg KY,N/A,"$3,499.00 ",Trail - Versatility Ranch Horse ,
18030,American Quarter Horse,Gelding,6 years,"15,1 hh",Palomino,Tompkinsville Ky,N/A,"$3,501.00 ",Trail - Versatility Ranch Horse ,
18031,American Quarter Horse,Gelding,4 years,13 hh,Roan-Red,Bolivar Mo,N/A,"$3,500.00 ",Trail - Versatility Ranch Horse ,
18032,Mule,Mare,15 years,"15,3 hh",Sorrel,Howell MI,N/A,"$3,500.00 ",Trail - Versatility Ranch Horse ,
18033,American Morgan Horse,Mare,8 years,15 hh,Buckskin,Flemmingsburg KY,N/A,"$3,500.00 ",Trail - Versatility Ranch Horse ,
18034,Oldenburg,Mare,1 year,16 hh,Bay-Dark,Bramsche,"10,000","$10,650.00 ",Dressage - Hunter under saddle - Jumping - Leisure,
18035,Friesian horses,Mare,5 years,15 hh,Roan-Blue,Parkers Lake Ky,N/A,"$3,500.00 ",Trail - Versatility Ranch Horse ,
18036,Draft Horse,Mare,5 years,15 hh,Roan-Blue,Parkers Lake KY,N/A,"$3,500.00 ",Trail - Versatility Ranch Horse ,
18037,American Quarter Horse,Mare,5 years,15 hh,Roan-Blue,Parkers Lake KY,N/A,"$3,500.00 ",Trail - Versatility Ranch Horse ,
18038,Paint Horse,Gelding,6 years,15 hh,Tobiano-all-colors,Paicines CA,N/A,"$3,500.00 ",Trail ,
18039,American Quarter Horse,Gelding,6 years,15 hh,Tobiano-all-colors,Paicines CA,N/A,"$3,500.00 ",Trail - Versatility Ranch Horse ,
18040,American Quarter Horse,Gelding,8 years,N/A,N/A,Carlisle KY,N/A,"$3,500.00 ",Trail - Versatility Ranch Horse ,
18041,American Quarter Horse,Gelding,6 years,N/A,N/A,Pleasant Grove MO,N/A,"$3,500.00 ",Trail - Versatility Ranch Horse ,
18042,Draft Horse,Gelding,9 years,"15,2 hh",Chestnut,Wickenburg AZ,N/A,"$3,500.00 ",Trail - Versatility Ranch Horse ,
18043,Gypsy Horse,Gelding,9 years,"15,2 hh",Chestnut,Wickenburg Az,N/A,"$3,500.00 ",Trail - Versatility Ranch Horse ,
18044,Appaloosa,Gelding,9 years,"15,2 hh",White,Wickenburg AZ,N/A,"$3,500.00 ",Trail - Versatility Ranch Horse ,
18045,Paint Horse,Gelding,6 years,N/A,N/A,Mountain Grove MO,N/A,"$3,500.00 ",Trail - Versatility Ranch Horse ,
18046,American Quarter Horse,Gelding,6 years,N/A,N/A,Mountain Grove MO,N/A,"$3,500.00 ",Trail - Versatility Ranch Horse ,
18047,American Quarter Horse,Gelding,10 years,"14,3 hh",Gray-Dapple,Mountain Grove MO,N/A,"$3,500.00 ",Trail - Versatility Ranch Horse ,
18048,Belgian Warmblood,Mare,11 years,"16,2 hh",N/A,Milano,N/A,N/A,Jumping ,
18049,Lusitano,Mare,10 years,"15,2 hh",Perlino,Segovia,"10,000","$10,650.00 ",Breeding - Baroque - Mating - Dressage ,
18050,Lusitano,Stallion,7 years,"16,3 hh",Cremello,Martfeld,"70,000","$74,552.00 ",Dressage - Show - Baroque - Leisure ,
18051,Hanoverian,Mare,5 years,"16,1 hh",Brown,Tiddische,"12,000","$12,780.00 ",Dressage - Breeding ,
18052,German Sport Horse,Mare,2 years,17 hh,Bay-Dark,Eibau,"7,000","$7,455.00 ",Jumping - Eventing,
18053,American Quarter Horse,Mare,1 year,"14,2 hh",Chestnut,Eschenau,"15,000","$15,975.00 ",Western - Cutting - Cowhorse - Reining ,
18054,Hanoverian,Gelding,5 years,"16,1 hh",Brown,Tiddische,"40,000","$42,601.00 ",Dressage ,
18055,American Quarter Horse,Mare,5 years,"14,3 hh",Palomino,Bitterwater CA,N/A,"$3,500.00 ",Trail - Versatility Ranch Horse ,
18056,American Quarter Horse,Gelding,11 years,"14,3 hh",Dun,Paicines CA,N/A,"$3,500.00 ",Trail - Versatility Ranch Horse ,
18057,Paint Horse,Gelding,9 years,"15,1 hh",Tobiano-all-colors,weatherford TX,N/A,"$3,500.00 ",Trail - Versatility Ranch Horse ,
18058,American Quarter Horse,Gelding,9 years,"15,1 hh",Tobiano-all-colors,Weatherford TX,N/A,"$3,500.00 ",Trail - Versatility Ranch Horse ,
18059,American Quarter Horse,Gelding,8 years,N/A,N/A,Fairbank IA,N/A,"$3,500.00 ",Trail - Versatility Ranch Horse ,
18060,American Quarter Horse,Gelding,16 years,"14,2 hh",Bay,Mountain Grove MO,N/A,"$3,500.00 ",Trail - Versatility Ranch Horse ,
18061,Paint Horse,Gelding,9 years,16 hh,Chestnut,Lisbon IA,N/A,"$3,500.00 ",Trail - Versatility Ranch Horse ,
18062,American Quarter Horse,Gelding,9 years,16 hh,Chestnut,Libson IA,N/A,"$3,500.00 ",Trail - Versatility Ranch Horse ,
18063,American Quarter Horse,Gelding,7 years,N/A,N/A,Hardinsburg IN,N/A,"$3,500.00 ",Trail - Versatility Ranch Horse ,
18064,Draft Horse,Gelding,8 years,16 hh,Roan-Red,Mountain Grove MO,N/A,"$3,500.00 ",Trail - Versatility Ranch Horse ,
18065,American Quarter Horse,Gelding,8 years,16 hh,Roan-Red,Mountain Grove MO,N/A,"$3,500.00 ",Trail - Versatility Ranch Horse ,
18066,American Quarter Horse,Gelding,6 years,"14,3 hh",Overo-all-colors,Sweet Springs MO,N/A,"$3,500.00 ",Trail - Versatility Ranch Horse ,
18067,American Quarter Horse,Gelding,8 years,"14,3 hh",Palomino,Flemingsburg Ky,N/A,"$3,500.00 ",Trail - Versatility Ranch Horse ,
18068,American Quarter Horse,Gelding,9 years,15 hh,Buckskin,Lisbon IA,N/A,"$3,500.00 ",Trail - Versatility Ranch Horse ,
18069,American Quarter Horse,Gelding,6 years,"14,2 hh",Buckskin,Sonora Ky,N/A,"$55,555.00 ",Trail - Versatility Ranch Horse ,
18070,Kentucky Mountain Saddle Horse,Gelding,8 years,"14,2 hh",Bay,Parkers LAke KY,N/A,"$3,500.00 ",Trail - Gaited ,
18071,Tennessee walking horse,Gelding,8 years,"14,2 hh",Bay,Parkers Lake KY,N/A,"$3,500.00 ",Trail - Versatility Ranch Horse ,
18072,Gypsy Horse,Gelding,13 years,"15,3 hh",Tobiano-all-colors,Flemingsburg Ky,N/A,"$3,500.00 ",Trail - Versatility Ranch Horse ,
18073,PRE,Stallion,15 years,16 hh,Dun,Valencia,"15,000","$15,975.00 ",Breeding - Working Equitation - Baroque ,
18074,Friesian horses,Mare,7 years,"15,2 hh",Roan-Blue,Ewing KY,N/A,"$3,500.00 ",Trail - Versatility Ranch Horse ,
18075,American Quarter Horse,Mare,7 years,"15,2 hh",Roan-Blue,Ewing KY,N/A,"$3,500.00 ",Trail - Versatility Ranch Horse ,
18076,American Quarter Horse,Gelding,7 years,16 hh,Gray,Flemingsburg KY,N/A,"$3,500.00 ",Trail - Versatility Ranch Horse ,
18077,Other Warmbloods,Gelding,6 years,"16,1 hh",Chestnut,Howell MI,N/A,"$3,500.00 ",Trail - Jumping ,
18078,American Morgan Horse,Gelding,6 years,"14,3 hh",Black,Flemingsburg KY,N/A,"$3,500.00 ",Trail - Show ,
18079,American Quarter Horse,Gelding,14 years,"15,2 hh",Chestnut,Cranston RI,N/A,"$3,500.00 ",Trail - Versatility Ranch Horse ,
18080,American Quarter Horse,Gelding,9 years,"15,3 hh",Gray,Mt Hope AL,N/A,"$3,500.00 ",Trail - Versatility Ranch Horse ,
18081,Trakehner,Gelding,4 years,16 hh,Brown,Wolfhagen,N/A,N/A,Dressage - Eventing - Jumping - Leisure ,
18082,German Sport Horse,Gelding,8 years,"16,2 hh",Chestnut,Großderschau,"40,000","$42,601.00 ",Dressage ,
18083,Gypsy Horse,Mare,9 years,"15,2 hh",Cremello,"Columbia, TN",N/A,N/A,Trail ,
18084,German Sport Horse,Gelding,5 years,"16,1 hh",Bay-Dark,Sankt Veit,"55,000","$58,576.00 ",Jumping ,
18085,Friesian horses,Stallion,8 years,N/A,N/A,Algeciras,"21,000","$22,366.00 ",Dressage ,
18086,Hanoverian,Gelding,9 years,N/A,N/A,Wellington,N/A,"$200,000.00 ",Dressage ,
18087,Shire Horse,Mare,12 years,"17,2 hh",Gray,Bayern,"15,000","$15,975.00 ",Leisure ,
18088,PRE,Mare,2 years,"12,2 hh",Black,Valencia,"5,500","$5,858.00 ",Dressage ,
18089,PRE,Stallion,2 years,"12,2 hh",Gray,Valencia,"5,000","$5,325.00 ",Dressage ,
18090,PRE,Stallion,3 years,"15,1 hh",Black,Valencia,"8,000","$8,520.00 ",Dressage ,
18091,Westphalian,Gelding,7 years,"16,2 hh",Chestnut-Red,Iserlohn,"40,000","$42,601.00 ",Dressage - Jumping,
18092,KWPN,Stallion,4 years,"15,2 hh",Black,Valencia,"8,000","$8,520.00 ",Dressage ,
18093,Hanoverian,Stallion,2 years,N/A,N/A,Duszniki,"10,000","$10,650.00 ",Dressage - Breeding - Leisure ,
18094,Andalusian,Mare,3 years,"15,1 hh",Brown,Tabernas Almeria,"3,900","$4,154.00 ",Dressage - Leisure ,
18095,PRE Mix,Stallion,13 years,"16,1 hh",N/A,Martfeld,"40,000","$42,601.00 ",Dressage - Show - Baroque - Leisure ,
18096,American Quarter Horse,Gelding,14 years,15 hh,Gray,Pleasant Grove CA,N/A,"$3,500.00 ",Trail - Versatility Ranch Horse ,
18097,Percheron,Gelding,7 years,16 hh,Black,Jacksboro TX,N/A,"$3,500.00 ",Trail - Versatility Ranch Horse ,
18098,Percheron,Gelding,7 years,16 hh,Black,Jacksboro TX,N/A,"$3,500.00 ",Trail - Jumping ,
18099,American Quarter Horse,Gelding,7 years,16 hh,Black,Jacksboro TX,N/A,"$3,500.00 ",Trail - Versatility Ranch Horse ,
18100,American Quarter Horse,Gelding,9 years,"15,2 hh",Palomino,"Stephenville, TX",N/A,"$3,500.00 ",Trail - Versatility Ranch Horse ,
18101,Andalusian,Gelding,15 years,"15,2 hh",Bay,Pleasant Grove CA,N/A,"$3,500.00 ",Trail - Versatility Ranch Horse ,
18102,American Quarter Horse,Gelding,5 years,"14,3 hh",Gray,Paicines CA,N/A,"$3,500.00 ",Trail - Versatility Ranch Horse ,
18103,Gypsy Horse,Gelding,4 years,"14,1 hh",Black,Jacksboro TX,N/A,"$3,500.00 ",Trail - Versatility Ranch Horse ,
18104,American Quarter Horse,Gelding,6 years,"15,2 hh",Buckskin,Ravenna TX,N/A,"$3,500.00 ",Trail - Versatility Ranch Horse ,
18105,Draft Horse,Gelding,12 years,15 hh,Black,Paicines CA,N/A,"$3,500.00 ",Trail - Versatility Ranch Horse ,
18106,American Quarter Horse,Gelding,12 years,15 hh,Black,Paicines CA,N/A,"$3,500.00 ",Trail - Versatility Ranch Horse ,
18107,American Quarter Horse,Gelding,5 years,"14,1 hh",Dun,Sweet Springs MO,N/A,"$3,500.00 ",Trail - Versatility Ranch Horse ,
18108,Haflinger,Gelding,13 years,"14,3 hh",Sorrel,Greenville KY,N/A,"$3,500.00 ",Trail - Versatility Ranch Horse ,
18109,American Quarter Horse,Gelding,13 years,"14,3 hh",Sorrel,Greenville KY,N/A,"$3,500.00 ",Trail - Versatility Ranch Horse ,
18110,American Quarter Horse,Gelding,7 years,"15,1 hh",Roan-Bay,Fordsville KY,N/A,"$3,500.00 ",Trail - Versatility Ranch Horse ,
18111,Friesian horses,Gelding,7 years,"15,3 hh",Bay,Sturgis MI,N/A,"$3,500.00 ",Trail - Jumping ,
18112,Percheron,Gelding,5 years,N/A,N/A,Howell MI,N/A,"$3,500.00 ",Trail - Jumping ,
18113,Other Warmbloods,Gelding,5 years,N/A,N/A,Howell Mi,N/A,"$3,500.00 ",Trail - Versatility Ranch Horse ,
18114,American Quarter Horse,Gelding,13 years,15 hh,Roan-Bay,Howell MI,N/A,"$3,500.00 ",Trail - Versatility Ranch Horse ,
18115,Haflinger,Gelding,19 years,N/A,N/A,Millersburg OH,N/A,"$3,500.00 ",Trail - Versatility Ranch Horse ,
18116,PRE,Stallion,3 years,"15,1 hh",Black,Valencia,"8,000","$8,520.00 ",Dressage ,
18117,Gypsy Horse,Gelding,12 years,15 hh,Bay,Chuluota FL,N/A,"$3,500.00 ",Trail - Versatility Ranch Horse ,
18118,Icelandic Horse,Stallion,2 years,N/A,N/A,Nettersheim,"4,500","$4,793.00 ",Leisure - Breeding ,
18119,Fell pony,Mare,4 years,"14,1 hh",Black,Santok,"7,500","$7,988.00 ",Leisure - Breeding - Jumping - Driving ,
18120,PRE,Stallion,4 years,16 hh,Black,Valencia,"20,000","$21,301.00 ",Dressage ,
18121,Holstein,Mare,10 years,"16,1 hh",Brown,Wittbek,"12,500","$13,313.00 ",Breeding - Eventing - Jumping - Leisure,
18122,Anglo-Arab,Stallion,2 years,"16,2 hh",Chestnut-Red,Kalbach,"15,000","$15,975.00 ",Eventing - Breeding - Jumping - Dressage ,
18123,More ponies/small horses Mix,Gelding,5 years,14 hh,Roan-Blue,Fresno,N/A,N/A,Trail - Cowhorse - Western - Leisure ,
18124,Oldenburg-International (OS),Gelding,12 years,"17,2 hh",Brown,Brechen,N/A,N/A,Jumping ,
18125,Rhinelander,Mare,8 years,"16,1 hh",Bay-Dark,Tiddische,"25,000","$26,626.00 ",Dressage - Breeding ,
18126,German Sport Horse,Mare,2 years,N/A,N/A,Schönwalde-Glien,"15,000","$15,975.00 ",Dressage - Breeding ,
18127,German Sport Horse,Mare,7 years,"16,1 hh",N/A,Käshofen,"24,000","$25,561.00 ",Jumping - Hunter ,
18128,Oldenburg-International (OS),Mare,4 years,"16,2 hh",Chestnut,Bad Kreuznach,N/A,N/A,Jumping - Eventing - Dressage ,
18129,PRE Mix,Stallion,6 years,"16,2 hh",Gray-Dapple,Martfeld,"40,000","$42,601.00 ",Dressage - Show - Baroque - Leisure ,
18130,Tennessee walking horse,Gelding,5 years,16 hh,Roan-Red,Shelbyville.TN,N/A,N/A,Trail - Gaited ,
18131,Paint Horse Mix,Gelding,4 years,"15,1 hh",Pinto,Betteldorf,"11,999","$12,779.00 ",Leisure ,
18132,Other Breeds,Stallion,3 years,"14,2 hh",Dun,Tzummarum,"3,900","$4,154.00 ",Leisure - Western allround - Working Equitation - Dressage ,
18133,Anglo European Studbook,Gelding,5 years,"16,1 hh",Black,Bad Kreuznach,N/A,N/A,Hunter - Jumping - Dressage ,
18134,Oldenburg-International (OS),Gelding,5 years,"16,1 hh",Smoky-Black,Bad Kreuznach,N/A,N/A,Jumping - Eventing - Dressage ,
18135,Oldenburg-International (OS),Mare,4 years,16 hh,Gray,Bad Kreuznach,N/A,N/A,Jumping - Eventing - Dressage ,
18136,Oldenburg,Stallion,2 years,16 hh,Brown,Bad Oldesloe,"5,500","$5,858.00 ",Dressage - Breeding - Leisure ,
18137,Hanoverian,Gelding,29 years,16 hh,Brown,Ribbesbüttel,500,$533.00 ,Leisure ,
18138,Hanoverian,Gelding,8 years,"16,1 hh",Bay-Dark,Bad Homburg vor der HöheBad Homburg,"40,000","$42,601.00 ",Jumping ,
18139,Hanoverian,Gelding,9 years,17 hh,Chestnut-Red,Valencia,"22,000","$23,431.00 ",Dressage ,
18140,American Quarter Horse,Gelding,12 years,"14,3 hh",Dun,Paicines CA,N/A,"$3,500.00 ",Trail - Versatility Ranch Horse ,
18141,American Quarter Horse,Gelding,5 years,N/A,N/A,Bolivar MO,N/A,"$3,500.00 ",Trail - Versatility Ranch Horse ,
18142,American Quarter Horse,Gelding,6 years,"14,3 hh",Roan-Blue,Fresno CA,N/A,"$3,500.00 ",Trail - Versatility Ranch Horse ,
18143,American Quarter Horse,Gelding,7 years,16 hh,Bay,Stephenville TX,N/A,"$3,500.00 ",Trail - Versatility Ranch Horse ,
18144,Fjord Horses,Gelding,13 years,"14,2 hh",Buckskin,Felmingsburg KY,N/A,"$3,500.00 ",Trail - Versatility Ranch Horse ,
18145,Mule,Gelding,12 years,N/A,N/A,Zearing IA,N/A,"$3,499.00 ",Trail - Versatility Ranch Horse ,
18146,American Quarter Horse,Gelding,6 years,N/A,N/A,Lexington IN,N/A,"$3,500.00 ",Trail ,
18147,American Quarter Horse,Gelding,9 years,"16,1 hh",Buckskin,Cherryville KY,N/A,"$3,500.00 ",Trail - Versatility Ranch Horse ,
18148,Draft Horse,Gelding,7 years,"15,3 hh",Grullo,"Flemmingsburg, KY",N/A,"$3,500.00 ",Trail - Versatility Ranch Horse ,
18149,American Quarter Horse,Gelding,7 years,"15,3 hh",Grullo,Flemmingsburg KY,N/A,"$3,500.00 ",Trail - Versatility Ranch Horse ,
18150,American Quarter Horse,Gelding,11 years,15 hh,Roan-Blue,Charleston IL,N/A,"$3,500.00 ",Trail - Versatility Ranch Horse ,
18151,American Quarter Horse,Gelding,13 years,15 hh,Roan-Bay,Howell MI,N/A,"$3,500.00 ",Trail - Versatility Ranch Horse ,
18152,American Quarter Horse,Gelding,9 years,N/A,N/A,Everett PA,N/A,"$3,500.00 ",Trail - Versatility Ranch Horse ,
18153,American Quarter Horse,Gelding,15 years,N/A,N/A,Athens KY,N/A,"$3,500.00 ",Trail - Versatility Ranch Horse ,
18154,Thoroughbred,Mare,6 years,"16,1 hh",Bay,"Ocala, FL",N/A,N/A,Jumping - Trail - Show ,
18155,Lusitano,Gelding,6 years,"15,2 hh",Palomino,Simmern,"20,000","$21,301.00 ",Dressage - Doma Vaquera - Working Equitation ,
18156,Tennessee walking horse,Gelding,6 years,"14,3 hh",Sorrel,"Parkers Lake, KY",N/A,N/A,Trail - Gaited ,
18157,Austrian Warmblood,Stallion,3 years,"17,1 hh",Bay-Dark,Großlobming,"100,000","$106,503.00 ",Dressage - Breeding ,
18158,Percheron Mix,Mare,3 years,"15,2 hh",Gray,"Auburn, KY",N/A,N/A,Trail - Dressage ,
18159,Hanoverian,Mare,5 years,16 hh,Chestnut,Fürstenau,"14,900","$15,869.00 ",Dressage - Leisure ,
18160,Baroque Pinto,Gelding,4 years,"15,2 hh",Pinto,Bad Kleinkirchheim,"8,900","$9,479.00 ",Leisure - Baroque - Dressage ,
18161,Icelandic Horse,Mare,6 years,13 hh,Black,Schechen,"8,800","$9,372.00 ",Leisure - Gaited ,
18162,Andalusian,Gelding,9 years,"15,2 hh",Bay-Dark,Martfeld,"6,750","$7,189.00 ",Dressage - Working Equitation - Baroque - Leisure ,
18163,PRE Mix,Stallion,3 years,"15,2 hh",Chestnut,Sevilla,"10,000","$10,650.00 ",Baroque - Show - Leisure - Dressage ,
18164,Other Breeds,Mare,5 years,"15,3 hh",Bay-Dark,Achtmaal,"5,900","$6,284.00 ",Leisure ,
18165,More ponies/small horses,Mare,11 years,"14,2 hh",Palomino,Daleiden,"6,500","$6,923.00 ",Leisure - Trail - Driving - Dressage ,
18166,Trakehner,Stallion,3 years,"16,2 hh",Black,Rosdorf,"20,000","$21,301.00 ",Dressage ,
18167,PRE,Gelding,9 years,"16,1 hh",Gray,Tarifa,"26,500","$28,223.00 ",Dressage - Baroque ,
18168,PRE,Stallion,4 years,16 hh,Sorrel,Santa Maria (San Claudio),"8,500","$9,053.00 ",Dressage ,
18169,PRE,Mare,2 years,"15,1 hh",Brown,Ortigueira,"5,000","$5,325.00 ",Dressage ,
18170,Andalusian,Stallion,2 years,"15,1 hh",Pinto,Segurilla,"3,600","$3,834.00 ",Baroque - Show - Breeding - Leisure ,
18171,Lusitano,Stallion,9 years,"16,1 hh",N/A,Segurilla,"7,000","$7,455.00 ",Dressage - Show - Breeding - Leisure ,
18172,Andalusian,Gelding,4 years,"16,2 hh",Perlino,Segurilla,"7,000","$7,455.00 ",Dressage - Show - Leisure ,
18173,Hanoverian,Mare,6 years,"15,3 hh",Bay-Dark,Selsingen,"10,000","$10,650.00 ",Dressage - Breeding ,
18174,Draft Horse,Gelding,14 years,"16,2 hh",Chestnut,Ocala FL,N/A,"$3,499.00 ",Trail - Jumping ,
18175,American Quarter Horse,Gelding,14 years,"16,2 hh",Chestnut,Ocala FL,N/A,"$3,500.00 ",Jumping - Trail ,
18176,Mule,Gelding,9 years,15 hh,Chestnut,Howell MI,N/A,"$3,500.00 ",Trail - Jumping ,
18177,American Quarter Horse,Gelding,9 years,15 hh,Chestnut,Howell MI,N/A,"$3,500.00 ",Trail - Jumping ,
18178,American Quarter Horse,Gelding,6 years,"14,2 hh",Gray,Nunn CO,N/A,"$3,500.00 ",Trail - Versatility Ranch Horse ,
18179,American Quarter Horse,Mare,12 years,N/A,N/A,Sanora KY,N/A,"$3,500.00 ",Trail - Versatility Ranch Horse ,
18180,Belgian Warmblood,Mare,3 years,"14,3 hh",Cremello,Visz,"6,000","$6,390.00 ",Dressage - Leisure - Driving ,
18181,PRE Mix,Mare,2 years,"12,2 hh",Perlino,Visz,"4,400","$4,686.00 ",Dressage - Leisure - Driving ,
18182,PRE,Stallion,3 years,"15,2 hh",Bay-Dark,Valencia,"7,000","$7,455.00 ",Baroque ,
18183,PRE,Stallion,5 years,"16,3 hh",Gray,Moron de La Frontera,"40,000","$42,601.00 ",Breeding - Dressage ,
18184,PRE,Stallion,4 years,16 hh,Brown,MORON DE LA FRONTERA,"40,000","$42,601.00 ",Dressage - Working Equitation - Leisure - Mating ,
18185,PRE,Gelding,6 years,"16,1 hh",Gray,MORON DE LA FRONTERA,"35,000","$37,276.00 ",Dressage - English Pleasure - Baroque - Leisure ,
18186,Hanoverian,Gelding,5 years,"16,1 hh",Chestnut-Red,Deinstedt,"17,500","$18,638.00 ",Jumping - Hunter under saddle ,
18187,American Quarter Horse,Mare,10 years,"14,2 hh",Dun,Betteldorf,"4,999","$5,324.00 ",Breeding - Leisure ,
18188,PRE,Mare,2 years,N/A,N/A,Alcoi/Alcoy,"10,000","$10,650.00 ",Breeding - Show - Eventing ,
18189,American Quarter Horse Mix,Mare,5 years,"16,1 hh",Bay-Dark,"Fraziers Bottom, WV",N/A,N/A,Trail - Cutting - Cowhorse - Driving ,
18190,PRE Mix,Stallion,2 years,16 hh,Palomino,El Catllar,"10,000","$10,650.00 ",Dressage - Baroque ,
18191,Appaloosa Mix,Mare,2 years,"14,2 hh",Dun,Morschen,"3,000","$3,195.00 ",Western allround - Trail - Western - Leisure ,
18192,PRE Mix,Stallion,2 years,"15,1 hh",Perlino,Valencia,"16,000","$17,040.00 ",Dressage ,
18193,Appaloosa,Gelding,11 years,15 hh,Chestnut,Paicines CA,N/A,"$3,500.00 ",Trail - Versatility Ranch Horse ,
18194,Menorquin,Mare,3 years,"15,1 hh",Black,Menorca,"4,500","$4,793.00 ",Leisure,
18195,American Quarter Horse,Gelding,6 years,15 hh,Chestnut,Canton TX,N/A,"$3,500.00 ",Trail - Versatility Ranch Horse ,
18196,American Quarter Horse,Gelding,11 years,"14,2 hh",Bay,Ravennna TX,N/A,"$3,500.00 ",Trail - Versatility Ranch Horse ,
18197,American Quarter Horse,Gelding,5 years,"14,3 hh",Palomino,"Sweet Springs, MO",N/A,"$3,500.00 ",Trail - Versatility Ranch Horse ,
18198,Gypsy Horse,Gelding,6 years,N/A,N/A,Fairbank IA,N/A,"$3,500.00 ",Trail - Versatility Ranch Horse ,
18199,American Quarter Horse,Gelding,11 years,15 hh,Roan-Bay,LExington IN,N/A,"$3,500.00 ",Trail - Versatility Ranch Horse ,
18200,American Quarter Horse,Gelding,15 years,15 hh,Dun,"Sonora, KY",N/A,"$3,500.00 ",Trail - Versatility Ranch Horse ,
18201,Haflinger,Gelding,8 years,"14,1 hh",Chestnut,Jacksboro TX,N/A,"$3,500.00 ",Trail - Versatility Ranch Horse ,
18202,American Quarter Horse,Gelding,8 years,"14,1 hh",Chestnut,Jacksboro TX,N/A,"$3,500.00 ",Trail - Versatility Ranch Horse ,
18203,American Quarter Horse,Gelding,6 years,"15,2 hh",Black,Santa Fe TN,N/A,"$3,500.00 ",Trail - Versatility Ranch Horse ,
18204,American Quarter Horse,Gelding,10 years,15 hh,Roan-Blue,Greenville KY,N/A,"$3,500.00 ",Trail - Versatility Ranch Horse ,
18205,American Quarter Horse,Gelding,11 years,15 hh,Palomino,"Santa Fe, TN",N/A,"$3,500.00 ",Trail - Versatility Ranch Horse ,
18206,Haflinger,Mare,12 years,14 hh,Buckskin,Cleveland TN,N/A,"$3,500.00 ",Trail - Versatility Ranch Horse ,
18207,American Quarter Horse,Mare,12 years,14 hh,Buckskin,Cleveland TN,N/A,"$3,500.00 ",Trail - Versatility Ranch Horse ,
18208,Tennessee walking horse,Gelding,11 years,"15,1 hh",Brown,Ewing KY,N/A,"$3,500.00 ",Trail - Gaited ,
18209,Kentucky Mountain Saddle Horse,Gelding,11 years,N/A,N/A,Ewing KY,N/A,"$3,500.00 ",Trail - Gaited ,
18210,Rocky Mountain Horse,Gelding,11 years,N/A,N/A,Ewing KY,N/A,"$3,500.00 ",Trail - Gaited ,
18211,American Quarter Horse,Mare,16 years,"14,2 hh",Smoky-Black,Mellingen,N/A,N/A,Breeding - Western ,
18212,Hanoverian,Gelding,11 years,"16,2 hh",Gray,Carlisle KY,N/A,"$3,500.00 ",Trail - Jumping ,
18213,Other Warmbloods,Gelding,11 years,"16,2 hh",Gray,Carlisle KY,N/A,"$3,500.00 ",Jumping - Trail ,
18214,Draft Horse,Gelding,5 years,15 hh,Roan-Bay,Winchester OH,N/A,"$3,500.00 ",Trail - Versatility Ranch Horse ,
18215,American Quarter Horse,Gelding,5 years,15 hh,Roan-Bay,Winchester OH,N/A,"$3,500.00 ",Trail - Versatility Ranch Horse ,
18216,Gypsy Horse,Gelding,11 years,"13,2 hh",Bay,Berea KY,N/A,"$3,500.00 ",Trail - Versatility Ranch Horse ,
18217,American Quarter Horse,Gelding,11 years,"13,2 hh",Bay,Berea KY,N/A,"$3,500.00 ",Trail - Versatility Ranch Horse ,
18218,American Quarter Horse,Gelding,12 years,"14,3 hh",Bay,thompkinsville KY,N/A,"$3,500.00 ",Trail - Versatility Ranch Horse ,
18219,American Quarter Horse,Gelding,4 years,15 hh,Gray,Zearing IA,N/A,"$3,500.00 ",Trail - Versatility Ranch Horse ,
18220,Dutch Tuigpaard,Gelding,13 years,"17,3 hh",Chestnut,Amherst NH,N/A,"$3,500.00 ",Dressage - Trail ,
18221,Other Warmbloods,Gelding,13 years,"17,3 hh",Chestnut,"Amherst, NH",N/A,"$3,500.00 ",Dressage - Trail ,
18222,American Quarter Horse,Mare,8 years,"14,2 hh",Chestnut-Red,Mellingen,"15,000","$15,975.00 ",Breeding - Western ,
18223,American Quarter Horse,Mare,7 years,"14,2 hh",Brown,Mellingen,N/A,N/A,Western allround - Breeding - Western ,
18224,Fell pony,Gelding,2 years,"13,1 hh",Black,Santok,"3,999","$4,259.00 ",Leisure - Trail - Jumping - Driving ,
18225,German Sport Horse,Mare,10 years,"16,1 hh",Chestnut-Red,Nagold,"22,000","$23,431.00 ",Dressage - Breeding - Eventing - Jumping ,
18226,Other Warmbloods,Gelding,15 years,14 hh,N/A,Obertilliach,"2,900","$3,089.00 ",Eventing ,
18227,German Riding Pony,Gelding,5 years,"14,1 hh",Brown,Engelskirchen,"15,000","$15,975.00 ",Dressage - Jumping,
18228,Westphalian,Mare,8 years,"16,1 hh",N/A,Lindlar,"21,500","$22,898.00 ",Dressage - Jumping,
18229,Haflinger,Gelding,15 years,"14,2 hh",N/A,Obertilliach,N/A,N/A,Eventing ,
18230,Appaloosa,Gelding,17 years,"16,1 hh",Chestnut,"Ringoes, NJ",N/A,N/A,Trail - Versatility Ranch Horse - Jumping ,
18231,PRE Mix,Stallion,8 years,"16,1 hh",Black,Valencia,"35,000","$37,276.00 ",Breeding - Baroque - Leisure - Dressage ,
18232,American Quarter Horse,Gelding,8 years,"15,1 hh",Black,Mount Vernon,N/A,"$12,500.00 ",Versatility Ranch Horse - Trail ,
18233,Shire Horse,Gelding,7 years,17 hh,Bay-Dark,Salzburg,"15,000","$15,975.00 ",Leisure ,
18234,Pintos Mix,Gelding,8 years,"14,2 hh",N/A,Gallzein,"5,000","$5,325.00 ",Leisure ,
18235,Arabian Partbred,Gelding,8 years,"15,2 hh",Brown,Gallzein,"6,500","$6,923.00 ",Leisure ,
18236,PRE Mix,Stallion,3 years,"14,3 hh",Palomino,Valencia,"14,000","$14,910.00 ",Dressage - Baroque ,
18237,Lusitano,Stallion,6 years,16 hh,Perlino,NAVAS DEL MADRONO,"40,000","$42,601.00 ",Dressage ,
18238,Mecklenburg Warmblood,Stallion,2 years,N/A,N/A,Pölchow,"10,000","$10,650.00 ",Dressage ,
18239,PRE,Stallion,2 years,"15,3 hh",Perlino,Mallorca,"8,000","$8,520.00 ",Eventing - Working Equitation - Baroque - Leisure ,
18240,PRE Mix,Mare,2 years,"14,2 hh",Brown,Valencia,"5,000","$5,325.00 ",Dressage - Baroque ,
18241,PRE Mix,Stallion,3 years,"16,1 hh",Brown,Valencia,"17,000","$18,105.00 ",Dressage - Baroque ,
18242,Spanish Sporthorse Mix,Mare,2 years,"12,2 hh",Brown,Valencia,"5,000","$5,325.00 ",Dressage - Baroque ,
18243,Appaloosa,Gelding,5 years,"15,3 hh",Bay,"Flemingsburg, KY",N/A,"$3,500.00 ",Versatility Ranch Horse - Trail ,
18244,Friesian horses,Gelding,5 years,"15,3 hh",Bay,"Flemingsburg, KY",N/A,"$3,500.00 ",Versatility Ranch Horse - Trail ,
18245,Tennessee walking horse,Gelding,12 years,N/A,N/A,"Grassy Creek, KY",N/A,"$3,500.00 ",Trail - Versatility Ranch Horse ,
18246,Clydesdale,Gelding,5 years,16 hh,Roan-Bay,"Jacksboro, TX",N/A,"$3,500.00 ",Versatility Ranch Horse - Trail ,
18247,American Quarter Horse,Gelding,5 years,16 hh,Roan-Bay,"Jacksboro, TX",N/A,"$3,500.00 ",Versatility Ranch Horse - Trail ,
18248,Friesian horses,Gelding,6 years,"15,3 hh",Bay,"Jacksboro, TX",N/A,"$3,500.00 ",Versatility Ranch Horse - Trail ,
18249,American Quarter Horse,Gelding,6 years,"15,3 hh",Bay,"Jacksboro, TX",N/A,"$3,500.00 ",Versatility Ranch Horse - Trail ,
18250,Draft Horse,Gelding,10 years,16 hh,Black,"Zearing, IA",N/A,"$3,500.00 ",Versatility Ranch Horse - Trail ,
18251,Shire Horse,Gelding,10 years,16 hh,Black,"Zearing, IA",N/A,"$3,500.00 ",Versatility Ranch Horse - Trail ,
18252,American Quarter Horse,Gelding,10 years,16 hh,Black,"Zearing, IA",N/A,"$3,500.00 ",Versatility Ranch Horse - Trail ,
18253,Paint Horse,Gelding,5 years,"14,1 hh",Chestnut,Somerset,N/A,"$3,500.00 ",Versatility Ranch Horse - Trail ,
18254,American Quarter Horse,Gelding,5 years,"14,1 hh",Chestnut,Somerset,N/A,"$3,500.00 ",Versatility Ranch Horse - Trail ,
18255,Mule,Gelding,6 years,15 hh,Black,"Everett, PA",N/A,"$3,500.00 ",Trail - Versatility Ranch Horse ,
18256,American Quarter Horse,Gelding,6 years,15 hh,Black,"Everett, PA",N/A,"$3,500.00 ",Trail - Versatility Ranch Horse ,
18257,Appaloosa,Gelding,12 years,15 hh,Chestnut,"Borden, IN",N/A,"$3,500.00 ",Versatility Ranch Horse - Trail ,
18258,American Quarter Horse,Gelding,12 years,15 hh,Chestnut,"Borden, IN",N/A,"$3,500.00 ",Versatility Ranch Horse - Trail ,
18259,Mule,Gelding,15 years,"14,2 hh",Black,"Van Horne, IA",N/A,"$3,500.00 ",Trail - Versatility Ranch Horse ,
18260,American Quarter Horse,Gelding,15 years,N/A,N/A,"Vna Horne, IA",N/A,"$3,500.00 ",Versatility Ranch Horse - Trail ,
18261,Rocky Mountain Horse,Gelding,12 years,"15,1 hh",Brown,"Grassy Creek, KY",N/A,"$3,500.00 ",Trail - Versatility Ranch Horse ,
18262,American Quarter Horse,Gelding,11 years,"15,2 hh",Roan-Red,"North Judson, IN",N/A,"$3,500.00 ",Versatility Ranch Horse - Trail ,
18263,American Quarter Horse,Gelding,13 years,15 hh,Palomino,"Paicines, CA",N/A,"$3,500.00 ",Versatility Ranch Horse - Trail ,
18264,American Quarter Horse,Gelding,6 years,"16,1 hh",Chestnut,"Fredricksburg, OH",N/A,"$3,500.00 ",Versatility Ranch Horse - Trail ,
18265,American Quarter Horse,Gelding,12 years,"14,3 hh",Chestnut,"Pleasant Grove, CA",N/A,"$3,500.00 ",Versatility Ranch Horse - Trail ,
18266,American Quarter Horse,Mare,13 years,"15,1 hh",Palomino,"Carlisle, KY",N/A,"$3,500.00 ",Versatility Ranch Horse - Trail ,
18267,Belgian Warmblood,Gelding,13 years,N/A,N/A,Howell,N/A,"$3,500.00 ",Trail - Jumping ,
18268,Spanish Sporthorse Mix,Mare,8 years,"16,1 hh",Buckskin,Valencia,"18,000","$19,170.00 ",Dressage - Baroque ,
18269,Menorquin,Stallion,2 years,"15,2 hh",Black,Menorca,N/A,N/A,Leisure - Working Equitation - Show - Dressage ,
18270,PRE Mix,Stallion,7 years,"16,1 hh",Chestnut,NAVAS DEL MADRONO,"40,000","$42,601.00 ",Dressage ,
18271,PRE Mix,Mare,2 years,"14,2 hh",Palomino,Valencia,"15,000","$15,975.00 ",Dressage - Baroque ,
18272,Icelandic Horse,Gelding,16 years,14 hh,Chestnut-Red,Euskirchen,"20,000","$21,301.00 ",Gaited ,
18273,Arabian horses,Mare,15 years,15 hh,Black,Santok,"8,500","$9,053.00 ",Breeding - Endurance - Leisure ,
18274,PRE Mix,Mare,5 years,"15,3 hh",Champagne,Valencia,"70,000","$74,552.00 ",Working Equitation - Baroque - Leisure - Dressage ,
18275,Lusitano,Gelding,10 years,"15,2 hh",Cremello,Provinz Malaga,"20,000","$21,301.00 ",Baroque - Working Equitation - Show - Dressage ,
18276,PRE Mix,Stallion,3 years,"15,3 hh",Champagne,Valencia,"40,000","$42,601.00 ",Working Equitation - Baroque - Leisure - Dressage ,
18277,Andalusian,Stallion,2 years,"15,3 hh",Perlino,Mallorca,"8,000","$8,520.00 ",Working Equitation - Baroque - Eventing - Leisure ,
18278,Menorquin,Stallion,2 years,"15,2 hh",Black,Menorca,N/A,N/A,Leisure - Working Equitation - Baroque - Eventing ,
18279,PRE Mix,Stallion,4 years,"15,1 hh",Tobiano-all-colors,Valencia,"7,000","$7,455.00 ",Working Equitation - Baroque - Leisure - Dressage ,
18280,PRE Mix,Mare,6 years,16 hh,Champagne,Valencia,"70,000","$74,552.00 ",Breeding - Working Equitation - Baroque - Dressage ,
18281,PRE Mix,Mare,3 years,16 hh,Palomino,Valencia,"40,000","$42,601.00 ",Dressage - Baroque ,
18282,PRE Mix,Stallion,7 years,"16,2 hh",Black,Valencia,"40,000","$42,601.00 ",Dressage - Baroque ,
18283,PRE Mix,Stallion,5 years,"16,3 hh",Gray,NAVAS DEL MADRONO,"20,000","$21,301.00 ",Dressage ,
18284,PRE Mix,Stallion,4 years,"15,3 hh",Champagne,Valencia,"20,000","$21,301.00 ",Dressage - Baroque ,
18285,Pintos Mix,Mare,12 years,15 hh,Pinto,Menorca,"6,655","$7,088.00 ",Jumping - Eventing - Leisure - Dressage ,
18286,Hispano Arabian Mix,Mare,12 years,15 hh,Pinto,Menorca,"6,655","$7,088.00 ",Jumping - Eventing - Leisure - Dressage ,
18287,Shetland Ponies,Mare,8 years,N/A,N/A,Obertilliach,"1,500","$1,598.00 ",Leisure ,
18288,PRE Mix,Mare,10 years,16 hh,Buckskin,Valencia,"40,000","$42,601.00 ",Breeding - Working Equitation - Baroque - Dressage ,
18289,PRE,Stallion,3 years,15 hh,Pearl,Provinz Malaga,"15,000","$15,975.00 ",Breeding - Working Equitation - Baroque - Dressage ,
18290,PRE,Stallion,6 years,"15,3 hh",Chestnut-Red,Provinz Granada,"15,000","$15,975.00 ",Baroque - Working Equitation - Eventing - Leisure ,
18291,Connemara,Gelding,2 years,"14,1 hh",Perlino,Osdorf,"10,000","$10,650.00 ",Jumping - Working Equitation - Eventing - Leisure ,
18292,Connemara,Gelding,2 years,"13,2 hh",Gray-Dapple,Osdorf,"10,000","$10,650.00 ",Jumping - Working Equitation - Breeding - Leisure ,
18293,Andalusian,Gelding,15 years,"15,1 hh",Gray,Madrid,"10,000","$10,650.00 ",Dressage ,
18294,American Quarter Horse,Gelding,3 years,N/A,N/A,Laubach,"15,000","$15,975.00 ",Reining - Versatility Ranch Horse - Western - Leisure,
18295,American Quarter Horse,Mare,4 years,"14,1 hh",Brown,MalschMalsch,"15,000","$15,975.00 ",Reining - Versatility Ranch Horse - Western - Leisure,
18296,Icelandic Horse,Mare,9 years,"13,1 hh",Black,Südlohn,N/A,N/A,Gaited - Breeding - Leisure ,
18297,PRE Mix,Stallion,10 years,"15,2 hh",Bay,NAVAS DEL MADRONO,"70,000","$74,552.00 ",Dressage ,
18298,PRE Mix,Mare,18 years,"15,1 hh",Black,Rafelguaraf,"40,000","$42,601.00 ",Dressage ,
18299,Oldenburg,Mare,2 years,"16,1 hh",Brown,Hopsten,"8,500","$9,053.00 ",Dressage,
18300,American Quarter Horse,Gelding,13 years,15 hh,Buckskin,Bitterwater CA,N/A,"$3,500.00 ",Trail - Versatility Ranch Horse ,
18301,Paint Horse,Gelding,5 years,"14,1 hh",Tobiano-all-colors,Jacksboro TX,N/A,"$3,500.00 ",Trail - Versatility Ranch Horse ,
18302,American Morgan Horse,Gelding,5 years,"14,1 hh",Tobiano-all-colors,Jacksboro TX,N/A,"$3,500.00 ",Trail - Versatility Ranch Horse ,
18303,American Quarter Horse,Gelding,12 years,15 hh,Buckskin,Paicines CA,N/A,"$3,500.00 ",Trail - Versatility Ranch Horse ,
18304,Percheron,Gelding,5 years,15 hh,Gray,jacksboro TX,N/A,"$3,500.00 ",Trail - Versatility Ranch Horse ,
18305,American Quarter Horse,Gelding,5 years,15 hh,Gray,Jacksboro TX,N/A,"$3,500.00 ",Trail - Versatility Ranch Horse ,
18306,American Quarter Horse,Gelding,12 years,"14,2 hh",Bay,Stephenville TX,N/A,"$3,500.00 ",Trail - Versatility Ranch Horse ,
18307,American Quarter Horse,Gelding,7 years,"15,1 hh",Bay,Brownstown IL,N/A,"$3,500.00 ",Trail - Versatility Ranch Horse ,
18308,Paint Horse,Gelding,11 years,"14,2 hh",Tobiano-all-colors,Somerset,N/A,"$3,500.00 ",Trail - Versatility Ranch Horse ,
18309,Gypsy Horse,Gelding,11 years,"14,2 hh",Tobiano-all-colors,Somerset,N/A,"$3,500.00 ",Trail - Versatility Ranch Horse ,
18310,American Quarter Horse,Gelding,11 years,N/A,N/A,Somerset,N/A,"$3,500.00 ",Trail - Versatility Ranch Horse ,
18311,Gypsy Horse,Stallion,14 years,"14,1 hh",Tobiano-all-colors,Ocala FL,N/A,"$3,500.00 ",Trail - Breeding ,
18312,Haflinger,Gelding,13 years,"14,2 hh",Chestnut,Howell MI,N/A,"$3,498.00 ",Trail - Versatility Ranch Horse ,
18313,American Quarter Horse,Gelding,7 years,"15,1 hh",Bay,Carlisle KY,N/A,"$3,500.00 ",Trail - Versatility Ranch Horse ,
18314,Draft Horse,Gelding,8 years,16 hh,Roan-Bay,Howell MI,N/A,"$3,500.00 ",Trail - Versatility Ranch Horse ,
18315,American Quarter Horse,Gelding,8 years,16 hh,Roan-Bay,Howell MI,N/A,"$3,500.00 ",Trail - Versatility Ranch Horse ,
18316,Mule,Gelding,7 years,N/A,N/A,Everett PA,N/A,"$3,500.00 ",Trail - Versatility Ranch Horse ,
18317,American Quarter Horse,Gelding,8 years,"14,3 hh",Buckskin,Tompkinsville KY,N/A,"$3,500.00 ",Trail - Versatility Ranch Horse ,
18318,American Quarter Horse,Gelding,8 years,"14,2 hh",Chestnut,Rossville TN,N/A,"$3,500.00 ",Trail - Versatility Ranch Horse ,
18319,Friesian horses,Gelding,6 years,"14,1 hh",Roan-Blue,Mims FL,N/A,"$3,500.00 ",Show - Trail ,
18320,Gypsy Horse,Gelding,6 years,"14,1 hh",Roan-Blue,Mims FL,N/A,"$3,500.00 ",Trail - Show ,
18321,PRE Mix,Stallion,3 years,"15,1 hh",Champagne,Rafelguaraf,"40,000","$42,601.00 ",Dressage ,
18322,PRE Mix,Stallion,3 years,"15,1 hh",Palomino,Rafelguaraf,"10,000","$10,650.00 ",Dressage ,
18323,PRE Mix,Stallion,12 years,"15,3 hh",Gray,NAVAS DEL MADRONO,"100,000","$106,503.00 ",Dressage ,
18324,Lusitano,Stallion,7 years,"15,3 hh",Gray,NAVAS DEL MADRONO,"70,000","$74,552.00 ",Dressage ,
18325,KWPN,Stallion,4 years,"16,1 hh",N/A,Békéscsaba,"15,000","$15,975.00 ",Dressage ,
18326,Other Breeds,Mare,6 years,"15,2 hh",Black,NAVAS DEL MADRONO,"40,000","$42,601.00 ",Dressage ,
18327,Curly horse,Mare,1 year,N/A,N/A,Paris,N/A,N/A,Breeding - English Pleasure - Western - Dressage,
18328,American Quarter Horse,Mare,3 years,"13,2 hh",Chestnut-Red,Apfeldorf,"9,499","$10,117.00 ",Cutting - Cowhorse - Reining - Breeding ,
18329,Hanoverian,Gelding,5 years,"16,2 hh",Brown,Hoya,"25,000","$26,626.00 ",Jumping - Eventing - Hunter - Dressage ,
18330,Shire Horse,Mare,8 years,17 hh,Gray,Bad Füssing,"15,000","$15,975.00 ",Leisure ,
18331,PRE,Stallion,6 years,16 hh,Brown,Vejer de la Frontera,"10,000","$10,650.00 ",Leisure - Working Equitation - Dressage ,
18332,Shire Horse,Mare,16 years,"17,1 hh",Bay-Dark,Bad Füssing,"15,000","$15,975.00 ",Leisure ,
18333,Welsh D (Cob),Stallion,2 years,N/A,N/A,Wustermark,"4,500","$4,793.00 ",Leisure ,
18334,American Quarter Horse,Gelding,8 years,"15,1 hh",Dun,Rusk TX,N/A,"$3,500.00 ",Trail - Versatility Ranch Horse ,
18335,American Quarter Horse,Gelding,14 years,"14,3 hh",Gray,Wickenburg AZ,N/A,"$3,499.00 ",Trail - Versatility Ranch Horse ,
18336,American Quarter Horse,Gelding,11 years,"15,1 hh",Black,"Somerset, KY",N/A,"$3,500.00 ",Trail - Versatility Ranch Horse ,
18337,American Quarter Horse,Gelding,12 years,"14,2 hh",Sorrel,Graham TX,N/A,"$3,500.00 ",Trail - Versatility Ranch Horse ,
18338,Donkey,Mare,2 years,N/A,N/A,"BERGA, BARCELONA","4,000","$4,260.00 ",Breeding ,
18339,American Quarter Horse,Gelding,6 years,"14,3 hh",Bay,Sweet Springs MO,N/A,"$3,500.00 ",Trail - Versatility Ranch Horse ,
18340,American Quarter Horse,Gelding,7 years,N/A,N/A,Ewing KY,N/A,"$3,500.00 ",Trail - Versatility Ranch Horse ,
18341,American Quarter Horse,Gelding,7 years,"14,3 hh",Gray-Dapple,Cherryville NC,N/A,"$3,499.00 ",Trail - Versatility Ranch Horse ,
18342,Belgian Draft,Gelding,12 years,"17,2 hh",Sorrel,Breckenridge TX,N/A,"$3,500.00 ",Trail - Versatility Ranch Horse ,
18343,Draft Horse,Gelding,12 years,"17,2 hh",Sorrel,Breckenridge TX,N/A,"$3,500.00 ",Trail - Versatility Ranch Horse ,
18344,Haflinger,Gelding,14 years,N/A,N/A,Stephenville TX,N/A,"$3,500.00 ",Trail - Versatility Ranch Horse ,
18345,Appaloosa,Gelding,7 years,"13,3 hh",Bay,Paicines CA,N/A,"$3,500.00 ",Trail - Versatility Ranch Horse ,
18346,Appaloosa,Gelding,5 years,N/A,N/A,"Paicines, CA",N/A,"$3,500.00 ",Trail - Versatility Ranch Horse ,
18347,American Quarter Horse,Mare,16 years,"15,1 hh",Chestnut,Moscow OH,N/A,"$3,500.00 ",Versatility Ranch Horse - Trail ,
18348,American Quarter Horse,Gelding,9 years,"15,1 hh",Chestnut,Jersey Shore PA,N/A,"$3,500.00 ",Trail - Versatility Ranch Horse ,
18349,American Quarter Horse,Gelding,9 years,"14,1 hh",Gray-Dapple,Fairbank IA,N/A,"$3,500.00 ",Trail - Versatility Ranch Horse ,
18350,American Quarter Horse,Gelding,8 years,15 hh,Grullo,"Phoenix, AZ",N/A,"$3,500.00 ",Trail - Versatility Ranch Horse ,
18351,Spotted Saddle Horse,Gelding,11 years,"15,2 hh",Tobiano-all-colors,Waynesboro PA,N/A,"$3,500.00 ",Trail - Gaited ,
18352,Tennessee walking horse,Gelding,11 years,"15,2 hh",Tobiano-all-colors,Waynesboro PA,N/A,"$3,500.00 ",Trail - Gaited ,
18353,Andalusian,Mare,10 years,"15,2 hh",Brown,Provinz Malaga,"5,000","$5,325.00 ",Leisure - Working Equitation - Eventing - Dressage ,
18354,Other Breeds,Mare,22 years,"10,2 hh",Pinto,Süderlügum,"1,250","$1,331.00 ",Breeding - Leisure ,
18355,Spanish Sporthorse,Stallion,3 years,"15,2 hh",Smoky-Black,Süderlügum,"4,000","$4,260.00 ",Leisure - Equitation Portugesa - Dressage ,
18356,Holstein,Mare,4 years,"16,1 hh",Brown,Süderlügum,"10,000","$10,650.00 ",Leisure - Jumping - Dressage ,
18357,Lusitano,Stallion,4 years,16 hh,Bay,Extramadura,"13,200","$14,058.00 ",Dressage ,
18358,American Quarter Horse,Mare,6 years,"15,2 hh",Roan-Bay,"Pine Village, IN",N/A,N/A,Trail - Versatility Ranch Horse ,
18359,Paint Horse,Stallion,2 years,N/A,N/A,Haldenwang,"10,000","$10,650.00 ",Western Pleasure - Western allround - Trail - Leisure ,
18360,Gypsy Horse,Mare,16 years,"15,1 hh",Bay,"Lisbon, IA",N/A,"$3,500.00 ",Trail ,
18361,Icelandic Horse,Mare,3 years,N/A,N/A,Obertilliach,"2,900","$3,089.00 ",Eventing ,
18362,Oldenburg,Gelding,7 years,"16,2 hh",Bay-Dark,Großostheim,"40,000","$42,601.00 ",Dressage - Leisure ,
18363,Oldenburg,Gelding,8 years,17 hh,Bay-Dark,Großostheim,"40,000","$42,601.00 ",Dressage ,
18364,Appaloosa,Gelding,15 years,N/A,N/A,Avado CO,N/A,"$3,500.00 ",Trail - Versatility Ranch Horse ,
18365,American Quarter Horse,Gelding,11 years,15 hh,Palomino,Paicines CA,N/A,"$3,500.00 ",Trail - Versatility Ranch Horse ,
18366,American Quarter Horse,Gelding,5 years,N/A,N/A,Jacksboro TX,N/A,"$3,500.00 ",Trail - Versatility Ranch Horse ,
18367,Draft Horse,Gelding,8 years,N/A,N/A,Sweet Springs MO,N/A,"$3,500.00 ",Trail - Versatility Ranch Horse ,
18368,American Quarter Horse,Gelding,8 years,N/A,N/A,Sweet Springs MO,N/A,"$3,500.00 ",Trail - Versatility Ranch Horse ,
18369,Mule,Gelding,6 years,N/A,N/A,flemmingsburg Ky,N/A,"$3,500.00 ",Trail - Versatility Ranch Horse ,
18370,American Quarter Horse,Gelding,6 years,N/A,N/A,Flemmngsburg Ky,N/A,"$3,500.00 ",Trail ,
18371,American Quarter Horse,Gelding,9 years,N/A,N/A,LaGrange KY,N/A,"$3,500.00 ",Trail - Versatility Ranch Horse ,
18372,American Quarter Horse,Gelding,11 years,N/A,N/A,Lisbon IA,N/A,"$3,500.00 ",Trail - Versatility Ranch Horse ,
18373,Draft Horse,Gelding,8 years,16 hh,Gray-Dapple,Somerset,N/A,"$3,500.00 ",Trail - Versatility Ranch Horse ,
18374,American Quarter Horse,Gelding,8 years,16 hh,Gray-Dapple,Somerset,N/A,"$3,500.00 ",Trail - Versatility Ranch Horse ,
18375,American Quarter Horse,Mare,6 years,N/A,N/A,Howell MI,N/A,"$3,500.00 ",Trail - Versatility Ranch Horse ,
18376,Other Warmbloods,Mare,3 years,"16,1 hh",Pinto,Borgentreich,N/A,N/A,Jumping - Eventing - Leisure - Dressage ,
18377,Hanoverian,Gelding,5 years,"16,1 hh",Chestnut-Red,Selsingen,"40,000","$42,601.00 ",Dressage ,
18378,Oldenburg,Stallion,1 year,N/A,N/A,Dassel,"5,000","$5,325.00 ",Dressage,
18379,Belgian Draft,Gelding,9 years,16 hh,Bay,Mount Vernon,N/A,"$20,000.00 ",Versatility Ranch Horse - Trail ,
18380,Menorquin,Stallion,15 years,"15,1 hh",Black,Menorca,N/A,N/A,Leisure - Working Equitation - Show - Dressage ,
18381,American Quarter Horse,Gelding,4 years,15 hh,Brown,Lancaster,N/A,N/A,Jumping ,
18382,American Quarter Horse,Gelding,4 years,"14,3 hh",Pinto,Lancaster,N/A,N/A,Driving - English Pleasure ,
18383,Draft Horse,Gelding,9 years,16 hh,Bay,Mount Vernon,N/A,"$20,000.00 ",Versatility Ranch Horse - Trail ,
18384,Percheron,Gelding,9 years,16 hh,Bay,Mount Vernon,N/A,"$20,000.00 ",Versatility Ranch Horse - Trail ,
18385,American Quarter Horse,Gelding,9 years,16 hh,Bay,Mount Vernon,N/A,"$20,000.00 ",Versatility Ranch Horse - Trail ,
18386,PRE,Stallion,6 years,16 hh,Brown-Light,La Barrosa,"22,000","$23,431.00 ",Dressage - Working Equitation - Show - Baroque ,
18387,Spanish Sporthorse,Mare,7 years,"15,2 hh",Black,La Barrosa,"22,000","$23,431.00 ",Dressage - Leisure ,
18388,PRE Mix,Stallion,8 years,16 hh,Gray-Dapple,La Barrosa,"30,000","$31,951.00 ",Baroque - Dressage ,
18389,Spanish Sporthorse,Stallion,3 years,"14,2 hh",Pinto,Algaida,"6,000","$6,390.00 ",Leisure ,
18390,Paint Horse,Gelding,11 years,16 hh,Palomino,Algaida,"10,000","$10,650.00 ",Western allround - Reining - Jumping - Dressage ,
18391,Pura Raza Mallorquina,Gelding,5 years,"15,2 hh",Black,Algaida,"14,000","$14,910.00 ",Working Equitation - Dressage ,
18392,Spanish Sporthorse,Stallion,2 years,"13,2 hh",Pinto,Algaida,"4,000","$4,260.00 ",Eventing ,
18393,Arabian horses,Stallion,2 years,"13,3 hh",Gray-Red-Tan,Algaida,"30,000","$31,951.00 ",Eventing ,
18394,PRE,Stallion,6 years,"16,3 hh",Gray,Algaida,"30,000","$31,951.00 ",Dressage ,
18395,Hanoverian,Gelding,4 years,"16,3 hh",Brown,Selsingen,"20,000","$21,301.00 ",Dressage ,
18396,Gypsy Horse,Gelding,6 years,N/A,N/A,Howell MI,N/A,"$3,500.00 ",Trail - Versatility Ranch Horse ,
18397,American Quarter Horse,Gelding,11 years,15 hh,Buckskin,Flemmingsburg KY,N/A,"$3,500.00 ",Trail - Versatility Ranch Horse ,
18398,American Quarter Horse,Gelding,5 years,"15,2 hh",Chestnut,Zearing IA,N/A,"$3,500.00 ",Trail - Versatility Ranch Horse ,
18399,American Quarter Horse,Gelding,7 years,"15,2 hh",Bay,Everett PA,N/A,"$3,500.00 ",Versatility Ranch Horse - Trail ,
18400,Draft Horse,Gelding,14 years,"17,1 hh",Roan-Bay,Auburn KY,N/A,"$3,500.00 ",Trail - Versatility Ranch Horse ,
18401,Draft Horse,Gelding,14 years,"17,1 hh",Roan-Bay,Auburn KY,N/A,"$3,500.00 ",Trail - Versatility Ranch Horse ,
18402,American Quarter Horse,Gelding,9 years,"15,3 hh",Gray,MT Hope AL,N/A,"$3,500.00 ",Versatility Ranch Horse - Trail ,
18403,Draft Horse,Gelding,13 years,"15,2 hh",Chestnut,Howell MI,N/A,"$3,500.00 ",Trail - Versatility Ranch Horse ,
18404,American Quarter Horse,Gelding,13 years,"15,2 hh",Chestnut,Howell,N/A,"$3,500.00 ",Trail - Versatility Ranch Horse ,
18405,Missouri Foxtrotter,Gelding,6 years,"14,2 hh",Tobiano-all-colors,Cleveland TN,N/A,"$3,500.00 ",Trail - Gaited ,
18406,Tennessee walking horse,Gelding,6 years,N/A,N/A,Cleveland Tn,N/A,"$3,500.00 ",Trail - Gaited ,
18407,KWPN,Gelding,6 years,"16,2 hh",Bay-Dark,Békéscsaba,"15,000","$15,975.00 ",Jumping ,
18408,Danish Warmblood,Stallion,5 years,"16,1 hh",Black,Süderlügum,N/A,N/A,Dressage - Jumping ,
18409,German Riding Pony,Stallion,5 years,"14,1 hh",Dun,Süderlügum,N/A,N/A,Dressage - Jumping ,
18410,German Riding Pony,Gelding,6 years,"14,1 hh",Chestnut-Red,Süderlügum,N/A,N/A,Jumping - Dressage ,
18411,Holstein,Mare,7 years,"16,1 hh",Brown,Süderlügum,"7,900","$8,414.00 ",Breeding ,
18412,PRE Mix,Mare,2 years,"14,1 hh",Dun,Sevilla,"6,500","$6,923.00 ",Dressage ,
18413,Trakehner,Mare,3 years,"16,2 hh",Bay-Dark,Nellingen Aichen,"12,000","$12,780.00 ",Dressage - Eventing ,
18414,KWPN,Stallion,5 years,"16,2 hh",Black,Békéscsaba,"9,000","$9,585.00 ",Jumping ,
18415,Holstein,Gelding,16 years,"16,3 hh",Bay-Dark,tinglev,"12,500","$13,313.00 ",Jumping - Dressage ,
18416,German Riding Horse,Gelding,16 years,"16,1 hh",Bay-Dark,herrliberg,N/A,"$33,072.00 ",Dressage,
18417,American Quarter Horse,Gelding,13 years,"14,3 hh",Buckskin,Mount Vernon,N/A,"$9,500.00 ",Versatility Ranch Horse - Trail ,
18418,American Quarter Horse,Gelding,8 years,15 hh,Palomino,Mount Vernon,N/A,"$9,500.00 ",Versatility Ranch Horse - Trail - Western ,
18419,German Sport Horse,Gelding,4 years,"16,1 hh",Gray,Bad König,"15,000","$15,975.00 ",Jumping - Dressage ,
18420,American Quarter Horse,Gelding,7 years,"16,2 hh",Brown,Burgebrach,"40,000","$42,601.00 ",Western Hunter - Western allround - Trail - Jumping ,
18421,PRE Mix,Stallion,5 years,"16,2 hh",Black,NAVAS DEL MADRONO,"40,000","$42,601.00 ",Dressage ,
18422,Andalusian,Gelding,7 years,N/A,N/A,Tabernas Almeria,"10,000","$10,650.00 ",Dressage - Leisure ,
18423,PRE,Stallion,5 years,16 hh,Gray,Mallorca,"25,000","$26,626.00 ",Leisure - Working Equitation - Eventing - Dressage ,
18424,Holstein,Gelding,9 years,"16,1 hh",Bay-Dark,Süderlügum,N/A,N/A,Jumping - Dressage ,
18425,German Riding Pony,Mare,17 years,"14,1 hh",Dun,Süderlügum,"5,000","$5,325.00 ",Breeding - Leisure - Driving ,
18426,Oldenburg,Mare,18 years,16 hh,Black,Süderlügum,"5,000","$5,325.00 ",Breeding ,
18427,American Quarter Horse,Gelding,11 years,"14,3 hh",Buckskin,Somerset KY,N/A,"$3,500.00 ",Trail - Versatility Ranch Horse ,
18428,American Quarter Horse,Gelding,10 years,16 hh,Bay,Louisville KY,N/A,"$3,500.00 ",Trail - Versatility Ranch Horse ,
18429,Andalusian,Stallion,5 years,16 hh,Gray,Mallorca,"25,000","$26,626.00 ",Leisure - Working Equitation - Baroque - Eventing ,
18430,Paint Horse,Gelding,14 years,"15,1 hh",Overo-all-colors,Weatherford TX,N/A,"$3,500.00 ",Trail - Versatility Ranch Horse ,
18431,American Quarter Horse,Gelding,14 years,N/A,N/A,Weatherford TX,N/A,"$3,500.00 ",Trail - Versatility Ranch Horse ,
18432,American Quarter Horse,Gelding,20 years,"15,1 hh",White,Danville IN,N/A,"$3,500.00 ",Trail - Versatility Ranch Horse ,
18433,Paint Horse,Gelding,14 years,"15,2 hh",Tobiano-all-colors,Weatherford TX,N/A,"$3,500.00 ",Trail - Versatility Ranch Horse ,
18434,American Quarter Horse,Gelding,14 years,"15,2 hh",Tobiano-all-colors,Weatherford TX,N/A,"$3,500.00 ",Trail - Versatility Ranch Horse ,
18435,American Quarter Horse,Gelding,6 years,"14,2 hh",Palomino,Paicines CA,N/A,"$3,500.00 ",Trail - Versatility Ranch Horse ,
18436,American Quarter Horse,Gelding,10 years,"13,2 hh",Brown,Bitterwater CA,N/A,"$3,500.00 ",Trail - Versatility Ranch Horse ,
18437,American Quarter Horse,Gelding,6 years,"15,2 hh",Chestnut,Pleasant Grove CA,N/A,"$3,500.00 ",Trail - Versatility Ranch Horse ,
18438,Friesian horses,Gelding,6 years,N/A,N/A,Oviedo FL,N/A,"$3,500.00 ",Trail - Versatility Ranch Horse ,
18439,American Quarter Horse,Gelding,10 years,15 hh,Palomino,Santa Fe TN,N/A,"$3,500.00 ",Trail - Versatility Ranch Horse ,
18440,American Quarter Horse,Gelding,8 years,N/A,N/A,Carthage TX,N/A,"$3,500.00 ",Trail - Versatility Ranch Horse ,
18441,American Quarter Horse,Gelding,6 years,"14,3 hh",Chestnut,Thompkinsville KY,N/A,"$3,500.00 ",Trail - Versatility Ranch Horse ,
18442,American Quarter Horse,Gelding,7 years,"15,2 hh",Palomino,Rusk TX,N/A,"$3,500.00 ",Trail - Versatility Ranch Horse ,
18443,American Quarter Horse,Gelding,12 years,15 hh,Palomino,Paicines CA,N/A,"$3,500.00 ",Trail - Versatility Ranch Horse ,
18444,American Quarter Horse,Gelding,14 years,15 hh,Brown,Breckenridge TX,N/A,"$3,500.00 ",Trail - Versatility Ranch Horse ,
18445,American Quarter Horse,Gelding,8 years,"15,2 hh",Buckskin,Brickenridge TX,N/A,"$3,500.00 ",Trail - Versatility Ranch Horse ,
18446,Appaloosa,Gelding,7 years,15 hh,Black,Brickenridge TX,N/A,"$3,500.00 ",Versatility Ranch Horse - Trail ,
18447,American Quarter Horse,Gelding,7 years,15 hh,Black,Breckenridge TX,N/A,"$3,500.00 ",Versatility Ranch Horse - Trail ,
18448,PRE,Stallion,8 years,"15,2 hh",Gray-Dapple,Wien,"40,000","$42,601.00 ",Dressage - Show - Baroque - Leisure ,
18449,Spanish Sporthorse,Gelding,11 years,16 hh,Black,Madrid,"70,000","$74,552.00 ",Dressage ,
18450,Friesian horses,Mare,2 years,N/A,N/A,Tzummarum,"3,000","$3,195.00 ",Dressage - Baroque ,
18451,Friesian horses,Stallion,2 years,N/A,N/A,Tzummarum,"3,000","$3,195.00 ",Baroque - Dressage ,
18452,PRE,Mare,7 years,"15,2 hh",Gray,Trebbin,"6,000","$6,390.00 ",Baroque - Working Equitation - Breeding - Driving ,
18453,KWPN,Stallion,4 years,"16,2 hh",Bay-Dark,Békéscsaba,"15,000","$15,975.00 ",Dressage ,
18454,Icelandic Horse,Mare,11 years,N/A,N/A,Reykjavik,"12,345","$13,148.00 ",Leisure ,
18455,Icelandic Horse,Gelding,7 years,N/A,N/A,Reykjavik,"12,345","$13,148.00 ",Leisure ,
18456,More ponies/small horses,Mare,20 years,N/A,N/A,Kakenstorf,500,$533.00 ,Leisure ,
18457,PRE,Stallion,2 years,"13,2 hh",Chestnut,HEUVELLAND,"10,000","$10,650.00 ",Dressage - Working Equitation - Baroque - Breeding ,
18458,Icelandic Horse,Mare,7 years,N/A,N/A,Reykjavik,"12,345","$13,148.00 ",Leisure ,
18459,American Quarter Horse,Gelding,6 years,14 hh,Roan-Red,"Paicines, CA",N/A,"$3,500.00 ",Trail - Versatility Ranch Horse ,
18460,Friesian horses,Gelding,6 years,"15,1 hh",Black,Flemmingsburg KY,N/A,"$3,500.00 ",Trail - Versatility Ranch Horse ,
18461,American Quarter Horse,Gelding,6 years,"15,1 hh",Black,Flemmingsburg Ky,N/A,"$3,500.00 ",Trail - Versatility Ranch Horse ,
18462,American Quarter Horse,Gelding,12 years,"14,2 hh",Sorrel,Flemmingsburg KY,N/A,"$3,500.00 ",Trail - Versatility Ranch Horse ,
18463,Mule,Gelding,12 years,N/A,N/A,Flemingsburg KY,N/A,"$3,500.00 ",Trail - Versatility Ranch Horse ,
18464,American Quarter Horse,Gelding,8 years,"14,2 hh",Gray-Dapple,Sweet Springs MO,N/A,"$3,500.00 ",Trail - Versatility Ranch Horse ,
18465,PRE,Stallion,10 years,16 hh,Gray,Salamanca,"15,000","$15,975.00 ",Dressage - Gaited - Baroque - Leisure ,
18466,American Quarter Horse,Gelding,11 years,15 hh,Grullo,"Los Banos, CA",N/A,"$3,500.00 ",Trail - Versatility Ranch Horse ,
18467,Paint Horse,Gelding,11 years,"14,1 hh",Overo-all-colors,"Somerset, KY",N/A,"$3,500.00 ",Trail - Versatility Ranch Horse ,
18468,American Quarter Horse,Gelding,11 years,"14,1 hh",Overo-all-colors,"Somerset, KY",N/A,"$3,500.00 ",Trail - Versatility Ranch Horse ,
18469,Paint Horse,Gelding,11 years,"14,1 hh",Overo-all-colors,Somerset,N/A,"$3,500.00 ",Trail - Versatility Ranch Horse ,
18470,Czech Warmblood,Mare,8 years,17 hh,Brown,Prag,"40,000","$42,601.00 ",Jumping ,
18471,American Quarter Horse,Gelding,15 years,"14,1 hh",Sorrel,Somerset KY,N/A,"$3,500.00 ",Trail - Versatility Ranch Horse ,
18472,Other Warmbloods,Mare,12 years,N/A,N/A,"Howell, MI",N/A,"$3,500.00 ",Jumping - Trail ,
18473,Draft Horse,Mare,12 years,N/A,N/A,"Howell, MI",N/A,"$3,500.00 ",Trail - Versatility Ranch Horse ,
18474,American Quarter Horse,Mare,12 years,N/A,N/A,"Howell, mi",N/A,"$3,500.00 ",Trail - Versatility Ranch Horse ,
18475,Other Warmbloods,Gelding,6 years,"14,1 hh",Tobiano-all-colors,Howell MI,N/A,"$3,500.00 ",Trail - Versatility Ranch Horse ,
18476,Paint Horse,Gelding,6 years,"14,1 hh",Tobiano-all-colors,Howell MI,N/A,"$3,500.00 ",Trail - Versatility Ranch Horse ,
18477,American Quarter Horse,Gelding,6 years,"14,1 hh",Tobiano-all-colors,Howell MI,N/A,"$3,500.00 ",Jumping - Trail ,
18478,Gypsy Horse,Gelding,18 years,"14,2 hh",Gray,Flemmingsburg KY,N/A,"$3,500.00 ",Trail - Versatility Ranch Horse ,
18479,American Quarter Horse,Gelding,6 years,15 hh,Dun,Greensburg KY,N/A,"$3,500.00 ",Trail - Versatility Ranch Horse ,
18480,American Quarter Horse,Gelding,16 years,"15,2 hh",Palomino,Pickens SC,N/A,"$3,500.00 ",Trail - Versatility Ranch Horse ,
18481,American Quarter Horse,Gelding,11 years,N/A,N/A,Santa Fe TN,N/A,"$3,500.00 ",Trail - Versatility Ranch Horse ,
18482,American Quarter Horse,Gelding,8 years,"15,1 hh",Dun,Ewing KY,N/A,"$3,500.00 ",Trail - Versatility Ranch Horse ,
18483,American Quarter Horse,Gelding,12 years,"15,1 hh",Chestnut,Amarillo TX,N/A,"$3,500.00 ",Versatility Ranch Horse - Trail ,
18484,Draft Horse,Gelding,8 years,"15,3 hh",Black,Howell MI,N/A,"$3,500.00 ",Jumping - Trail ,
18485,Haflinger,Gelding,8 years,"15,3 hh",Black,Howell MI,N/A,"$3,499.00 ",Trail - Versatility Ranch Horse ,
18486,American Quarter Horse,Gelding,8 years,"15,3 hh",Black,Howell Mi,N/A,"$3,500.00 ",Versatility Ranch Horse - Trail ,
18487,Hanoverian,Stallion,2 years,N/A,N/A,Duszniki,"15,000","$15,975.00 ",Dressage - Breeding - Leisure ,
18488,PRE,Stallion,4 years,"15,1 hh",Perlino,Mallorca,"11,000","$11,715.00 ",Leisure - Working Equitation - Eventing - Mating ,
18489,Haflinger,Mare,18 years,N/A,N/A,Obertilliach,N/A,N/A,Leisure ,
18490,German Sport Horse,Mare,3 years,"16,2 hh",Chestnut,Wandlitz,"10,000","$10,650.00 ",Dressage - Working Equitation - Show - Leisure,
18491,Arabian horses,Gelding,4 years,"14,2 hh",Gray-Blue-Tan,Wandlitz,"4,800","$5,112.00 ",Endurance - Trail - Eventing - Leisure,
18492,German Sport Horse,Mare,5 years,"16,1 hh",Brown,Wandlitz,"15,000","$15,975.00 ",Jumping - Breeding - Eventing - Dressage,
18493,American Quarter Horse,Mare,3 years,"14,1 hh",Chestnut,Apfeldorf,"9,500","$10,118.00 ",Reining - Cutting - Breeding - Western ,
18494,Andalusian,Stallion,4 years,"15,3 hh",Perlino,Mallorca,"11,000","$11,715.00 ",Leisure - Working Equitation - Baroque - Eventing ,
18495,American Quarter Horse,Mare,9 years,N/A,N/A,Uedem,"30,000","$31,951.00 ",Hunter under saddle - Western allround ,
18496,PRE Mix,Stallion,7 years,"16,3 hh",Gray,NAVAS DEL MADRONO,"40,000","$42,601.00 ",Dressage ,
18497,Gypsy Horse,Gelding,6 years,N/A,N/A,"Mims, FL",N/A,"$3,500.00 ",Trail - Versatility Ranch Horse ,
18498,Andalusian,Gelding,10 years,N/A,N/A,"Ocala, FL",N/A,"$3,500.00 ",Dressage - Trail ,
18499,PRE Mix,Gelding,15 years,16 hh,Chestnut,Sevilla,"10,000","$10,650.00 ",Dressage - Leisure ,
18500,PRE Mix,Stallion,6 years,"15,2 hh",Gray,NAVAS DEL MADRONO,"15,000","$15,975.00 ",Dressage ,
18501,American Quarter Horse,Gelding,5 years,"14,2 hh",Gray,Providence Forge VA,N/A,"$3,500.00 ",Trail - Versatility Ranch Horse ,
18502,Tennessee walking horse,Gelding,12 years,"14,3 hh",Roan-Bay,Moscow OH,N/A,"$3,500.00 ",Trail - Gaited ,
18503,American Quarter Horse,Mare,10 years,"15,1 hh",Gray,Casa Grande AZ,N/A,"$3,500.00 ",Trail - Versatility Ranch Horse ,
18504,Draft Horse,Gelding,8 years,16 hh,Black,Thompkinsville KY,N/A,"$3,500.00 ",Trail ,
18505,American Quarter Horse,Gelding,8 years,16 hh,Black,"Thopkinsville, KY",N/A,"$3,500.00 ",Trail - Versatility Ranch Horse ,
18506,American Quarter Horse,Gelding,10 years,"15,2 hh",Chestnut,Fairbank IA,N/A,"$3,500.00 ",Trail - Versatility Ranch Horse ,
18507,Welsh A (Mountain Pony),Gelding,9 years,"12,3 hh",Gray,Lexington Ky,N/A,"$3,500.00 ",Jumping - Driving ,
18508,Pony of the Americas,Gelding,9 years,N/A,N/A,Lexington KY,N/A,"$3,500.00 ",Trail - Jumping ,
18509,Mule,Gelding,11 years,"14,1 hh",Chestnut,Independence IA,N/A,"$3,500.00 ",Trail - Versatility Ranch Horse ,
18510,American Quarter Horse,Gelding,11 years,"15,1 hh",Chestnut,Independence IA,N/A,"$3,500.00 ",Trail - Versatility Ranch Horse ,
18511,Paint Horse,Gelding,14 years,"14,1 hh",Tobiano-all-colors,Paicines CA,N/A,"$3,500.00 ",Trail - Versatility Ranch Horse ,
18512,American Quarter Horse,Gelding,14 years,N/A,N/A,Paicines CA,N/A,"$3,500.00 ",Trail - Versatility Ranch Horse ,
18513,American Quarter Horse,Gelding,14 years,"14,2 hh",Buckskin,Bitterwater CA,N/A,"$3,500.00 ",Trail - Versatility Ranch Horse ,
18514,American Quarter Horse,Gelding,15 years,"14,3 hh",Palomino,Somerset KY,N/A,"$3,500.00 ",Trail - Versatility Ranch Horse ,
18515,American Quarter Horse,Gelding,12 years,15 hh,Bay,"Somerset, KY",N/A,"$3,500.00 ",Trail - Versatility Ranch Horse ,
18516,American Quarter Horse,Mare,1 year,"14,2 hh",Chestnut-Red,Daleiden,"6,999","$7,454.00 ",Reining - Breeding - Western - Leisure,
18517,German Riding Pony,Stallion,2 years,N/A,N/A,Wülfrath,"6,500","$6,923.00 ",Dressage - Breeding - Jumping,"Green, is capable of carrying weight, Halter accustomed"
18518,Belgian Warmblood,Gelding,4 years,"15,3 hh",Brown,Wülfrath,"14,250","$15,177.00 ",Dressage,"is broken-in, is lunged, is easy to load"
18519,Paint Horse,Gelding,8 years,"15,1 hh",Tobiano-all-colors,Jacksboro TX,N/A,"$3,499.00 ",Jumping - Trail ,
18520,American Quarter Horse,Gelding,6 years,"15,1 hh",Tobiano-all-colors,Jacksboro TX,N/A,"$3,500.00 ",Jumping - Trail ,
18521,American Quarter Horse,Gelding,6 years,"14,2 hh",Sorrel,Greensburg KY,N/A,"$3,500.00 ",Trail - Versatility Ranch Horse ,
18522,Pony of the Americas,Gelding,7 years,"13,3 hh",Gray,Jacksboro TX,N/A,"$3,500.00 ",Jumping - Versatility Ranch Horse ,
18523,Appaloosa,Gelding,7 years,N/A,N/A,Jacksboro TX,N/A,"$3,500.00 ",Jumping - Versatility Ranch Horse ,
18524,American Quarter Horse,Gelding,9 years,"15,1 hh",Palomino,RUSK TX,N/A,"$3,500.00 ",Versatility Ranch Horse - Trail ,
18525,American Quarter Horse,Gelding,9 years,"15,2 hh",Buckskin,RUsk TX,N/A,"$3,500.00 ",Trail - Versatility Ranch Horse ,
18526,Andalusian,Gelding,10 years,17 hh,Gray-Dapple,Orlando FL,N/A,"$3,500.00 ",Dressage - Trail ,
18527,Menorquin,Stallion,11 years,"15,2 hh",Black,Menorca,"6,000","$6,390.00 ",Leisure - Doma Vaquera - Working Equitation - Driving ,
18528,German Sport Horse,Gelding,6 years,"16,2 hh",Bay-Dark,Mengen,"20,000","$21,301.00 ",Jumping - Leisure - Dressage ,
18529,American Quarter Horse,Gelding,6 years,"15,2 hh",Palomino,"Mount Vernon, Ky",N/A,"$32,500.00 ",Trail - Reining ,
18530,American Quarter Horse,Mare,10 years,"14,1 hh",Dun,"Cochranville, PA",N/A,N/A,Trail ,
18531,Lusitano,Stallion,6 years,"15,2 hh",Gray,NAVAS DEL MADRONO,"15,000","$15,975.00 ",Dressage ,
18532,Menorquin,Stallion,11 years,"15,1 hh",Black,Menorca,"6,000","$6,390.00 ",Leisure - Doma Vaquera - Working Equitation - Driving ,
18533,Icelandic Horse,Mare,15 years,N/A,N/A,Reykjavik,"5,300","$5,645.00 ",Leisure ,
18534,PRE,Gelding,8 years,N/A,N/A,SALAMANCA,"15,000","$15,975.00 ",Dressage - Versatility Ranch Horse - Baroque - Leisure ,
18535,PRE,Stallion,4 years,"15,2 hh",Dun,BAÑOS DE LEDESMA,"10,000","$10,650.00 ",Leisure - Gaited - Baroque - Dressage ,
18536,American Quarter Horse,Gelding,11 years,16 hh,Roan-Bay,"Guthrie, OK",N/A,"$3,500.00 ",Trail - Versatility Ranch Horse ,
18537,American Quarter Horse,Gelding,12 years,"14,3 hh",Black,Paicines CA,N/A,"$3,500.00 ",Trail - Versatility Ranch Horse ,
18538,Haflinger,Gelding,12 years,"14,1 hh",Sorrel,Rusk TX,N/A,"$3,500.00 ",Trail - Versatility Ranch Horse ,
18539,American Quarter Horse,Gelding,12 years,N/A,N/A,Rusk TX,N/A,"$3,500.00 ",Trail - Versatility Ranch Horse ,
18540,American Quarter Horse,Gelding,14 years,"15,2 hh",Gray,Hardinsburg IN,N/A,"$3,500.00 ",Trail - Versatility Ranch Horse ,
18541,Paint Horse,Gelding,11 years,"14,2 hh",Tobiano-all-colors,Rusk TX,N/A,"$3,500.00 ",Trail - Versatility Ranch Horse ,
18542,American Quarter Horse,Gelding,11 years,N/A,N/A,RUsk TX,N/A,"$3,500.00 ",Trail - Versatility Ranch Horse ,
18543,American Quarter Horse,Mare,7 years,15 hh,Gray-Dapple,Pomaria SC,N/A,"$3,500.00 ",Trail - Versatility Ranch Horse ,
18544,Appaloosa,Gelding,13 years,13 hh,Bay,Flemingsburg KY,N/A,"$3,500.00 ",Trail - Versatility Ranch Horse ,
18545,American Quarter Horse,Gelding,13 years,13 hh,Bay,Flemingsburg Ky,N/A,"$3,500.00 ",Trail - Versatility Ranch Horse ,
18546,Percheron,Gelding,6 years,17 hh,Roan-Blue,Bloomington IN,N/A,"$3,500.00 ",Trail - Show ,
18547,Friesian horses,Gelding,6 years,17 hh,Roan-Blue,Bloomington IN,N/A,"$3,500.00 ",Trail - Show ,
18548,Percheron,Gelding,6 years,"16,2 hh",Black,Somerset KY,N/A,"$3,500.00 ",Trail - Driving ,
18549,American Quarter Horse,Gelding,6 years,"16,2 hh",Black,"Somerset, KY",N/A,"$3,500.00 ",Trail - Driving ,
18550,American Quarter Horse,Gelding,6 years,"16,2 hh",Black,Somerset,N/A,"$3,500.00 ",Trail - Versatility Ranch Horse ,
18551,Friesian horses,Gelding,9 years,"15,1 hh",Black,Flemingsburg KY,N/A,"$3,500.00 ",Trail - Driving ,
18552,Welsh A (Mountain Pony),Gelding,7 years,"14,1 hh",Bay,Howell,N/A,"$3,500.00 ",Trail - Jumping ,
18553,American Quarter Horse,Gelding,7 years,"14,1 hh",Bay,Howell MI,N/A,"$3,500.00 ",Trail - Jumping ,
18554,Kentucky Mountain Saddle Horse,Gelding,9 years,15 hh,Buckskin,"Moscow, OH",N/A,"$3,500.00 ",Trail - Gaited ,
18555,Tennessee walking horse,Mare,9 years,15 hh,Buckskin,Moscow OH,N/A,"$3,500.00 ",Trail - Gaited ,
18556,Gypsy Horse,Gelding,8 years,"15,2 hh",Tobiano-all-colors,"Ocala, FL",N/A,"$3,500.00 ",Trail - Dressage ,
18557,Spotted Saddle Horse,Gelding,15 years,"15,1 hh",Tobiano-all-colors,"Victor, MT",N/A,"$3,500.00 ",Trail - Show ,
18558,Tennessee walking horse,Gelding,15 years,"15,1 hh",Tobiano-all-colors,Victor MT,N/A,"$3,500.00 ",Trail - Show ,
18559,American Quarter Horse,Gelding,9 years,"14,2 hh",Roan-Red,Somerset,N/A,"$3,500.00 ",Versatility Ranch Horse - Trail ,
18560,American Quarter Horse,Gelding,11 years,"14,3 hh",Buckskin,"Crofton, KY",N/A,"$3,500.00 ",Versatility Ranch Horse - Trail ,
18561,American Quarter Horse,Mare,7 years,"15,1 hh",Gray,"Carlisle, KY",N/A,"$3,500.00 ",Versatility Ranch Horse - Trail ,
18562,German Sport Horse,Gelding,5 years,16 hh,Bay-Dark,Grevenbroich,"11,500","$12,248.00 ",Jumping - Leisure - Dressage ,
18563,PRE,Stallion,6 years,"16,1 hh",Gray,Saarbrücken,"20,000","$21,301.00 ",Dressage - Working Equitation - Baroque - Leisure ,
18564,Leonhard,Stallion,3 years,"14,2 hh",Brown,Grabenstätt,N/A,N/A,Leisure ,
18565,Shetland Ponies,Gelding,4 years,"9,1 hh",Palomino,"Paris, KY",N/A,N/A,Trail ,
18566,Menorquin,Mare,4 years,"15,2 hh",Black,Menorca,N/A,N/A,Dressage - Breeding - Eventing - Leisure ,
18567,Welsh PB (Partbred) Mix,Gelding,8 years,"13,2 hh",Black,Wykoff,N/A,N/A,Trail - Cowhorse - Western - Leisure ,
18568,Menorquin,Mare,3 years,"15,2 hh",Black,Menorca,N/A,N/A,Leisure - Working Equitation - Breeding - Eventing ,
18569,American Quarter Horse,Gelding,6 years,"15,1 hh",Black,"Rusk, TX",N/A,"$3,500.00 ",Versatility Ranch Horse - Trail ,
18570,Haflinger,Mare,9 years,N/A,N/A,"Paicines, CA",N/A,"$3,500.00 ",Versatility Ranch Horse - Trail ,
18571,American Quarter Horse,Gelding,13 years,N/A,N/A,"Flemingsburg, KY",N/A,"$3,500.00 ",Versatility Ranch Horse - Trail ,
18572,American Quarter Horse,Gelding,13 years,"14,3 hh",Roan-Red,"Victoria, TX",N/A,"$3,500.00 ",Versatility Ranch Horse - Trail ,
18573,American Quarter Horse,Gelding,17 years,"15,3 hh",Roan-Blue,"Sweet Springs, MO",N/A,"$3,500.00 ",Versatility Ranch Horse - Trail ,
18574,American Quarter Horse,Gelding,6 years,"15,2 hh",Buckskin,"Ravenna, TX",N/A,"$3,500.00 ",Versatility Ranch Horse - Trail ,
18575,Draft Horse,Mare,7 years,"16,2 hh",Buckskin,"Santa Fe, TN",N/A,"$3,500.00 ",Versatility Ranch Horse - Trail ,
18576,American Quarter Horse,Mare,7 years,"16,2 hh",Buckskin,"Santa Fe, TN",N/A,"$3,500.00 ",Versatility Ranch Horse - Trail ,
18577,Gypsy Horse,Gelding,12 years,15 hh,Black,"Jamestown, KY",N/A,"$3,500.00 ",Versatility Ranch Horse - Trail ,
18578,Draft Horse,Gelding,11 years,"15,3 hh",Sorrel,"Parkers Lake, KY",N/A,"$3,500.00 ",Versatility Ranch Horse - Trail ,
18579,American Quarter Horse,Gelding,11 years,"15,3 hh",Sorrel,"Parkers Lake, KY",N/A,"$3,500.00 ",Versatility Ranch Horse - Trail ,
18580,American Quarter Horse,Gelding,8 years,"14,3 hh",Palomino,"Winchester, OH",N/A,"$3,500.00 ",Versatility Ranch Horse - Trail ,
18581,Mule,Gelding,13 years,"14,1 hh",Chestnut,"Sweet Springs, MO",N/A,"$3,500.00 ",Trail - Versatility Ranch Horse ,
18582,Gypsy Horse,Gelding,6 years,"14,3 hh",Chestnut,"Amory, MS",N/A,"$3,500.00 ",Versatility Ranch Horse - Trail ,
18583,American Quarter Horse,Gelding,8 years,"14,2 hh",Buckskin,"Mt. Hope, AL",N/A,"$3,500.00 ",Versatility Ranch Horse - Trail ,
18584,American Quarter Horse,Gelding,14 years,"15,2 hh",Chestnut,"Flemingsburg, Ky",N/A,"$3,500.00 ",Versatility Ranch Horse - Trail ,
18585,Clydesdale,Mare,14 years,17 hh,Black,"Flemingsburg, KY",N/A,"$3,500.00 ",Versatility Ranch Horse - Trail ,
18586,Percheron,Mare,14 years,17 hh,Black,"Flemingsburg, KY",N/A,"$3,500.00 ",Versatility Ranch Horse - Trail ,
18587,Belgian Warmblood,Gelding,7 years,"16,2 hh",Chestnut,"Jacksboro, TX",N/A,"$3,500.00 ",Versatility Ranch Horse - Trail ,
18588,Mule,Gelding,12 years,"12,2 hh",Roan-Bay,"Nunn, CO",N/A,"$3,500.00 ",Versatility Ranch Horse - Trail ,
18589,Appaloosa,Gelding,8 years,"13,1 hh",Roan-Red,"Weatherford, TX",N/A,"$3,500.00 ",Versatility Ranch Horse - Trail ,
18590,Gypsy Horse,Gelding,13 years,15 hh,Chestnut,"Mt. Hope, AL",N/A,"$3,500.00 ",Versatility Ranch Horse - Trail ,
18591,American Quarter Horse,Mare,15 years,15 hh,Buckskin,"Ashland, OH",N/A,"$3,500.00 ",Versatility Ranch Horse - Trail ,
18592,American Miniature Horse,Gelding,12 years,10 hh,Chestnut,"Howell, MI",N/A,"$3,500.00 ",Trail - Leisure ,
18593,Hanoverian,Mare,11 years,17 hh,Bay-Dark,Stockach,"11,500","$12,248.00 ",Dressage - Leisure ,
18594,Arabian horses,Mare,8 years,"15,1 hh",Chestnut,Poussignac,"7,900","$8,414.00 ",Endurance - Breeding - Jumping - Leisure ,
18595,American Quarter Horse,Gelding,15 years,"15,2 hh",Dun,"Apache Junction, AZ",N/A,N/A,Trail - Versatility Ranch Horse ,
18596,PRE Mix,Stallion,5 years,"16,1 hh",Pearl,NAVAS DEL MADRONO,"40,000","$42,601.00 ",Dressage ,
18597,Trakehner,Mare,3 years,16 hh,Pinto,Bad Oldesloe,"7,000","$7,455.00 ",Breeding - Endurance - Leisure - Dressage ,
18598,Hanoverian,Gelding,5 years,"16,1 hh",Brown,Selsingen,"15,000","$15,975.00 ",Dressage - Leisure ,
18599,Czech Warmblood,Mare,9 years,17 hh,Gray,Tyn nad Vltavou,"25,000","$26,626.00 ",Jumping ,
18600,Hanoverian,Gelding,5 years,"16,3 hh",Brown,Selsingen,"20,000","$21,301.00 ",Jumping - Dressage ,
18601,Oldenburg,Mare,7 years,"16,2 hh",Smoky-Black,Ceske Budejovice,"15,000","$15,975.00 ",Jumping - Leisure ,
18602,Shire Horse,Mare,6 years,"17,2 hh",Gray-Dapple,Bad Füssing,"15,000","$15,975.00 ",Leisure ,
18603,Other Breeds,Gelding,12 years,"16,1 hh",N/A,Almenara,"4,400","$4,686.00 ",Dressage - Leisure ,
18604,PRE Mix,Stallion,3 years,"16,1 hh",Gray,Huelva,"7,000","$7,455.00 ",Dressage ,
18605,German Riding Pony,Mare,,"14,2 hh",Buckskin,SchubySchuby,"8,000","$8,520.00 ",Dressage - Breeding - Jumping - Leisure ,
18606,Oldenburg,Gelding,4 years,"16,2 hh",Bay-Dark,GundelfingeN,"40,000","$42,601.00 ",Dressage - Jumping ,
18607,Hanoverian,Mare,4 years,"16,1 hh",Brown,Selsingen,"40,000","$42,601.00 ",Dressage - Breeding ,
18608,Hanoverian,Gelding,4 years,"16,1 hh",Chestnut,Selsingen,"40,000","$42,601.00 ",Dressage ,
18609,Hanoverian,Gelding,4 years,"16,3 hh",Chestnut-Red,Selsingen,"40,000","$42,601.00 ",Dressage ,
18610,Hanoverian,Gelding,4 years,"16,3 hh",Brown,Selsingen,"40,000","$42,601.00 ",Dressage ,
18611,Hanoverian,Gelding,4 years,"16,1 hh",Black,Selsingen,"70,000","$74,552.00 ",Dressage ,
18612,Hanoverian,Gelding,4 years,"16,2 hh",Brown,Selsingen,"40,000","$42,601.00 ",Dressage ,
18613,Hanoverian,Mare,3 years,"16,1 hh",Chestnut-Red,Selsingen,"10,000","$10,650.00 ",Dressage ,
18614,Hanoverian,Mare,4 years,"16,1 hh",Black,Selsingen,"10,000","$10,650.00 ",Dressage ,
18615,Hanoverian,Stallion,3 years,"16,2 hh",N/A,Selsingen,"6,000","$6,390.00 ",Dressage ,
18616,Hanoverian,Gelding,4 years,"16,1 hh",Chestnut,Selsingen,"10,000","$10,650.00 ",Dressage ,
18617,Hanoverian,Gelding,5 years,"16,3 hh",Black,Selsingen,"20,000","$21,301.00 ",Dressage ,
18618,Arabian Partbred,Mare,3 years,16 hh,Pinto,Bad Oldesloe,"7,000","$7,455.00 ",Leisure - Breeding - Hunter - Dressage ,
18619,Hanoverian,Gelding,15 years,"16,1 hh",Bay,Gesves,"15,000","$15,975.00 ",Jumping - Leisure - Dressage ,
18620,Noriker,Mare,3 years,N/A,N/A,Selent,"2,150","$2,290.00 ",Leisure ,
18621,Appaloosa,Gelding,7 years,"14,3 hh",Roan-Red,Victoria TX,N/A,"$3,500.00 ",Trail - Versatility Ranch Horse ,
18622,American Quarter Horse,Gelding,9 years,N/A,N/A,Paicines CA,N/A,"$3,500.00 ",Trail - Versatility Ranch Horse ,
18623,Appaloosa,Gelding,15 years,14 hh,White,Canton TX,N/A,"$3,500.00 ",Trail - Versatility Ranch Horse ,
18624,American Quarter Horse,Gelding,6 years,"15,1 hh",Bay,Stephenville TX,N/A,"$3,500.00 ",Trail - Versatility Ranch Horse ,
18625,American Quarter Horse,Gelding,11 years,"14,2 hh",Buckskin,Everett PA,N/A,"$3,500.00 ",Trail - Versatility Ranch Horse ,
18626,Gypsy Horse,Gelding,6 years,14 hh,Tobiano-all-colors,Dundee OH,N/A,"$3,500.00 ",Trail - Show ,
18627,Paint Horse,Gelding,9 years,"13,3 hh",Tobiano-all-colors,Everett PA,N/A,"$3,499.00 ",Trail - Versatility Ranch Horse ,
18628,American Quarter Horse,Gelding,9 years,"13,3 hh",Tobiano-all-colors,Everett PA,N/A,"$3,500.00 ",Trail - Versatility Ranch Horse ,
18629,American Quarter Horse,Gelding,14 years,"15,2 hh",Dun,Canton TX,N/A,"$3,500.00 ",Trail - Versatility Ranch Horse ,
18630,Draft Horse,Gelding,7 years,"16,3 hh",Roan-Bay,Shipshewana IN,N/A,"$3,500.00 ",Trail - Versatility Ranch Horse ,
18631,Percheron,Gelding,7 years,"16,3 hh",Roan-Bay,Shipshewana IN,N/A,"$3,500.00 ",Trail - Versatility Ranch Horse ,
18632,American Quarter Horse,Gelding,10 years,"15,1 hh",Gray-Dapple,White Bluff TN,N/A,"$3,500.00 ",Trail - Versatility Ranch Horse ,
18633,American Quarter Horse,Mare,15 years,"14,2 hh",Cremello,Nunn Co,N/A,"$3,500.00 ",Trail - Versatility Ranch Horse ,
18634,Mule,Gelding,15 years,N/A,N/A,Everett PA,N/A,"$3,500.00 ",Trail - Versatility Ranch Horse ,
18635,Tennessee walking horse,Gelding,16 years,"15,2 hh",Roan-Bay,Salt Lick KY,N/A,"$3,500.00 ",Trail - Versatility Ranch Horse ,
18636,Kentucky Mountain Saddle Horse,Gelding,16 years,N/A,N/A,Salt Lick Ky,N/A,"$3,500.00 ",Versatility Ranch Horse - Trail ,
18637,Lusitano Mix,Gelding,10 years,"16,2 hh",Gray,GIJION,"15,000","$15,975.00 ",Dressage - Leisure ,
18638,Paint Horse,Gelding,2 years,"14,2 hh",Brown,Hellenthal,"4,950","$5,272.00 ",Reining - Western - Leisure,
18639,KWPN,Gelding,6 years,18 hh,Bay-Dark,Mengeš,N/A,N/A,Jumping ,
18640,American Quarter Horse,Gelding,6 years,15 hh,Roan-Red,Mount Vernon,N/A,"$12,500.00 ",Versatility Ranch Horse - Trail ,
18641,American Quarter Horse,Gelding,13 years,"15,2 hh",Dun,Mount Vernon,N/A,"$15,000.00 ",Versatility Ranch Horse - Trail ,
18642,Draft Horse,Gelding,12 years,N/A,N/A,Mount Vernon,N/A,"$25,000.00 ",Versatility Ranch Horse - Trail ,
18643,American Quarter Horse,Gelding,12 years,"16,1 hh",Buckskin,Mount Vernon,N/A,"$25,000.00 ",Versatility Ranch Horse - Trail ,
18644,Percheron,Gelding,7 years,16 hh,Black,Mount Vernon,N/A,"$27,500.00 ",Versatility Ranch Horse - Trail ,
18645,American Quarter Horse,Gelding,7 years,16 hh,Black,Mount Vernon,N/A,"$27,500.00 ",Versatility Ranch Horse - Trail ,
18646,Paint Horse,Gelding,7 years,"14,2 hh",Bay,"Woodburn, KY",N/A,N/A,Trail - Cowhorse ,
18647,American Quarter Horse,Gelding,13 years,"14,3 hh",Roan-Bay,Mount Vernon,N/A,"$15,000.00 ",Versatility Ranch Horse - Trail ,
18648,American Quarter Horse,Gelding,11 years,15 hh,Roan-Bay,Mount Vernon,N/A,"$15,000.00 ",Versatility Ranch Horse - Trail ,
18649,American Quarter Horse,Gelding,13 years,"15,1 hh",Dun,Somerset,N/A,"$3,500.00 ",Trail - Versatility Ranch Horse ,
18650,American Quarter Horse,Gelding,13 years,N/A,N/A,Somerset,N/A,"$3,500.00 ",Trail - Versatility Ranch Horse ,
18651,American Quarter Horse,Gelding,9 years,"15,1 hh",Gray-Dapple,Somerset,N/A,"$3,500.00 ",Trail - Versatility Ranch Horse ,
18652,American Quarter Horse,Gelding,9 years,"15,1 hh",Gray-Dapple,Somerset,N/A,"$3,500.00 ",Trail - Versatility Ranch Horse ,
18653,PRE Mix,Stallion,5 years,"16,2 hh",Bay-Dark,Rafelguaraf,"28,000","$29,821.00 ",Dressage ,
18654,PRE Mix,Stallion,6 years,16 hh,Gray-Dapple,Martfeld,"40,000","$42,601.00 ",Dressage - Show - Baroque - Leisure ,
18655,PRE,Mare,3 years,16 hh,Gray,Menorca,N/A,N/A,Dressage - Working Equitation - Baroque - Eventing ,
18656,Friesian horses,Gelding,7 years,"16,2 hh",Black,"Howell, MI",N/A,"$3,500.00 ",Versatility Ranch Horse - Trail - Jumping ,
18657,Friesian horses,Gelding,7 years,"16,2 hh",Black,"Howell, MI",N/A,"$3,500.00 ",Versatility Ranch Horse - Trail - Jumping ,
18658,Percheron,Gelding,7 years,"16,2 hh",Black,"Howell, MI",N/A,"$3,500.00 ",Versatility Ranch Horse - Trail - Jumping ,
18659,Quarter Pony,Gelding,14 years,12 hh,Bay,"Caldwell, ID",N/A,"$3,500.00 ",Trail - Versatility Ranch Horse ,
18660,American Quarter Horse,Gelding,14 years,12 hh,Bay,"Caldwell, ID",N/A,"$3,500.00 ",Trail - Versatility Ranch Horse ,
18661,Quarter Pony,Gelding,7 years,"9,3 hh",Roan-Red,"Huntland, TN",N/A,"$3,500.00 ",Trail - Versatility Ranch Horse ,
18662,American Quarter Horse,Gelding,7 years,"9,3 hh",Roan-Red,"Huntland, TN",N/A,"$3,500.00 ",Trail - Versatility Ranch Horse ,
18663,Andalusian,Mare,12 years,"15,2 hh",White,"Oelwein, IA",N/A,"$3,500.00 ",Versatility Ranch Horse - Trail - Driving ,
18664,American Quarter Horse,Mare,7 years,14 hh,Chestnut,"Everett, PA",N/A,"$3,500.00 ",Trail - Versatility Ranch Horse ,
18665,Mule,Mare,7 years,14 hh,Chestnut,"Everett, PA",N/A,"$3,500.00 ",Trail - Versatility Ranch Horse ,
18666,American Quarter Horse,Gelding,16 years,14 hh,Buckskin,"Weatherford, TX",N/A,"$3,500.00 ",Trail - Versatility Ranch Horse ,
18667,American Quarter Horse,Gelding,11 years,15 hh,Black,"Paicines, CA",N/A,"$3,500.00 ",Versatility Ranch Horse - Trail ,
18668,American Quarter Horse,Gelding,12 years,"15,2 hh",Chestnut,"Breckenridge, TX",N/A,"$3,500.00 ",Trail - Versatility Ranch Horse ,
18669,American Quarter Horse,Gelding,15 years,N/A,N/A,"Breckenridge, TX",N/A,"$3,500.00 ",Trail - Versatility Ranch Horse ,
18670,Missouri Foxtrotter,Gelding,14 years,"15,2 hh",Black,"Weatherford, TX",N/A,"$3,500.00 ",Trail - Versatility Ranch Horse ,
18671,Tennessee walking horse,Gelding,14 years,N/A,N/A,"Weatherford, TX",N/A,"$3,500.00 ",Trail - Versatility Ranch Horse ,
18672,Percheron,Gelding,7 years,N/A,N/A,"Howell, MI",N/A,"$3,500.00 ",Versatility Ranch Horse - Trail - Jumping ,
18673,American Quarter Horse,Gelding,7 years,"16,1 hh",Bay,"Howell, MI",N/A,"$3,500.00 ",Versatility Ranch Horse - Trail - Jumping ,
18674,Gypsy Horse,Gelding,9 years,N/A,N/A,"Windom, MN",N/A,"$3,500.00 ",Versatility Ranch Horse - Trail ,
18675,American Quarter Horse,Gelding,6 years,15 hh,Bay,"Greenville, KY",N/A,"$3,500.00 ",Trail - Versatility Ranch Horse ,
18676,American Quarter Horse,Gelding,12 years,N/A,N/A,"Graham, TX",N/A,"$3,500.00 ",Trail - Versatility Ranch Horse ,
18677,American Quarter Horse,Gelding,8 years,15 hh,Buckskin,"Millersburg, OH",N/A,"$3,500.00 ",Versatility Ranch Horse - Trail ,
18678,American Quarter Horse,Gelding,8 years,15 hh,Buckskin,"Millersburg, OH",N/A,"$3,500.00 ",Versatility Ranch Horse - Trail ,
18679,Haflinger,Stallion,2 years,N/A,N/A,Königsee OT Rottenbach,"5,000","$5,325.00 ",Dressage - Jumping - Leisure - Driving ,
18680,PRE,Mare,6 years,"15,2 hh",Brown Falb mold,Tabernas Almeria,"10,000","$10,650.00 ",Dressage - Baroque ,
18681,Andalusian,Mare,3 years,16 hh,Gray,Menorca,N/A,N/A,Dressage - Working Equitation - Baroque - Eventing ,
18682,German Sport Horse,Stallion,2 years,N/A,N/A,Bad König,"10,000","$10,650.00 ",Jumping ,
18683,Andalusian,Mare,2 years,"15,2 hh",Can be white,Tabernas Almeria,"5,000","$5,325.00 ",Dressage - Working Equitation ,
18684,German Sport Horse,Gelding,9 years,"16,1 hh",Brown,Insel Poel,"30,000","$31,951.00 ",Jumping ,
18685,American Quarter Horse,Gelding,18 years,N/A,N/A,Canton TX,N/A,"$3,500.00 ",Trail - Western ,
18686,American Quarter Horse,Gelding,11 years,"15,1 hh",Bay,Weatherford Tx,N/A,"$3,499.00 ",Trail - Versatility Ranch Horse ,
18687,Percheron,Gelding,16 years,"16,3 hh",Black,Weatherford TX,N/A,"$3,500.00 ",Trail - Versatility Ranch Horse ,
18688,American Quarter Horse,Gelding,8 years,"14,3 hh",Bay,Bitterwater CA,N/A,"$3,500.00 ",Trail - Versatility Ranch Horse ,
18689,Paint Horse,Gelding,7 years,N/A,N/A,Breckenridge TX,N/A,"$3,499.00 ",Trail - Versatility Ranch Horse ,
18690,American Quarter Horse,Gelding,7 years,"15,2 hh",Tobiano-all-colors,Breckenridge TX,N/A,"$3,499.00 ",Trail - Versatility Ranch Horse ,
18691,Paint Horse,Gelding,10 years,N/A,N/A,Ravenna Tx,N/A,"$3,500.00 ",Trail - Versatility Ranch Horse ,
18692,American Quarter Horse,Gelding,10 years,"14,1 hh",Chestnut,Ravenna Tx,N/A,"$3,500.00 ",Trail - Versatility Ranch Horse ,
18693,Shire Horse,Gelding,13 years,18 hh,White,Ewing TX,N/A,"$3,500.00 ",Trail - Driving ,
18694,American Quarter Horse,Gelding,14 years,"15,1 hh",Chestnut,Rusk Tx,N/A,"$3,500.00 ",Trail - Versatility Ranch Horse ,
18695,American Quarter Horse,Gelding,14 years,"15,1 hh",Chestnut,Rusk TX,N/A,"$3,499.00 ",Trail - Versatility Ranch Horse ,
18696,American Quarter Horse,Gelding,11 years,"15,2 hh",Palomino,SANTA Fe TN,N/A,"$3,500.00 ",Trail - Versatility Ranch Horse ,
18697,American Quarter Horse,Gelding,7 years,"15,2 hh",Gray,Carthage,N/A,N/A,Versatility Ranch Horse - Trail - Cowhorse - Western ,
18698,German Riding Pony Mix,Gelding,3 years,"13,3 hh",Cremello,Erlensee,"3,800","$4,047.00 ",Dressage - Jumping,
18699,American Quarter Horse,Gelding,10 years,N/A,N/A,Moutain Grove MO,N/A,"$3,500.00 ",Trail - Versatility Ranch Horse ,
18700,American Quarter Horse,Gelding,11 years,"14,3 hh",Roan-Bay,Sonora KY,N/A,"$3,500.00 ",Trail - Versatility Ranch Horse ,
18701,Appaloosa,Gelding,14 years,15 hh,Roan-Red,Greenville KY,N/A,"$3,500.00 ",Trail - Versatility Ranch Horse ,
18702,American Quarter Horse,Gelding,14 years,15 hh,Roan-Red,Greenville KY,N/A,"$3,500.00 ",Trail - Versatility Ranch Horse ,
18703,American Quarter Horse,Gelding,14 years,"15,1 hh",Buckskin,North Judson IN,N/A,"$3,500.00 ",Trail - Versatility Ranch Horse ,
18704,American Quarter Horse,Mare,12 years,13 hh,Palomino,Weatherford TX,N/A,"$3,500.00 ",Trail - Versatility Ranch Horse ,
18705,American Quarter Horse,Mare,7 years,"14,3 hh",Gray-Dapple,Carlisle KY,N/A,"$3,500.00 ",Trail - Versatility Ranch Horse ,
18706,Draft Horse,Gelding,13 years,18 hh,White,Ewing KY,N/A,"$3,500.00 ",Trail - Versatility Ranch Horse ,
18707,Shire Horse,Gelding,13 years,18 hh,White,Ewing KY,N/A,"$3,500.00 ",Trail - Versatility Ranch Horse ,
18708,American Quarter Horse,Gelding,10 years,N/A,N/A,Breckenridge TX,N/A,"$3,500.00 ",Trail - Versatility Ranch Horse ,
18709,American Quarter Horse,Gelding,11 years,"15,2 hh",Gray,Howell MI,N/A,"$3,499.00 ",Trail - Versatility Ranch Horse ,
18710,Draft Horse,Gelding,10 years,16 hh,Chestnut,Cherryville NC,N/A,"$3,500.00 ",Trail - Versatility Ranch Horse ,
18711,Paint Horse,Gelding,10 years,16 hh,Tobiano-all-colors,Cherryville NC,N/A,"$3,500.00 ",Trail - Versatility Ranch Horse ,
18712,Appaloosa,Gelding,5 years,16 hh,Leopard-Piebald,Gallzein,"6,000","$6,390.00 ",Leisure ,
18713,American Quarter Horse,Gelding,10 years,16 hh,Chestnut,Cherryville NC,N/A,"$3,500.00 ",Trail - Versatility Ranch Horse ,
18714,American Quarter Horse,Gelding,6 years,"14,1 hh",Roan-Red,Millerstown PA,N/A,"$3,500.00 ",Trail - Versatility Ranch Horse ,
18715,Mule,Mare,11 years,15 hh,Bay,Van Horne IA,N/A,"$3,500.00 ",Trail - Versatility Ranch Horse ,
18716,Missouri Foxtrotter,Gelding,11 years,N/A,N/A,sanora Ky,N/A,"$3,500.00 ",Trail - Gaited ,
18717,Tennessee walking horse,Gelding,11 years,N/A,N/A,Sanora KY,N/A,"$3,500.00 ",Versatility Ranch Horse - Trail ,
18718,PRE,Stallion,9 years,17 hh,N/A,El Catllar,"15,000","$15,975.00 ",Mating - Baroque ,
18719,Connemara,Gelding,12 years,"14,2 hh",Gray-Dark-Tan,Süderlügum,"15,000","$15,975.00 ",Jumping - Hunting - Dressage ,
18720,KWPN,Mare,7 years,"16,2 hh",Chestnut,radziejów,N/A,"$1,619.00 ",Jumping - Eventing - Leisure ,
18721,German Riding Pony,Mare,8 years,"14,2 hh",Chestnut-Red,Neunkirchen,"40,000","$42,601.00 ",Dressage ,
18722,Other Warmbloods,Gelding,11 years,16 hh,Brown,Elze Esbeck,"5,000","$5,325.00 ",Leisure - Hunting - Jumping - Dressage ,
18723,Paint Horse,Stallion,2 years,"15,1 hh",Pinto,Buchbach,"7,550","$8,041.00 ",Western - Western allround - Cowhorse - Reining ,
18724,Thoroughbred,Gelding,5 years,"15,2 hh",Brown,Meerdonk,"5,000","$5,325.00 ",Leisure - Endurance - Eventing - Racing horses ,
18725,PRE Mix,Stallion,13 years,"16,1 hh",Bay,NAVAS DEL MADRONO,"100,000","$106,503.00 ",Dressage ,
18726,Hanoverian,Gelding,2 years,"16,2 hh",Chestnut,Ochtersum,"6,000","$6,390.00 ",Dressage - Jumping - Leisure ,
18727,Hanoverian,Mare,2 years,"16,2 hh",Brown,Ochtersum,"6,500","$6,923.00 ",Dressage - Breeding - Jumping - Leisure,
18728,Oldenburg,Mare,2 years,"16,2 hh",Smoky-Black,Emmerthal,N/A,N/A,Dressage - Breeding,
18729,Icelandic Horse,Gelding,16 years,"13,2 hh",Dun,Euskirchen,"9,000","$9,585.00 ",Leisure - Gaited ,
18730,PRE Mix,Stallion,7 years,16 hh,Bay,NAVAS DEL MADRONO,"40,000","$42,601.00 ",Dressage ,
18731,Belgian Warmblood,Gelding,9 years,"15,3 hh",Black,Howell,N/A,"$3,500.00 ",Versatility Ranch Horse - Trail ,
18732,Friesian horses,Gelding,9 years,"15,3 hh",Black,Howell,N/A,"$3,500.00 ",Versatility Ranch Horse - Trail - Jumping ,
18733,American Quarter Horse,Gelding,16 years,15 hh,Gray,"Coldspring, TX",N/A,"$3,500.00 ",Trail - Versatility Ranch Horse ,
18734,Percheron,Gelding,14 years,"18,1 hh",Black,"Weatherford, TX",N/A,"$3,500.00 ",Trail - Versatility Ranch Horse ,
18735,Haflinger,Gelding,11 years,"14,3 hh",Chestnut,"Paicines, CA",N/A,"$3,500.00 ",Versatility Ranch Horse - Trail ,
18736,American Quarter Horse,Gelding,11 years,"14,3 hh",Chestnut,"Paicine, CA",N/A,"$3,500.00 ",Trail - Versatility Ranch Horse ,
18737,Percheron,Gelding,8 years,"16,1 hh",Black,"Jacksboro, TX",N/A,"$3,500.00 ",Trail - Versatility Ranch Horse ,
18738,American Quarter Horse,Gelding,14 years,"16,1 hh",Buckskin,"Benson, AZ",N/A,"$3,500.00 ",Trail - Versatility Ranch Horse ,
18739,American Quarter Horse,Gelding,14 years,15 hh,Palomino,"Weatherford, TX",N/A,"$3,500.00 ",Versatility Ranch Horse - Trail ,
18740,Paint Horse,Gelding,15 years,N/A,N/A,"Weatherford, TX",N/A,"$3,500.00 ",Trail - Versatility Ranch Horse ,
18741,American Quarter Horse,Gelding,15 years,N/A,N/A,"Weatherford, TX",N/A,"$3,500.00 ",Trail - Versatility Ranch Horse ,
18742,Appaloosa,Gelding,7 years,N/A,N/A,"Weatherford, TX",N/A,"$3,500.00 ",Versatility Ranch Horse - Trail ,
18743,American Quarter Horse,Gelding,7 years,N/A,N/A,"Weatherford, TX",N/A,"$3,500.00 ",Versatility Ranch Horse - Trail ,
18744,American Quarter Horse,Gelding,7 years,N/A,N/A,"Caldwell, ID",N/A,"$3,500.00 ",Versatility Ranch Horse - Trail ,
18745,American Quarter Horse,Gelding,14 years,N/A,N/A,"Greenville, KY",N/A,"$3,500.00 ",Versatility Ranch Horse - Trail ,
18746,Percheron,Gelding,9 years,N/A,N/A,"Flemingsburg, KY",N/A,"$3,500.00 ",Versatility Ranch Horse - Trail ,
18747,Friesian horses,Gelding,9 years,N/A,N/A,"Flemingsburg, KY",N/A,"$3,500.00 ",Versatility Ranch Horse - Trail ,
18748,Kentucky Mountain Saddle Horse,Gelding,13 years,N/A,N/A,"Everett, PA",N/A,"$3,500.00 ",Versatility Ranch Horse - Trail ,
18749,Missouri Foxtrotter,Gelding,13 years,N/A,N/A,"Everett, PA",N/A,"$3,500.00 ",Trail - Versatility Ranch Horse ,
18750,Tennessee walking horse,Gelding,13 years,N/A,N/A,"Everett, PA",N/A,"$3,500.00 ",Trail - Versatility Ranch Horse ,
18751,American Quarter Horse,Gelding,14 years,N/A,N/A,"Somerset, KY",N/A,"$3,500.00 ",Trail - Versatility Ranch Horse ,
18752,American Quarter Horse,Gelding,9 years,16 hh,Palomino,"Weatherford, TX",N/A,"$3,500.00 ",Versatility Ranch Horse - Trail ,
18753,American Quarter Horse,Gelding,14 years,N/A,N/A,"Mountain Grove, MO",N/A,"$3,500.00 ",Trail - Versatility Ranch Horse ,
18754,American Quarter Horse,Gelding,7 years,N/A,N/A,"Jackson, OH",N/A,"$3,500.00 ",Trail - Versatility Ranch Horse ,
18755,American Quarter Horse,Gelding,7 years,N/A,N/A,"Jackson, OH",N/A,"$3,500.00 ",Versatility Ranch Horse - Trail ,
18756,Hanoverian,Stallion,2 years,N/A,N/A,Wedemark,"6,500","$6,923.00 ",Jumping ,
18757,Hanoverian,Mare,6 years,"15,3 hh",Chestnut-Red,Wedemark,"9,800","$10,437.00 ",Dressage - Eventing ,
18758,Oldenburg,Gelding,2 years,N/A,N/A,Feldberger Seenlandschaft,N/A,N/A,Jumping,
18759,Lusitano,Stallion,8 years,17 hh,Gray,NAVAS DEL MADRONO,"100,000","$106,503.00 ",Dressage ,
18760,PRE,Stallion,11 years,16 hh,Bay-Dark,Puerto Lumbreras,"20,000","$21,301.00 ",Baroque - Show - Leisure - Dressage ,
18761,Fjord Horses,Mare,5 years,N/A,N/A,Liebstadt,N/A,N/A,Leisure - Breeding - Jumping - Dressage ,
18762,German Riding Pony,Gelding,10 years,"14,1 hh",Buckskin,Mücheln (Geiseltal),"15,000","$15,975.00 ",Dressage - Eventing - Jumping ,
18763,PRE Mix,Stallion,11 years,"15,2 hh",Gray-Dapple,Martfeld,"29,990","$31,940.00 ",Dressage - Show - Baroque - Mating ,
18764,PRE Mix,Stallion,8 years,16 hh,Gray-Dapple,Martfeld,"29,990","$31,940.00 ",Dressage - Show - Baroque - Leisure ,
18765,Spanish Sporthorse,Stallion,2 years,N/A,N/A,NAVAS DEL MADRONO,"5,000","$5,325.00 ",Dressage ,
18766,PRE Mix,Mare,5 years,"16,2 hh",Gray,NAVAS DEL MADRONO,"40,000","$42,601.00 ",Dressage ,
18767,Hanoverian,Mare,10 years,"16,1 hh",Chestnut,Lengenfeld unterm Stein,N/A,N/A,Jumping - Breeding - Leisure ,
18768,American Quarter Horse,Mare,2 years,15 hh,Roan-Blue,Langenbach,"12,500","$13,313.00 ",Western - Versatility Ranch Horse - Cowhorse - Reining ,
18769,Arabian horses,Gelding,5 years,"14,3 hh",Smoky-Black,Mulheim,"3,900","$4,154.00 ",Endurance - English Pleasure - Leisure - Dressage ,
18770,Appaloosa,Gelding,15 years,"14,3 hh",Chestnut,Bitterwater CA,N/A,"$3,500.00 ",Trail - Versatility Ranch Horse ,
18771,American Quarter Horse,Gelding,15 years,"14,3 hh",Chestnut,Bitterwater CA,N/A,"$3,500.00 ",Trail - Versatility Ranch Horse ,
18772,American Quarter Horse,Gelding,12 years,15 hh,Dun,Rusk TX,N/A,"$3,500.00 ",Trail - Versatility Ranch Horse ,
18773,American Quarter Horse,Gelding,6 years,"15,2 hh",Black,Woodstock IL,N/A,"$3,500.00 ",Trail - Versatility Ranch Horse ,
18774,American Quarter Horse,Gelding,10 years,"14,2 hh",Bay,Stephenville Tx,N/A,"$3,500.00 ",Versatility Ranch Horse - Trail ,
18775,Percheron,Gelding,10 years,"15,2 hh",Bay,Casa Grande AZ,N/A,"$3,500.00 ",Versatility Ranch Horse - Trail ,
18776,American Quarter Horse,Gelding,10 years,"15,2 hh",Bay,Case Grande Az,N/A,"$3,500.00 ",Trail - Versatility Ranch Horse ,
18777,American Quarter Horse,Gelding,6 years,"15,1 hh",Palomino,"Somerset, KY",N/A,"$3,500.00 ",Trail - Versatility Ranch Horse ,
18778,Draft Horse,Gelding,7 years,16 hh,Buckskin,Santa Fe TN,N/A,"$3,500.00 ",Trail - Versatility Ranch Horse ,
18779,American Quarter Horse,Gelding,7 years,16 hh,Buckskin,Santa Fe TX,N/A,"$3,500.00 ",Trail - Versatility Ranch Horse ,
18780,PRE Mix,Stallion,5 years,N/A,N/A,MADRID,"15,000","$15,975.00 ",Dressage - Leisure ,
18781,Mule,Mare,12 years,"15,2 hh",Chestnut,Somerset Ky,N/A,"$3,500.00 ",Trail - Versatility Ranch Horse ,
18782,American Quarter Horse,Mare,12 years,N/A,N/A,Somerset Ky,N/A,"$3,500.00 ",Trail - Versatility Ranch Horse ,
18783,PRE Mix,Stallion,5 years,"15,1 hh",Bay,Bilbao,"10,000","$10,650.00 ",Dressage - Leisure ,
18784,Percheron,Gelding,9 years,17 hh,Black,Everett PA,N/A,"$3,500.00 ",Versatility Ranch Horse - Trail ,
18785,Friesian horses,Gelding,9 years,17 hh,Black,Everett PA,N/A,"$3,500.00 ",Trail - Driving ,
18786,American Quarter Horse,Gelding,9 years,17 hh,Black,Everett PA,N/A,"$3,500.00 ",Trail - Jumping ,
18787,Fjord Horses,Gelding,7 years,14 hh,Palomino,Howell MI,N/A,"$3,500.00 ",Trail - Versatility Ranch Horse ,
18788,Belgian Draft,Gelding,17 years,N/A,N/A,Huntsville TX,N/A,"$3,500.00 ",Trail - Versatility Ranch Horse ,
18789,American Quarter Horse,Gelding,17 years,"17,1 hh",Roan-Red,Huntsville TX,N/A,"$3,500.00 ",Trail - Versatility Ranch Horse ,
18790,American Quarter Horse,Gelding,11 years,"15,3 hh",Bay,Flemingsburg KY,N/A,"$3,500.00 ",Versatility Ranch Horse - Trail ,
18791,Gypsy Horse,Gelding,7 years,"12,1 hh",Bay,Howell MI,N/A,"$3,500.00 ",Trail - Versatility Ranch Horse ,
18792,Draft Horse,Gelding,15 years,"15,2 hh",Tobiano-all-colors,Weatherford TX,N/A,"$3,500.00 ",Trail - Versatility Ranch Horse ,
18793,American Quarter Horse,Gelding,15 years,N/A,N/A,"Weatherford, TX",N/A,"$3,500.00 ",Trail - Versatility Ranch Horse ,
18794,American Quarter Horse,Gelding,6 years,"14,3 hh",Roan-Blue,Weatherford TX,N/A,"$3,500.00 ",Trail - Versatility Ranch Horse ,
18795,Tennessee walking horse,Gelding,10 years,"15,1 hh",Bay,"Yosemite, KY",N/A,"$3,500.00 ",Trail - Versatility Ranch Horse ,
18796,Missouri Foxtrotter,Gelding,10 years,"15,1 hh",Bay,"Yosemite, KY",N/A,"$3,500.00 ",Trail - Versatility Ranch Horse ,
18797,Welsh A (Mountain Pony),Gelding,13 years,13 hh,Gray,Woodstock IL,N/A,"$3,500.00 ",Trail - Driving ,
18798,American Quarter Horse,Mare,13 years,14 hh,Buckskin,Mt Hope AL,N/A,"$3,500.00 ",Versatility Ranch Horse - Trail ,
18799,PRE,Mare,6 years,"16,1 hh",Gray,Villanueva de la concepcion,"15,000","$15,975.00 ",Dressage ,
18800,Hanoverian,Mare,4 years,N/A,N/A,Wedemark,"8,500","$9,053.00 ",Jumping ,
18801,Hanoverian,Mare,4 years,N/A,N/A,Wedemark,"8,500","$9,053.00 ",Jumping - Eventing ,
18802,Arabian horses,Mare,17 years,"15,1 hh",Chestnut,Kisbér,"5,000","$5,325.00 ",Breeding - Leisure ,
18803,Oldenburg,Stallion,2 years,"16,2 hh",Brown,Damme,"10,000","$10,650.00 ",Dressage - Jumping ,
18804,PRE Mix,Stallion,3 years,"16,1 hh",Gray,NAVAS DEL MADRONO,"15,000","$15,975.00 ",Dressage ,
18805,Haflinger,Gelding,10 years,"14,1 hh",Roan-Blue,Mount Vernon,N/A,"$15,000.00 ",Trail - Versatility Ranch Horse,
18806,Draft Horse,Gelding,10 years,"14,1 hh",Roan-Blue,Mount Vernon,N/A,"$15,000.00 ",Trail - Versatility Ranch Horse,
18807,American Quarter Horse,Gelding,10 years,"14,1 hh",Roan-Blue,Mount Vernon,N/A,"$15,000.00 ",Trail - Versatility Ranch Horse,
18808,American Quarter Horse,Gelding,9 years,16 hh,Gray,Mount Vernon,N/A,"$15,000.00 ",Trail - Versatility Ranch Horse ,
18809,American Quarter Horse,Gelding,10 years,15 hh,Chestnut,Mount Vernon,N/A,"$15,000.00 ",Trail - Versatility Ranch Horse ,
18810,Appaloosa,Gelding,10 years,15 hh,Chestnut,Mount Vernon,N/A,"$15,000.00 ",Trail - Versatility Ranch Horse ,
18811,American Quarter Horse,Gelding,7 years,16 hh,Roan-Blue,Mount Vernon,N/A,"$30,000.00 ",Versatility Ranch Horse - Trail ,
18812,Draft Horse,Gelding,7 years,16 hh,Roan-Blue,Mount Vernon,N/A,"$30,000.00 ",Versatility Ranch Horse - Trail ,
18813,Gypsy Horse,Gelding,7 years,15 hh,Bay,Mount Vernon,N/A,"$25,000.00 ",Versatility Ranch Horse - Trail ,
18814,Trakehner,Mare,7 years,"15,2 hh",Smoky-Black,Aytos,"5,000","$5,325.00 ",Leisure - Breeding - Eventing - Dressage ,
18815,German Riding Horse,Stallion,2 years,N/A,N/A,Neuenkirchen-Vörden,"10,000","$10,650.00 ",Dressage ,
18816,Austrian Warmblood,Stallion,2 years,N/A,N/A,Hopfgarten,"7,000","$7,455.00 ",Dressage - Leisure ,
18817,Oldenburg,Mare,2 years,N/A,N/A,Niezabyszewo,"14,000","$14,910.00 ",Dressage ,
18818,Hanoverian,Mare,12 years,"16,2 hh",Brown,Selsingen,"5,000","$5,325.00 ",Breeding - Leisure - Dressage ,
18819,Hanoverian,Gelding,4 years,"17,1 hh",Brown,Selsingen,"6,000","$6,390.00 ",Dressage ,
18820,Hanoverian,Gelding,3 years,"16,1 hh",Brown,Selsingen,"6,000","$6,390.00 ",Dressage ,
18821,Hanoverian,Mare,4 years,16 hh,Brown,Selsingen,"10,000","$10,650.00 ",Dressage - Breeding ,
18822,Hanoverian,Gelding,3 years,17 hh,Brown,Selsingen,"15,000","$15,975.00 ",Dressage ,
18823,Hanoverian,Gelding,5 years,"16,1 hh",Brown,Selsingen,"70,000","$74,552.00 ",Dressage ,
18824,Hanoverian,Gelding,5 years,"16,1 hh",Chestnut,Selsingen,"70,000","$74,552.00 ",Dressage ,
18825,Hanoverian,Gelding,3 years,"15,2 hh",Bay-Dark,Selsingen,"5,000","$5,325.00 ",Jumping - Leisure ,
18826,PRE Mix,Stallion,8 years,16 hh,Chestnut-Red,Martfeld,"45,000","$47,926.00 ",Dressage - Show - Baroque - Leisure ,
18827,Hanoverian,Gelding,3 years,"16,2 hh",Black,Selsingen,"10,000","$10,650.00 ",Dressage ,
18828,Hanoverian,Gelding,3 years,"16,3 hh",Black,Selsingen,"10,000","$10,650.00 ",Dressage ,
18829,Hanoverian,Gelding,4 years,"16,1 hh",Bay-Dark,Selsingen,"6,000","$6,390.00 ",Dressage ,
18830,Hanoverian,Gelding,6 years,"16,1 hh",Brown,Selsingen,"40,000","$42,601.00 ",Dressage ,
18831,Hanoverian,Mare,8 years,"16,2 hh",Chestnut-Red,Selsingen,"20,000","$21,301.00 ",Dressage - Breeding - Leisure ,
18832,Hanoverian,Stallion,3 years,"16,2 hh",Black,Selsingen,"10,000","$10,650.00 ",Dressage ,
18833,Hanoverian,Mare,3 years,"15,3 hh",Brown,Selsingen,"10,000","$10,650.00 ",Dressage - Breeding - Leisure ,
18834,Hanoverian,Mare,4 years,"16,2 hh",Black,Selsingen,"10,000","$10,650.00 ",Dressage - Breeding ,
18835,Hanoverian,Gelding,5 years,"16,1 hh",Bay-Dark,Selsingen,"20,000","$21,301.00 ",Dressage ,
18836,German Riding Pony,Gelding,4 years,"14,2 hh",Chestnut-Red,Selsingen,"10,000","$10,650.00 ",Dressage - Leisure - Driving ,
18837,Welsh B,Gelding,7 years,"10,2 hh",Gray,Selsingen,"5,000","$5,325.00 ",Leisure - Driving ,
18838,PRE Mix,Gelding,6 years,"16,2 hh",Gray,Sevilla,"40,000","$42,601.00 ",Dressage - Leisure ,
18839,Appaloosa,Gelding,10 years,"14,3 hh",Chestnut,Lincoln CA,N/A,"$3,500.00 ",Trail - Versatility Ranch Horse ,
18840,American Quarter Horse,Gelding,10 years,"14,3 hh",White,Lincoln CA,N/A,"$3,500.00 ",Trail - Versatility Ranch Horse ,
18841,American Quarter Horse,Gelding,13 years,"14,3 hh",Palomino,Paicines CA,N/A,"$3,500.00 ",Trail - Versatility Ranch Horse ,
18842,American Quarter Horse,Gelding,14 years,15 hh,Roan-Bay,Rusk TX,N/A,"$3,500.00 ",Trail - Versatility Ranch Horse ,
18843,American Quarter Horse,Gelding,14 years,"15,1 hh",Palomino,Bitterwater CA,N/A,"$3,500.00 ",Trail - Versatility Ranch Horse ,
18844,American Quarter Horse,Gelding,16 years,"15,1 hh",Roan-Bay,Rusk TX,N/A,"$3,500.00 ",Trail - Versatility Ranch Horse ,
18845,American Quarter Horse,Gelding,8 years,16 hh,Bay,Stephenville TX,N/A,"$3,500.00 ",Trail - Versatility Ranch Horse ,
18846,American Quarter Horse,Gelding,9 years,N/A,N/A,Caldwell ID,N/A,"$3,500.00 ",Trail - Versatility Ranch Horse ,
18847,American Quarter Horse,Gelding,12 years,N/A,N/A,"Somerset, Ky",N/A,"$3,500.00 ",Trail - Versatility Ranch Horse ,
18848,American Quarter Horse,Gelding,12 years,"15,1 hh",Roan-Red,"Somerset, KY",N/A,"$3,500.00 ",Trail - Versatility Ranch Horse ,
18849,American Quarter Horse,Gelding,6 years,"15,2 hh",Palomino,Middletown OH,N/A,"$3,500.00 ",Trail - Versatility Ranch Horse ,
18850,Other Warmbloods,Gelding,8 years,"16,2 hh",Grullo,"Howell ,MI",N/A,"$3,500.00 ",Trail - Versatility Ranch Horse ,
18851,Draft Horse,Gelding,8 years,"16,2 hh",Grullo,Howell MI,N/A,"$3,499.00 ",Trail - Versatility Ranch Horse ,
18852,American Quarter Horse,Gelding,8 years,N/A,N/A,"Howell, MI",N/A,"$3,500.00 ",Trail - Versatility Ranch Horse ,
18853,American Quarter Horse,Gelding,7 years,"15,1 hh",Roan-Blue,"Somerset, KY",N/A,"$3,500.00 ",Trail - Versatility Ranch Horse ,
18854,Draft Horse,Gelding,6 years,N/A,N/A,Jacksboro TX,N/A,"$3,500.00 ",Trail - Versatility Ranch Horse ,
18855,American Quarter Horse,Gelding,6 years,"15,3 hh",Bay,Jacksboro TX,N/A,"$3,500.00 ",Trail - Versatility Ranch Horse ,
18856,Friesian horses,Gelding,6 years,15 hh,Black,Cherryville NC,N/A,"$3,500.00 ",Trail - Versatility Ranch Horse ,
18857,American Quarter Horse,Gelding,6 years,15 hh,Black,Cherryville NC,N/A,"$3,500.00 ",Trail - Versatility Ranch Horse ,
18858,American Quarter Horse,Gelding,9 years,15 hh,Chestnut,Sandston VA,N/A,"$3,500.00 ",Trail - Versatility Ranch Horse ,
18859,Gypsy Horse,Gelding,13 years,N/A,N/A,"St chales, IA",N/A,"$3,500.00 ",Trail - Versatility Ranch Horse ,
18860,Draft Horse,Gelding,5 years,17 hh,Palomino,Shipshewana IN,N/A,"$3,500.00 ",Trail - Versatility Ranch Horse ,
18861,American Quarter Horse,Gelding,5 years,17 hh,Palomino,Shipshewana IN,N/A,"$3,500.00 ",Trail - Versatility Ranch Horse ,
18862,American Quarter Horse,Gelding,3 years,"14,3 hh",Buckskin,Greenville KY,N/A,"$3,500.00 ",Trail - Versatility Ranch Horse ,
18863,Oldenburg,Stallion,2 years,N/A,N/A,Bremen,"5,500","$5,858.00 ",Jumping,
18864,Pony of the Americas,Gelding,18 years,"12,1 hh",Tobiano-all-colors,Coatesville PA,N/A,"$3,500.00 ",Trail - Versatility Ranch Horse ,
18865,American Quarter Horse,Gelding,18 years,"12,1 hh",Tobiano-all-colors,Coatesville PA,N/A,"$3,500.00 ",Trail - Versatility Ranch Horse ,
18866,PRE Mix,Mare,6 years,16 hh,Gray,NAVAS DEL MADRONO,"10,000","$10,650.00 ",Dressage ,
18867,Irish Sport Horse,Gelding,8 years,16 hh,Gray,Sligo,N/A,N/A,Jumping - Eventing - Hunter ,
18868,PRE,Stallion,2 years,N/A,N/A,Gottfrieding,"15,000","$15,975.00 ",Working Equitation - Breeding - Leisure - Dressage ,
18869,Icelandic Horse,Gelding,7 years,"13,3 hh",Chestnut-Red,Snæfellsbæ,"12,000","$12,780.00 ",Gaited ,
18870,Holstein,Mare,2 years,N/A,N/A,Goldenbek,"10,000","$10,650.00 ",Jumping - Breeding - Dressage ,
18871,PRE,Stallion,2 years,"14,2 hh",Palomino,NAVAS DEL MADRONO,"10,000","$10,650.00 ",Dressage ,
18872,Icelandic Horse,Mare,14 years,"13,3 hh",Brown,Snaefellsbaer,"8,500","$9,053.00 ",Gaited ,
18873,Arabian horses,Stallion,7 years,15 hh,Gray,WOLA LOKOTOWA,"6,000","$6,390.00 ",Endurance - Show - Breeding - Racing horses ,
18874,Irish Sport Horse,Gelding,7 years,16 hh,Gray,Sligo,"10,000","$10,650.00 ",Jumping - Eventing - Hunter - Leisure ,
18875,Westphalian,Gelding,12 years,"17,1 hh",Bay,NAVAS DEL MADRONO,"70,000","$74,552.00 ",Dressage ,
18876,Icelandic Horse,Gelding,9 years,"13,3 hh",Black,Snæfellsbæ,"12,000","$12,780.00 ",Gaited - Leisure ,
18877,PRE,Stallion,5 years,"16,2 hh",Chestnut-Red,Campo De Camara (Almogia),"15,000","$15,975.00 ",Dressage ,
18878,French riding pony,Gelding,7 years,"16,2 hh",Brown,Susteren,"7,500","$7,988.00 ",Leisure - Jumping - Dressage ,
18879,German Riding Horse,Mare,16 years,16 hh,Brown,Susteren,"3,750","$3,994.00 ",Leisure ,
18880,American Quarter Horse,Gelding,13 years,"15,1 hh",Champagne,"Sulfar Springs, TX",N/A,"$3,500.00 ",Trail - Versatility Ranch Horse ,
18881,Paint Horse,Gelding,14 years,"15,3 hh",Tobiano-all-colors,Stephenville TX,N/A,"$3,500.00 ",Trail - Versatility Ranch Horse ,
18882,American Quarter Horse,Gelding,14 years,"15,3 hh",Tobiano-all-colors,Stephenville TX,N/A,"$3,500.00 ",Trail - Versatility Ranch Horse ,
18883,American Quarter Horse,Gelding,9 years,15 hh,Dun,Paicines CA,N/A,"$3,500.00 ",Trail - Versatility Ranch Horse ,
18884,American Quarter Horse,Gelding,10 years,13 hh,Buckskin,Lincoln CA,N/A,"$3,500.00 ",Trail - Jumping ,
18885,American Quarter Horse,Gelding,8 years,15 hh,Dun,Graham TX,N/A,"$3,500.00 ",Trail - Versatility Ranch Horse ,
18886,Draft Horse,Gelding,12 years,"15,3 hh",Tobiano-all-colors,Lincoln CA,N/A,"$3,500.00 ",Trail - Versatility Ranch Horse ,
18887,American Quarter Horse,Gelding,12 years,"15,3 hh",Tobiano-all-colors,Lincoln CA,N/A,"$3,500.00 ",Trail - Versatility Ranch Horse ,
18888,American Quarter Horse,Gelding,10 years,N/A,N/A,Mountain Grove MO,N/A,"$3,500.00 ",Trail - Versatility Ranch Horse ,
18889,Clydesdale,Gelding,5 years,16 hh,Roan-Bay,Flemingsburg Ky,N/A,"$3,500.00 ",Trail - Versatility Ranch Horse ,
18890,American Quarter Horse,Gelding,7 years,"15,2 hh",Gray-Dapple,Mountain Grove MO,N/A,"$3,500.00 ",Trail - Versatility Ranch Horse ,
18891,Friesian horses,Gelding,7 years,15 hh,Roan-Blue,Baker WV,N/A,"$3,500.00 ",Trail - Versatility Ranch Horse ,
18892,American Quarter Horse,Gelding,6 years,"14,3 hh",Buckskin,Greenville Ky,N/A,"$3,500.00 ",Trail - Versatility Ranch Horse ,
18893,American Quarter Horse,Gelding,13 years,"15,2 hh",Palomino,Somerset,N/A,"$3,500.00 ",Trail - Versatility Ranch Horse ,
18894,Belgian Draft,Gelding,8 years,16 hh,Sorrel,Canton TX,N/A,"$3,500.00 ",Trail - Versatility Ranch Horse ,
18895,American Quarter Horse,Gelding,8 years,16 hh,Sorrel,Canton TX,N/A,"$3,500.00 ",Trail - Versatility Ranch Horse ,
18896,Icelandic Horse,Mare,8 years,"13,3 hh",Pinto,Snæfellsbæ,"7,000","$7,455.00 ",Gaited - Breeding - Leisure ,
18897,American Quarter Horse,Gelding,8 years,14 hh,Black,Huntland TN,N/A,"$3,500.00 ",Trail - Versatility Ranch Horse ,
18898,Hanoverian,Mare,11 years,"16,1 hh",Bay-Dark,Fredenbeck,"12,500","$13,313.00 ",Dressage - Leisure,"suitable for beginners, is broken-in, Reliable for trail riding"
18899,Other Warmbloods,Gelding,10 years,"15,3 hh",Chestnut-Red,Selsingen,"3,000","$3,195.00 ",Leisure - Endurance - Hunter - Driving ,
18900,Hanoverian,Mare,12 years,"16,2 hh",Bay-Dark,Selsingen,"10,000","$10,650.00 ",Dressage - Breeding - Jumping - Leisure ,
18901,Hanoverian,Mare,11 years,"16,2 hh",Bay-Dark,Selsingen,"10,000","$10,650.00 ",Dressage - Breeding - Leisure ,
18902,Hanoverian,Mare,12 years,16 hh,Black,Selsingen,"5,000","$5,325.00 ",Dressage - Breeding - Leisure ,
18903,Hanoverian,Mare,12 years,"16,1 hh",Black,Selsingen,"10,000","$10,650.00 ",Dressage - Breeding - Leisure ,
18904,Hanoverian,Gelding,3 years,"16,2 hh",Chestnut-Red,Selsingen,"10,000","$10,650.00 ",Jumping ,
18905,Other Breeds,Mare,4 years,"14,2 hh",Can be white,Schwäbisch Gmünd,"3,500","$3,728.00 ",Leisure ,
18906,Andalusian Mix,Gelding,6 years,"14,2 hh",Pinto,Valencia,"10,000","$10,650.00 ",Leisure - Working Equitation - Baroque - Dressage ,
18907,Welsh A (Mountain Pony),Gelding,3 years,12 hh,Gray,Aalten,"3,250","$3,461.00 ",Hunter ,
18908,PRE,Gelding,6 years,"16,2 hh",Brown,Schwäbisch Gmünd,"9,250","$9,851.00 ",Dressage - Leisure ,
18909,Other Breeds,Mare,4 years,"14,3 hh",Chestnut-Red,Schwäbisch Gmünd,"6,500","$6,923.00 ",Dressage - Jumping - Leisure ,
18910,Andalusian Mix,Gelding,5 years,15 hh,Gray,Schwäbisch Gmünd,"7,500","$7,988.00 ",Leisure - Jumping - Dressage ,
18911,Andalusian,Mare,6 years,N/A,N/A,Schwäbisch Gmünd,"7,250","$7,721.00 ",Leisure ,
18912,Anglo-Arab,Gelding,12 years,15 hh,Gray,Schwäbisch Gmünd,"4,900","$5,219.00 ",Leisure - Dressage ,
18913,Icelandic Horse,Gelding,6 years,"14,2 hh",Pinto,Lingen,"8,500","$9,053.00 ",Leisure ,
18914,Lusitano,Stallion,2 years,"15,2 hh",Brown,Rio Maior,"7,000","$7,455.00 ",Leisure - Working Equitation - Show - Dressage ,
18915,German Sport Horse,Gelding,5 years,16 hh,Brown,Donzdorf,"15,000","$15,975.00 ",Leisure - Eventing - Jumping ,
18916,Trakehner,Mare,5 years,16 hh,Chestnut-Red,Nümbrecht,"40,000","$42,601.00 ",Dressage ,
18917,Trakehner,Mare,2 years,"16,1 hh",Brown,Nümbrecht,"15,000","$15,975.00 ",Eventing - Breeding - Jumping - Dressage ,
18918,Connemara,Mare,4 years,"14,1 hh",Gray,Sligo,"6,750","$7,189.00 ",Jumping - Hunting - Eventing - Dressage,"Reliable for trail riding, is allrounder, is easy to load"
18919,Connemara,Mare,4 years,14 hh,Gray,Sligo,"6,500","$6,923.00 ",Jumping - Hunting - Eventing - Dressage,"Reliable for trail riding, is allrounder, is easy to load"
18920,KWPN,Gelding,13 years,"15,1 hh",Dun,Garrel,"12,000","$12,780.00 ",Dressage - Leisure,"suitable for beginners, Reliable for trail riding, is easy to load"
18921,Paint Horse,Mare,1 year,N/A,N/A,Gavere,"3,650","$3,887.00 ",Western - Western allround - Trail - Leisure,"Green, is easy to load, 5 Panel Test N/N"
18922,Westphalian,Mare,6 years,"16,2 hh",Chestnut,Diepholz,"70,000","$74,552.00 ",Dressage - Breeding,"is broken-in, is lunged, vet-check"
18923,Gypsy Horse,Gelding,6 years,15 hh,Black,Umhausen,"6,000","$6,390.00 ",Leisure - Eventing,
18924,Hanoverian,Gelding,5 years,"16,1 hh",Chestnut-Red,Riedstadt,N/A,N/A,Jumping - Hunter,"is allrounder, Equine Passport available, "
18925,Rhinelander,Gelding,6 years,"16,3 hh",Brown,Riedstadt,N/A,N/A,Dressage - Leisure,"is capable of carrying weight, Directly from the breeder, Equine Passport available"
18926,German Sport Horse,Mare,5 years,16 hh,Gray,Riedstadt,N/A,N/A,Jumping - Dressage,"is allrounder, is easy to load, vet-check"
18927,Austrian Warmblood,Stallion,1 year,N/A,N/A,Götzendorf,"7,500","$7,988.00 ",Dressage,
18928,Holstein,Gelding,5 years,16 hh,Gray,Enschede,"29,500","$31,418.00 ",Jumping,
18929,Percheron,Gelding,4 years,N/A,N/A,"Sheldon, MO",N/A,N/A,Trail - Jumping - Driving ,
18930,Lusitano Mix,Mare,6 years,16 hh,Sorrel,Mandelbachtal,"13,500","$14,378.00 ",Working Equitation - Equitation Portugesa - Doma Vaquera - Leisure,
18931,PRE Mix,Gelding,6 years,"16,2 hh",Gray,Navas Del Madroño,N/A,N/A,Eventing ,
18932,Westphalian,Gelding,5 years,"16,3 hh",Bay-Dark,Bad Nauheim,"40,000","$42,601.00 ",Dressage ,
18933,Hanoverian,Gelding,13 years,"17,1 hh",Brown,Altenmarkt,"80,000","$85,202.00 ",Dressage,"is easy to load, Stands for the farrier, "
18934,Oldenburg,Mare,15 years,"15,2 hh",Brown,Rastede,"5,000","$5,325.00 ",Breeding - Leisure,"Reliable for trail riding, is allrounder, Competition experience"
18935,Hanoverian,Stallion,4 years,"16,2 hh",Brown,Eggelsberg,"20,000","$21,301.00 ",Jumping - Dressage,
18936,Trakehner,Mare,3 years,"16,1 hh",Bay-Dark,Nümbrecht,"20,000","$21,301.00 ",Dressage - Breeding ,
18937,Trakehner,Mare,14 years,16 hh,Brown,Nümbrecht,"10,000","$10,650.00 ",Breeding ,
18938,Trakehner,Mare,2 years,"16,1 hh",Black,Nümbrecht,"10,000","$10,650.00 ",Eventing - Jumping ,
18939,Trakehner,Mare,6 years,16 hh,Black,Nümbrecht,"20,000","$21,301.00 ",Eventing - Dressage ,
18940,PRE,Gelding,18 years,16 hh,Gray,HEUVELLAND,"70,000","$74,552.00 ",Dressage - Equitation Portugesa - Working Equitation - Show ,
18941,Lusitano Mix,Stallion,7 years,"16,1 hh",Grullo,HEUVELLAND,"40,000","$42,601.00 ",Dressage - Working Equitation - Baroque - Breeding ,
18942,Lusitano,Stallion,2 years,16 hh,Brown,Rio Maior,"8,000","$8,520.00 ",Dressage - Working Equitation - Show - Breeding ,
18943,Westphalian,Gelding,6 years,"16,1 hh",Chestnut-Red,Frankfurt am Main,"40,000","$42,601.00 ",Dressage ,
18944,Hanoverian,Mare,10 years,"16,3 hh",Chestnut-Red,Frankfurt am Main,"35,000","$37,276.00 ",Dressage ,
18945,Austrian Warmblood,Mare,1 year,"16,2 hh",Brown,Ceske Budejovice,"4,000","$4,260.00 ",Jumping ,
18946,American Quarter Horse,Mare,2 years,"14,2 hh",Chestnut-Red,Lamprechtshausen,N/A,N/A,Reining - Western allround - Western ,
18947,German Riding Pony,Stallion,17 years,"14,2 hh",Dun,Brakel,"12,000","$12,780.00 ",Breeding - Jumping - Dressage ,
18948,German Sport Horse,Mare,14 years,"16,1 hh",Bay-Dark,Menden,"16,000","$17,040.00 ",Jumping - Dressage,
18949,PRE Mix,Gelding,12 years,"16,1 hh",Gray,Barcelona,N/A,N/A,Dressage - Show - Baroque - Leisure ,
18950,Oldenburg,Mare,7 years,"17,1 hh",Brown,Neuss,"70,000","$74,552.00 ",Dressage - Breeding ,
18951,Hanoverian,Gelding,5 years,"16,1 hh",Chestnut-Red,Wellheim,N/A,N/A,Dressage ,
18952,PRE,Stallion,6 years,"16,2 hh",Gray,Barcelona,N/A,N/A,Dressage - Working Equitation - Baroque - Leisure ,
18953,Other Warmbloods,Mare,5 years,"15,1 hh",Gray,Wellheim,"10,000","$10,650.00 ",Leisure ,
18954,Oldenburg,Gelding,6 years,"16,1 hh",Smoky-Black,Perl,N/A,N/A,Dressage - Leisure,"suitable for beginners, Reliable for trail riding, is easy to load"
18955,Oldenburg,Gelding,11 years,"16,1 hh",Black,København K,"22,000","$23,431.00 ",Dressage,
18956,German Riding Pony,Mare,4 years,14 hh,Gray-Dark-Tan,Harsdorf,"10,500","$11,183.00 ",Dressage - Breeding - Jumping - Leisure ,
18957,Edelbluthaflinger,Gelding,4 years,"14,1 hh",N/A,Harsdorf,"12,000","$12,780.00 ",Dressage - Eventing - Jumping - Leisure ,
18958,German Sport Horse,Gelding,11 years,17 hh,Smoky-Black,Harsdorf,"70,000","$74,552.00 ",Dressage ,
18959,Welsh C (of Cob Type) Mix,Gelding,6 years,"14,1 hh",Champagne,Emsbüren,"10,000","$10,650.00 ",Dressage - Jumping,
18960,German Riding Pony,Gelding,4 years,14 hh,Brown,Neuenkirchen-Vörden,"5,000","$5,325.00 ",Dressage - Eventing ,
18961,Oldenburg-International (OS),Mare,10 years,"16,2 hh",Brown,Końskie,"50,000","$53,251.00 ",Jumping ,
18962,Oldenburg-International (OS),Mare,5 years,16 hh,Bay,Końskie,"35,000","$37,276.00 ",Jumping ,
18963,Oldenburg,Stallion,5 years,"16,2 hh",Chestnut,Dorsten,"70,000","$74,552.00 ",Dressage ,
18964,Hanoverian,Mare,14 years,"16,1 hh",Bay-Dark,Dorsten,"20,000","$21,301.00 ",Dressage ,
18965,Oldenburg,Gelding,4 years,"16,1 hh",Brown,Dorsten,"40,000","$42,601.00 ",Dressage ,
18966,Hanoverian,Gelding,4 years,"16,2 hh",Black,Dorsten,"70,000","$74,552.00 ",Dressage ,
18967,Hanoverian,Gelding,4 years,"16,1 hh",Brown,Dorsten,"70,000","$74,552.00 ",Dressage ,
18968,Donkey,Stallion,5 years,"13,3 hh",Bay-Dark,WeiselBornich,"5,500","$5,858.00 ",Breeding - Leisure - Driving - Mating ,
18969,PRE Mix,Mare,2 years,16 hh,Black,Fuente Obejuna,"10,000","$10,650.00 ",Baroque - Endurance - Leisure - Dressage ,
18970,Hanoverian,Mare,3 years,N/A,N/A,Sopron,"10,000","$10,650.00 ",Jumping - Dressage ,
18971,Oldenburg,Stallion,1 year,N/A,N/A,Cloppenburg,"8,000","$8,520.00 ",Dressage ,
18972,American Quarter Horse,Stallion,2 years,N/A,N/A,München,N/A,N/A,Reining - Western allround - Western - Mating ,
18973,Irish Sport Horse,Gelding,13 years,16 hh,Black,Meath,"16,500","$17,573.00 ",Jumping - Eventing - Leisure - Dressage ,
18974,Holstein,Mare,6 years,16 hh,Brown,Penig,N/A,N/A,Breeding ,
18975,German Sport Horse,Gelding,5 years,"16,2 hh",Smoky-Black,Kraiburg am Inn,"2,500","$2,663.00 ",Dressage - Leisure - Driving ,
18976,Polish Coldblood,Gelding,4 years,15 hh,Brown-Light,Buttstädt,"5,500","$5,858.00 ",Leisure - Dressage ,
18977,KWPN,Gelding,3 years,"16,2 hh",Chestnut-Red,Neuss,"40,000","$42,601.00 ",Dressage - Leisure,
18978,German Sport Horse,Mare,6 years,"16,1 hh",Brown,Landsberg,"15,000","$15,975.00 ",Jumping - Breeding - Leisure - Dressage,
18979,Lusitano,Stallion,11 years,16 hh,Dun,Schleusingen,"9,000","$9,585.00 ",Baroque - Breeding - Leisure - Mating ,
18980,Hanoverian,Stallion,7 years,N/A,N/A,Bayerisch Gmain,"6,500","$6,923.00 ",Dressage ,
18981,Zangersheider,Stallion,5 years,16 hh,Gray,Tarcento,"18,000","$19,170.00 ",Jumping ,
18982,Westphalian,Mare,19 years,"16,1 hh",Brown,Bayerisch Gmain,"9,500","$10,118.00 ",Breeding ,
18983,Selle Français,Mare,20 years,"16,3 hh",Brown,Bayerisch Gmain,"5,000","$5,325.00 ",Breeding ,
18984,Zangersheider,Mare,2 years,N/A,N/A,Bayerisch Gmain,N/A,N/A,Jumping ,
18985,Zangersheider,Stallion,2 years,N/A,N/A,Bayerisch Gmain,"40,000","$42,601.00 ",Jumping ,
18986,Zangersheider,Stallion,6 years,"16,1 hh",Brown,Tarcento,"17,500","$18,638.00 ",Jumping - Dressage ,
18987,Zangersheider,Stallion,1 year,N/A,N/A,Bayerisch Gmain,"5,800","$6,177.00 ",Jumping - Breeding ,
18988,Holstein,Gelding,15 years,"16,2 hh",Brown,Großheide,"10,000","$10,650.00 ",Dressage,
18989,Spotted Saddle Horse,Gelding,11 years,15 hh,Black,"Hull, GA",N/A,"$15,000.00 ",Gaited - Trail ,
18990,Holstein,Gelding,15 years,17 hh,Brown-Light,Neuss,"40,000","$42,601.00 ",Dressage ,
18991,Hanoverian,Gelding,15 years,17 hh,Bay-Dark,Neuss,"60,000","$63,902.00 ",Dressage ,
18992,Belgian Sport Horse,Mare,10 years,"16,1 hh",Brown,Mönchengladbach,"20,000","$21,301.00 ",Dressage ,
18993,Trakehner,Gelding,8 years,"16,1 hh",Chestnut-Red,Garden,"17,000","$18,105.00 ",Eventing - Jumping - Leisure - Dressage ,
18994,PRE,Stallion,1 year,"15,1 hh",N/A,Los Rosales,"5,500","$5,858.00 ",Gaited ,
18995,KWPN,Gelding,15 years,"16,2 hh",Bay-Dark,Düsseldorf,"25,000","$26,626.00 ",Jumping - Hunter - Leisure,
18996,Westphalian,Mare,12 years,"16,2 hh",Bay-Dark,Roßdorf,"70,000","$74,552.00 ",Dressage ,
18997,German Sport Horse,Mare,5 years,"16,1 hh",Bay-Dark,Wulkow,"15,000","$15,975.00 ",Dressage - Eventing - Jumping ,
18998,German Sport Horse,Gelding,8 years,"17,1 hh",Smoky-Black,Wulkow,"5,000","$5,325.00 ",Dressage ,
18999,Hanoverian,Gelding,13 years,"16,1 hh",Black,Roßdorf,"70,000","$74,552.00 ",Dressage - Leisure ,
19000,German Sport Horse,Gelding,2 years,"16,1 hh",Gray,Penig,"5,000","$5,325.00 ",Jumping ,
19001,Hanoverian,Gelding,7 years,"16,3 hh",Brown,Roßdorf,"70,000","$74,552.00 ",Dressage - Jumping ,
19002,Oldenburg,Gelding,4 years,"15,3 hh",Chestnut,Roßdorf,"25,000","$26,626.00 ",Dressage - Leisure ,
19003,Danish Warmblood,Gelding,5 years,"16,3 hh",Brown,Münster,"40,000","$42,601.00 ",Dressage - Leisure ,
19004,PRE,Gelding,6 years,"15,2 hh",Bay-Dark,BalingenBalingen,"15,000","$15,975.00 ",Dressage - Doma Vaquera - Working Equitation - Leisure,
19005,Holstein,Mare,7 years,"16,1 hh",Brown,Lindlar,"20,000","$21,301.00 ",Jumping - Dressage ,
19006,Westphalian,Gelding,4 years,"16,2 hh",Brown,Lindlar,"40,000","$42,601.00 ",Dressage - Jumping ,
19007,Hanoverian,Mare,2 years,"16,1 hh",Smoky-Black,Sinntal,"15,000","$15,975.00 ",Dressage - Breeding - Eventing - Jumping,
19008,Zangersheider,Gelding,7 years,17 hh,Brown,Pfaffenhofen Weiler,N/A,N/A,Jumping - Leisure - Dressage ,
19009,Oldenburg,Gelding,4 years,17 hh,Chestnut-Red,Pfaffenhofen Weiler,N/A,N/A,Dressage - Jumping - Leisure ,
19010,German Riding Pony,Mare,5 years,"14,1 hh",Dun,Isterberg,"7,800","$8,307.00 ",Dressage - Leisure,
19011,Oldenburg,Gelding,3 years,"16,2 hh",Bay-Dark,Wehringen,"24,500","$26,093.00 ",Dressage - Jumping - Leisure ,
19012,Belgian Warmblood,Gelding,6 years,"17,1 hh",White,St-Tuiden,N/A,N/A,Jumping ,
19013,PRE Mix,Stallion,8 years,"16,1 hh",Gray,Navas Del Madroño,"70,000","$74,552.00 ",Eventing ,
19014,More ponies/small horses,Gelding,3 years,N/A,N/A,Ritterhude,"3,700","$3,941.00 ",Leisure ,
19015,German Riding Pony,Mare,3 years,N/A,N/A,Ritterhude,"5,000","$5,325.00 ",Leisure ,
19016,German Riding Pony,Stallion,1 year,N/A,N/A,Ritterhude,"3,500","$3,728.00 ",Eventing ,
19017,Friesian horses,Stallion,7 years,N/A,N/A,Aalsmeer,N/A,N/A,Dressage ,
19018,KWPN,Stallion,7 years,N/A,N/A,Amstelveen,N/A,N/A,Dressage ,
19019,Westphalian,Stallion,5 years,"16,2 hh",Smoky-Black,Aalsmeer,N/A,N/A,Dressage ,
19020,Belgian Sport Horse,Gelding,8 years,16 hh,Gray-Dark-Tan,St-Truiden,N/A,N/A,Jumping ,
19021,Heavy Warmblood,Gelding,3 years,"16,1 hh",Gray-Dapple,Riedlingen,N/A,N/A,Driving - Leisure ,
19022,Paint Horse,Mare,3 years,"14,2 hh",Bay-Dark,Hellenthal,"3,200","$3,408.00 ",Leisure - Breeding - Western,
19023,Missouri Foxtrotter,Mare,14 years,14 hh,Bay,Wichita Falls,N/A,N/A,Western - Western Hunter - Trail - Western Pleasure ,
19024,Haflinger,Gelding,4 years,"14,2 hh",Chestnut-Red,Leobersdorf,"8,900","$9,479.00 ",Dressage - Eventing - Leisure - Driving ,
19025,Westphalian,Gelding,4 years,16 hh,Chestnut,Plech,"25,000","$26,626.00 ",Dressage - Leisure ,
19026,German Sport Horse,Gelding,9 years,"17,1 hh",Brown,Hartenstein,"15,000","$15,975.00 ",Dressage,
19027,Polish riding pony,Gelding,14 years,"14,2 hh",Chestnut-Red,Elterlein,"5,400","$5,751.00 ",Leisure - Dressage,
19028,Andalusian,Stallion,4 years,"15,3 hh",Gray,Badajoz,"10,000","$10,650.00 ",Dressage ,
19029,Irish Sport Horse,Gelding,7 years,17 hh,Gray,Limerick,"25,000","$26,626.00 ",Hunter - Eventing - Jumping ,
19030,Hanoverian,Mare,4 years,"17,1 hh",Black,Wehringen,"40,000","$42,601.00 ",Dressage - Breeding - Leisure ,
19031,Hanoverian,Mare,5 years,16 hh,Pinto,Cadiz,"17,500","$18,638.00 ",Dressage ,
19032,German Sport Horse,Stallion,4 years,"16,1 hh",Black,Dresden,"15,000","$15,975.00 ",Dressage - Jumping,
19033,Hanoverian,Gelding,18 years,17 hh,Chestnut-Red,Rastede,"13,000","$13,845.00 ",Dressage - Leisure,"suitable for beginners, Reliable for trail riding, is allrounder"
19034,Mustang (american),Gelding,5 years,"14,2 hh",Brown,Taunusstein,"15,000","$15,975.00 ",Leisure ,
19035,Hanoverian,Mare,9 years,"16,2 hh",Smoky-Black,Wehringen,"17,500","$18,638.00 ",Dressage - Leisure ,
19036,German Sport Horse,Gelding,8 years,"16,2 hh",Chestnut-Red,Wehringen,"12,500","$13,313.00 ",Dressage - Jumping - Leisure ,
19037,Westphalian,Gelding,4 years,"16,1 hh",N/A,Wehringen,"20,000","$21,301.00 ",Dressage - Jumping - Leisure ,
19038,German Sport Horse,Gelding,4 years,"16,1 hh",Chestnut,Wehringen,"40,000","$42,601.00 ",Dressage - Leisure ,
19039,Westphalian,Gelding,4 years,16 hh,Chestnut,Wehringen,"25,000","$26,626.00 ",Dressage - Leisure ,
19040,Oldenburg,Mare,5 years,17 hh,Chestnut-Red,Wehringen,"40,000","$42,601.00 ",Dressage - Breeding - Leisure ,
19041,Hanoverian,Mare,5 years,"16,1 hh",Black,Wehringen,"24,500","$26,093.00 ",Dressage - Breeding - Leisure ,
19042,Oldenburg,Gelding,6 years,"16,2 hh",N/A,Wehringen,"29,500","$31,418.00 ",Dressage - Leisure ,
19043,KWPN,Gelding,16 years,"16,1 hh",Black,Wehringen,"30,000","$31,951.00 ",Dressage - Leisure ,
19044,Hanoverian,Gelding,6 years,17 hh,Chestnut-Red,Wehringen,"50,000","$53,251.00 ",Dressage - Leisure ,
19045,German Sport Horse,Gelding,4 years,16 hh,Black,Wehringen,"20,000","$21,301.00 ",Dressage - Jumping - Leisure ,
19046,Hanoverian,Mare,4 years,"16,1 hh",Bay-Dark,Wehringen,"40,000","$42,601.00 ",Dressage - Breeding - Leisure ,
19047,Hanoverian,Mare,2 years,"16,2 hh",Gray-Dapple,Wagenfeld,"15,000","$15,975.00 ",Jumping ,
19048,Oldenburg,Gelding,9 years,"16,2 hh",Gray-Dapple,Wagenfeld,"100,000","$106,503.00 ",Jumping ,
19049,Hanoverian,Mare,2 years,"16,3 hh",Brown,Wagenfeld,"15,000","$15,975.00 ",Dressage ,
19050,Andalusian,Stallion,4 years,"16,1 hh",Bay,Sevilla,"17,500","$18,638.00 ",Dressage ,
19051,Andalusian,Gelding,8 years,16 hh,Gray,Malaga,"11,500","$12,248.00 ",Dressage ,
19052,Arabian horses,Mare,7 years,"15,1 hh",Black,Gers,"9,000","$9,585.00 ",Dressage - Endurance ,
19053,Mustang (american),Mare,4 years,"14,1 hh",Chestnut-Red,Taunusstein,"15,000","$15,975.00 ",Leisure ,
19054,German Sport Horse,Gelding,3 years,16 hh,N/A,Penig,"5,000","$5,325.00 ",Jumping ,
19055,Mustang (american),Gelding,4 years,"14,2 hh",Chestnut-Red,Taunusstein,"15,000","$15,975.00 ",Leisure ,
19056,Arabian horses,Mare,2 years,"14,1 hh",Black,Gers,"9,000","$9,585.00 ",Dressage ,
19057,Mustang (american),Mare,3 years,"14,1 hh",Brown,Taunusstein,"15,000","$15,975.00 ",Leisure ,
19058,Arabian horses,Mare,3 years,15 hh,Black,Gers,"9,000","$9,585.00 ",Dressage ,
19059,Mustang (american),Gelding,4 years,15 hh,Pinto,Taunusstein,"15,000","$15,975.00 ",Leisure ,
19060,Hanoverian,Stallion,3 years,N/A,N/A,Elevage des Baïsses,"10,000","$10,650.00 ",Dressage ,
19061,Arabian horses,Stallion,2 years,N/A,N/A,Saint Mont,"8,000","$8,520.00 ",Leisure - Endurance - Breeding ,
19062,PRE,Gelding,14 years,16 hh,Gray,Saligny sur Roudon,"15,000","$15,975.00 ",Dressage - Leisure ,
19063,Mustang (american),Gelding,4 years,"14,2 hh",Pinto,Taunusstein,"15,000","$15,975.00 ",Leisure ,
19064,Mustang (american),Gelding,4 years,"14,3 hh",Buckskin,Taunusstein,"15,000","$15,975.00 ",Leisure ,
19065,Holstein,Gelding,3 years,"16,2 hh",Gray,Averlak,N/A,N/A,Jumping - Eventing,
19066,Holstein,Gelding,3 years,"16,2 hh",Brown,Averlak,N/A,N/A,Jumping - Dressage ,
19067,Mustang (american),Gelding,5 years,"14,2 hh",Chestnut-Red,Taunusstein,"15,000","$15,975.00 ",Leisure ,
19068,Westphalian,Mare,2 years,N/A,N/A,Dornburg,"12,500","$13,313.00 ",Jumping ,
19069,Westphalian,Gelding,4 years,"16,2 hh",Gray,Dornburg,"15,000","$15,975.00 ",Jumping ,
19070,Westphalian,Gelding,4 years,16 hh,Brown,Dornburg,"10,500","$11,183.00 ",Jumping ,
19071,Mustang (american),Mare,6 years,"14,3 hh",Dun,Taunusstein,"15,000","$15,975.00 ",Leisure ,
19072,Mustang (american),Mare,10 years,"14,3 hh",Dun,Taunusstein,"15,000","$15,975.00 ",Leisure ,
19073,German Riding Pony,Gelding,11 years,"13,1 hh",Chestnut,Sottrum,"10,000","$10,650.00 ",Eventing - Hunter - Leisure - Dressage ,
19074,Hanoverian,Stallion,2 years,"16,1 hh",Chestnut-Red,Regesbostel,"6,500","$6,923.00 ",Dressage,
19075,Swedish Warmblood,Gelding,7 years,"16,2 hh",Chestnut,Asperup,"40,000","$42,601.00 ",Dressage,
19076,German Riding Pony,Mare,7 years,"13,3 hh",Dunalino,Neuss,"10,000","$10,650.00 ",Breeding - Hunter - Leisure - Dressage,"is registered broodmare, suitable for beginners, is lunged"
19077,American Quarter Horse,Gelding,12 years,15 hh,Roan-Bay,LIpan TX,N/A,"$3,500.00 ",Trail - Versatility Ranch Horse,
19078,American Quarter Horse,Mare,10 years,"14,2 hh",Palomino,Scottsdale AZ,N/A,"$3,500.00 ",Trail - Versatility Ranch Horse,
19079,Friesian horses,Stallion,2 years,16 hh,Black,Feldkirchen-Westerham,"15,000","$15,975.00 ",Baroque,
19080,Criollo,Mare,2 years,N/A,N/A,Ossenzijl,"6,000","$6,390.00 ",Doma Vaquera - Cutting - Cowhorse - Breeding,"Green, is allrounder, Halter accustomed"
19081,American Quarter Horse,Gelding,5 years,15 hh,Black,Lipan TX,N/A,"$3,500.00 ",Trail - Versatility Ranch Horse,
19082,Friesian horses,Stallion,2 years,16 hh,Black,Feldkirchen-Westerham,"15,000","$15,975.00 ",Baroque,
19083,American Quarter Horse,Gelding,6 years,"15,2 hh",Gray,Flemingsburg KY,N/A,"$3,500.00 ",Trail - Versatility Ranch Horse,
19084,Percheron,Gelding,6 years,"15,1 hh",Black,Flemingsburg KY,N/A,"$3,500.00 ",Trail - Versatility Ranch Horse,
19085,Westphalian,Mare,11 years,"16,1 hh",Bay-Dark,Hohenahr,"20,000","$21,301.00 ",Dressage - Breeding ,
19086,PRE,Mare,17 years,"15,2 hh",Brown,Gines,"1,200","$1,278.00 ",Driving - Doma Vaquera - Leisure ,
19087,PRE,Stallion,5 years,"16,1 hh",Brown,Gines,"12,000","$12,780.00 ",Gaited - Dressage ,
19088,Oldenburg,Gelding,4 years,"16,3 hh",Brown,Hohenahr,"20,000","$21,301.00 ",Dressage ,
19089,Andalusian,Mare,2 years,"14,2 hh",Overo-all-colors,El Castillo De Las Guardas,N/A,N/A,Mating ,
19090,Lusitano,Gelding,14 years,"16,1 hh",Gray,Miranda,N/A,N/A,Dressage - Driving ,
19091,PRE,Gelding,7 years,"15,3 hh",Brown,San Javier,"12,000","$12,780.00 ",Baroque ,
19092,PRE,Stallion,8 years,16 hh,Gray-Dapple,Armilla,"18,000","$19,170.00 ",Dressage ,
19093,PRE,Stallion,6 years,"16,1 hh",Gray,Armilla,"15,000","$15,975.00 ",Dressage ,
19094,Spanish Sporthorse,Stallion,3 years,"15,1 hh",Brown,PUEBLA DE SANCHO PEREZ,"4,000","$4,260.00 ",Dressage - Doma Vaquera - Working Equitation - Leisure ,
19095,Spanish Sporthorse,Mare,5 years,"16,2 hh",Gray,Puebla De Sancho Perez,"12,000","$12,780.00 ",Dressage ,
19096,Hanoverian,Mare,9 years,N/A,N/A,Hohenahr,"15,000","$15,975.00 ",Dressage - Breeding ,
19097,Spanish Sporthorse,Gelding,8 years,"15,2 hh",Brown,Pozoblanco,"16,000","$17,040.00 ",Dressage - Show - Leisure ,
19098,Hispano Arabian,Gelding,13 years,"15,2 hh",Brown,Pozoblanco,"15,000","$15,975.00 ",Doma Vaquera - Working Equitation - Show - Leisure ,
19099,PRE Mix,Mare,7 years,"15,2 hh",Gray,Torres De La Alameda,"10,000","$10,650.00 ",Baroque ,
19100,PRE,Stallion,2 years,"15,2 hh",Gray,Torres De La Alameda,"10,000","$10,650.00 ",Gaited - Doma Vaquera - Baroque - Breeding ,
19101,PRE Mix,Stallion,4 years,16 hh,Gray,Torres De La Alameda,"10,000","$10,650.00 ",Baroque ,
19102,Andalusian,Stallion,7 years,16 hh,Gray-Dapple,Cheste,"10,000","$10,650.00 ",Baroque ,
19103,PRE,Mare,5 years,"16,1 hh",Gray,Sutullena,"10,000","$10,650.00 ",Dressage ,
19104,PRE,Gelding,5 years,16 hh,Brown,Casa Nueva,"15,000","$15,975.00 ",Dressage - Gaited ,
19105,Oldenburg,Stallion,1 year,N/A,N/A,Dassel,"3,750","$3,994.00 ",Dressage,
19106,Haflinger,Mare,10 years,"15,1 hh",Chestnut-Red,Dorsten,"8,500","$9,053.00 ",Western - Show - Leisure,
19107,American Quarter Horse,Mare,6 years,15 hh,Chestnut-Red,Lübben (Spreewald),"15,000","$15,975.00 ",Western - Show - Leisure,
19108,Appaloosa Mix,Gelding,4 years,"14,3 hh",Leopard-Piebald,Daleiden,"10,500","$11,183.00 ",Leisure - Working Equitation - Western - Dressage ,
19109,American Quarter Horse,Gelding,10 years,N/A,N/A,"Paicines, CA",N/A,"$3,500.00 ",Trail - Versatility Ranch Horse ,
19110,Andalusian Mix,Gelding,18 years,15 hh,Gray,Menorca,"2,500","$2,663.00 ",Leisure ,
19111,Warlander,Gelding,18 years,15 hh,Gray,Menorca,"2,500","$2,663.00 ",Leisure ,
19112,German Sport Horse,Stallion,5 years,N/A,N/A,Visbek,N/A,N/A,Hunter under saddle - Hunter ,
19113,American Quarter Horse,Gelding,6 years,"14,3 hh",Chestnut,Camp Verde AZ,N/A,"$3,500.00 ",Trail - Versatility Ranch Horse ,
19114,Andalusian,Stallion,4 years,N/A,N/A,Malaga,"17,500","$18,638.00 ",Dressage ,
19115,Lusitano,Gelding,8 years,"16,2 hh",Brown,Navas Del Madroño,"40,000","$42,601.00 ",Eventing ,
19116,American Quarter Horse,Gelding,8 years,15 hh,Bay,Lipan TX,N/A,"$3,500.00 ",Trail - Versatility Ranch Horse ,
19117,American Quarter Horse,Gelding,5 years,14 hh,Gray-Dapple,Mountain Grove MO,N/A,"$3,499.00 ",Trail - Versatility Ranch Horse ,
19118,Mustang (american),Gelding,4 years,14 hh,Chestnut,Stephenville Tx,N/A,"$3,500.00 ",Trail - Versatility Ranch Horse ,
19119,Pony of the Americas,Mare,8 years,"13,2 hh",Dun,Sturgis MI,N/A,"$3,500.00 ",Trail - Versatility Ranch Horse ,
19120,American Quarter Horse,Mare,8 years,"13,2 hh",Dun,"Sturgis, Mi",N/A,"$3,500.00 ",Trail - Versatility Ranch Horse ,
19121,Percheron,Gelding,4 years,N/A,N/A,Flemingsburg Ky,N/A,"$3,500.00 ",Trail - Versatility Ranch Horse ,
19122,Friesian horses,Gelding,4 years,"16,1 hh",Black,Flemingsburg KY,N/A,"$3,500.00 ",Trail - Versatility Ranch Horse ,
19123,PRE,Stallion,3 years,"15,1 hh",Gray,Provinz Granada,"10,000","$10,650.00 ",Dressage - Working Equitation - Eventing - Leisure ,
19124,Other Breeds,Gelding,7 years,"15,2 hh",Gray-Dark-Tan,Nettersheim,"9,950","$10,597.00 ",Leisure - Working Equitation - Jumping - Dressage ,
19125,Other Warmbloods,Gelding,4 years,N/A,N/A,Sturgis MI,N/A,"$3,500.00 ",Trail - Versatility Ranch Horse ,
19126,PRE,Mare,1 year,"15,2 hh",Perlino,Provinz Cordoba,"10,000","$10,650.00 ",Breeding - Working Equitation - Leisure - Dressage ,
19127,Appaloosa,Gelding,10 years,"15,3 hh",Buckskin,"Howell, MI",N/A,"$3,500.00 ",Trail - Versatility Ranch Horse ,
19128,American Quarter Horse,Gelding,10 years,"15,3 hh",Buckskin,"Howell, MI",N/A,"$3,500.00 ",Trail - Versatility Ranch Horse ,
19129,PRE,Gelding,9 years,16 hh,Gray,Grebenhain,N/A,N/A,Dressage - Jumping ,
19130,Missouri Foxtrotter,Gelding,12 years,15 hh,Champagne,Moscow Oh,N/A,"$3,500.00 ",Trail - Gaited ,
19131,Kentucky Mountain Saddle Horse,Gelding,12 years,15 hh,Champagne,Moscow OH,N/A,"$3,500.00 ",Trail - Gaited ,
19132,Tennessee walking horse,Gelding,12 years,15 hh,Champagne,Moscow OH,N/A,"$3,500.00 ",Trail - Gaited ,
19133,Hanoverian,Stallion,1 year,N/A,N/A,Hannoversch Münden,"10,500","$11,183.00 ",Jumping - Breeding ,
19134,Westphalian,Mare,1 year,N/A,N/A,Hamm,"4,200","$4,473.00 ",Jumping - Breeding - Eventing - Leisure ,
19135,Austrian Warmblood,Gelding,9 years,"16,1 hh",Brown,Stadl-Paura,"10,000","$10,650.00 ",Eventing - Jumping - Leisure ,
19136,More ponies/small horses,Gelding,5 years,"13,1 hh",N/A,Deggendorf,"3,900","$4,154.00 ",Leisure ,
19137,Hanoverian,Mare,4 years,"16,3 hh",Chestnut-Red,Leipzig,"7,900","$8,414.00 ",Dressage - Eventing - Leisure ,
19138,More ponies/small horses,Gelding,4 years,"14,1 hh",N/A,Deggendorf,"3,900","$4,154.00 ",Leisure ,
19139,Other Breeds Mix,Gelding,9 years,16 hh,Brown,Leipzig,"7,500","$7,988.00 ",Leisure - Jumping - Dressage ,
19140,Other Breeds Mix,Gelding,14 years,"15,3 hh",Brown,Leipzig,"7,000","$7,455.00 ",Leisure - Jumping - Dressage ,
19141,More ponies/small horses,Mare,4 years,"14,2 hh",Brown,Deggendorf,"3,500","$3,728.00 ",Leisure ,
19142,Holstein,Gelding,4 years,"16,2 hh",Brown,Chemnitz,"12,500","$13,313.00 ",Jumping - Hunter,
19143,Other Breeds Mix,Mare,9 years,"15,2 hh",Brown,Leipzig,"4,800","$5,112.00 ",Leisure - Dressage ,
19144,German Riding Pony,Gelding,12 years,"14,3 hh",Chestnut,Emmendingen,"11,000","$11,715.00 ",Eventing - Jumping ,
19145,Oldenburg-International (OS),Mare,6 years,"16,1 hh",Smoky-Black,Bensheim,"10,000","$10,650.00 ",Jumping - Breeding ,
19146,Noriker,Gelding,6 years,"16,2 hh",Black,Neumarkt,"4,500","$4,793.00 ",Leisure ,
19147,PRE,Gelding,16 years,"16,1 hh",Gray,Osten,"20,000","$21,301.00 ",Dressage ,
19148,PRE,Mare,3 years,"16,1 hh",Brown,Barcelona,N/A,N/A,Dressage - Breeding - Eventing - Leisure ,
19149,KWPN,Mare,9 years,16 hh,Bay-Dark,Nettersheim,"15,000","$15,975.00 ",Jumping - Eventing - Leisure - Dressage ,
19150,NRPS,Gelding,8 years,"15,1 hh",Pinto,Nettersheim,"15,000","$15,975.00 ",Dressage - Jumping - Leisure ,
19151,Holstein,Mare,13 years,"16,1 hh",Gray,Nettersheim,"15,000","$15,975.00 ",Dressage - Jumping - Leisure ,
19152,Appaloosa Mix,Gelding,5 years,"15,3 hh",Leopard-Piebald,Nettersheim,"11,500","$12,248.00 ",Dressage - Western - Jumping - Leisure ,
19153,Other Breeds,Mare,8 years,"14,2 hh",Dun,Nettersheim,"8,500","$9,053.00 ",Leisure - Western - Jumping - Dressage ,
19154,Trakehner,Mare,4 years,"16,2 hh",Brown,Wolfhagen,N/A,N/A,Dressage - Breeding - Leisure ,
19155,Friesian horses,Stallion,4 years,"16,1 hh",Black,Spijk,"15,000","$15,975.00 ",Dressage - Show - Driving,
19156,Freiberger,Gelding,4 years,"15,1 hh",Bay-Dark,Kerns,N/A,"$13,229.00 ",Leisure,
19157,Hanoverian,Mare,7 years,17 hh,Black,Anschau,"9,500","$10,118.00 ",Dressage - Breeding - Jumping - Leisure ,
19158,Friesian horses,Gelding,5 years,16 hh,Black,Rutha,"8,300","$8,840.00 ",Baroque - Show - Leisure - Dressage ,
19159,Friesian horses,Mare,5 years,"15,3 hh",Black,Rutha,"8,300","$8,840.00 ",Leisure - Baroque - Driving - Dressage ,
19160,Zangersheider,Mare,7 years,16 hh,Black,Rutha,"11,500","$12,248.00 ",Eventing - Driving - Dressage ,
19161,Heavy Warmblood,Mare,4 years,"15,2 hh",Black,Rutha,"9,500","$10,118.00 ",Driving - Jumping - Dressage ,
19162,Other Warmbloods,Mare,13 years,"16,2 hh",Bay-Dark,Iggingen,"10,000","$10,650.00 ",Jumping - Leisure,"Reliable for trail riding, is easy to load, Equine Passport available"
19163,Hanoverian,Gelding,5 years,"16,1 hh",Smoky-Black,Verden (Aller),"28,000","$29,821.00 ",Dressage ,
19164,Oldenburg-International (OS),Mare,8 years,"16,1 hh",Bay-Dark,Loßburg,"40,000","$42,601.00 ",Jumping ,
19165,German Sport Horse,Gelding,11 years,"16,2 hh",Brown,Loßburg,"40,000","$42,601.00 ",Jumping ,
19166,Spanish Sporthorse,Stallion,3 years,"15,1 hh",Gray,Provinz Malaga,"10,000","$10,650.00 ",Dressage - Working Equitation - Baroque - Leisure ,
19167,Andalusian,Stallion,5 years,16 hh,Gray-Dapple,Cordoba,"10,000","$10,650.00 ",Dressage ,
19168,German Sport Horse,Mare,5 years,"16,2 hh",Black,Kirchenthumbach,"24,000","$25,561.00 ",Dressage - Breeding - Jumping - Leisure ,
19169,Andalusian,Gelding,4 years,"14,3 hh",Bay-Dark,Provinz Granada,"10,000","$10,650.00 ",Baroque - Working Equitation - Leisure - Dressage ,
19170,Lusitano,Mare,3 years,"16,1 hh",Cremello,Badajoz,"7,700","$8,201.00 ",Dressage ,
19171,Andalusian,Stallion,5 years,"16,3 hh",Black,Sevilla,"20,000","$21,301.00 ",Dressage ,
19172,Lusitano,Mare,12 years,16 hh,Bay,Badajoz,"6,600","$7,029.00 ",Breeding ,
19173,Lusitano,Mare,15 years,"16,1 hh",Bay,Badajoz,"8,250","$8,786.00 ",Breeding ,
19174,Andalusian,Stallion,1 year,16 hh,Bay,Valencia,"6,001","$6,391.00 ",Dressage ,
19175,Andalusian,Mare,6 years,"15,2 hh",Gray-Dapple,Valencia,"8,000","$8,520.00 ",Breeding - Dressage ,
19176,Curly horse,Stallion,3 years,"15,1 hh",Sorrel,Stenløse,"9,000","$9,585.00 ",Breeding - Trail - Jumping - Dressage ,
19177,Haflinger,Mare,19 years,"14,1 hh",Chestnut-Red,Trebbin,"1,200","$1,278.00 ",Breeding - Leisure ,
19178,More ponies/small horses,Mare,17 years,"12,2 hh",N/A,Norderstedt,"1,300","$1,385.00 ",Eventing - Leisure ,
19179,Appaloosa,Mare,15 years,"13,2 hh",Gray,Norderstedt,"2,100","$2,237.00 ",Eventing - Leisure ,
19180,Hanoverian,Mare,6 years,16 hh,Black,Wuppertal,"5,000","$5,325.00 ",Breeding,
19181,Anglo-Arab,Mare,17 years,"15,2 hh",Chestnut-Red,Basiglio,"3,000","$3,195.00 ",Endurance - Jumping ,
19182,Welsh A (Mountain Pony),Gelding,12 years,"11,1 hh",Gray,Halle,"2,500","$2,663.00 ",Driving - Leisure ,
19183,Mecklenburg Warmblood,Gelding,9 years,"17,2 hh",Gray,Putbus,"12,000","$12,780.00 ",Leisure - Jumping,
19184,Welsh A (Mountain Pony),Mare,4 years,"11,2 hh",Chestnut-Red,Halle,"2,700","$2,876.00 ",Driving - Leisure ,
19185,Welsh A (Mountain Pony),Mare,3 years,"11,1 hh",Black,Halle,"2,600","$2,769.00 ",Driving - Leisure ,
19186,Belgian Sport Horse,Gelding,15 years,17 hh,Bay,Parma,"27,000","$28,756.00 ",Jumping,
19187,Irish Sport Horse,Mare,5 years,"16,1 hh",Bay,wexford,"25,000","$26,626.00 ",Eventing - Jumping - Hunter - Dressage ,
19188,Oldenburg,Mare,4 years,"16,1 hh",Bay-Dark,Hof,N/A,N/A,Dressage - Breeding ,
19189,American Quarter Horse,Gelding,10 years,15 hh,Brown,Fort Worth Texas,N/A,"$3,000.00 ",English Pleasure - Driving ,
19190,Holstein,Mare,5 years,"16,3 hh",Chestnut-Red,Burgerland,"9,500","$10,118.00 ",Dressage,
19191,American Quarter Horse,Gelding,6 years,"14,2 hh",Chestnut-Red,Steyerberg Deblinghausen,"27,000","$28,756.00 ",Reining - Western - Leisure ,
19192,Trakehner,Mare,10 years,N/A,N/A,Mirbach,"6,000","$6,390.00 ",Breeding,
19193,Other Breeds,Mare,5 years,"15,2 hh",Gray-Blue-Tan,Gleina,"6,000","$6,390.00 ",Driving - Western - Vaulting - Leisure ,
19194,Hanoverian,Gelding,4 years,"16,1 hh",Bay-Dark,Hoya,"15,000","$15,975.00 ",Dressage - Eventing - Leisure ,
19195,Lusitano,Stallion,1 year,N/A,N/A,Saligny sur Roudon,"10,000","$10,650.00 ",Working Equitation - Baroque - Leisure - Dressage ,
19196,Belgian Warmblood,Mare,21 years,"16,2 hh",Bay-Dark,Schwaan,"5,000","$5,325.00 ",Breeding,
19197,PRE Mix,Gelding,8 years,"16,2 hh",Gray,Hengelo,"10,000","$10,650.00 ",Leisure,
19198,Icelandic Horse,Mare,6 years,"12,2 hh",N/A,Ribbesbüttel,"6,000","$6,390.00 ",Leisure ,
19199,German Sport Horse,Mare,6 years,16 hh,Brown,Moosach,"20,000","$21,301.00 ",Jumping - Eventing - Leisure - Dressage,
19200,Heavy Warmblood,Gelding,9 years,"15,2 hh",Gray,Hillesheim,"9,000","$9,585.00 ",Leisure,
19201,PRE Mix,Stallion,6 years,"16,2 hh",Black,Pilas,"20,000","$21,301.00 ",Dressage ,
19202,PRE,Mare,10 years,16 hh,N/A,Pilas,"27,000","$28,756.00 ",Dressage ,
19203,Zangersheider,Mare,11 years,"16,2 hh",Gray,Geilenkirchen,"12,500","$13,313.00 ",Jumping - Breeding - Leisure - Dressage,
19204,American Quarter Horse,Mare,4 years,"14,2 hh",Black,Creußen,"13,000","$13,845.00 ",Western - Versatility Ranch Horse - Breeding - Leisure ,
19205,Anglo European Studbook,Mare,4 years,"16,1 hh",Chestnut-Red,Einbeck,"14,000","$14,910.00 ",Jumping - Dressage ,
19206,Knabstrup,Mare,11 years,N/A,N/A,Klettgau,"9,000","$9,585.00 ",Breeding - Leisure - Driving ,
19207,Knabstrup Mix,Mare,3 years,N/A,N/A,Klettgau,"4,500","$4,793.00 ",Leisure - Driving - Dressage ,
19208,Zangersheider,Gelding,7 years,17 hh,Brown,Siedenburg,"20,000","$21,301.00 ",Jumping - Hunter - Leisure - Dressage ,
19209,Lusitano,Stallion,4 years,"15,2 hh",Cremello,Mallorca,"26,500","$28,223.00 ",Working Equitation - Baroque - Eventing - Leisure ,
19210,Spanish Sporthorse,Gelding,6 years,17 hh,Gray,Guarrate,"9,000","$9,585.00 ",Jumping - Doma Vaquera - Leisure - Dressage ,
19211,Hanoverian,Gelding,7 years,"16,3 hh",Chestnut-Red,Schwäbisch Hall,"25,000","$26,626.00 ",Dressage - Leisure ,
19212,Andalusian,Mare,6 years,"15,1 hh",Dun,Mallorca,"4,500","$4,793.00 ",Leisure - Working Equitation - Baroque - Eventing,"Green, Barefoot, Equine Passport available"
19213,PRE Mix,Mare,3 years,"14,2 hh",Black,Daleiden,"8,500","$9,053.00 ",Leisure - Working Equitation - Western - Dressage,
19214,American Quarter Horse,Mare,7 years,N/A,N/A,Carrolton MO,N/A,"$3,500.00 ",Trail - Versatility Ranch Horse,
19215,American Quarter Horse,Gelding,10 years,N/A,N/A,Paicines CA,N/A,"$3,500.00 ",Trail - Versatility Ranch Horse,
19216,Mule,Mare,7 years,"14,3 hh",Chestnut,Carrolton MO,N/A,"$3,500.00 ",Trail - Versatility Ranch Horse,
19217,Oldenburg,Mare,5 years,17 hh,Chestnut,Plech,"17,000","$18,105.00 ",Dressage - Breeding - Eventing - Leisure ,
19218,Trakehner,Mare,6 years,16 hh,Chestnut-Red,Winklpoint,"22,000","$23,431.00 ",Dressage - Breeding - Eventing - Jumping,
19219,Mule,Mare,10 years,"14,3 hh",Chestnut,Carrolton MO,N/A,"$3,500.00 ",Trail - Versatility Ranch Horse,
19220,American Quarter Horse,Mare,10 years,"14,3 hh",Chestnut,Carrolton MO,N/A,"$3,500.00 ",Trail - Versatility Ranch Horse,
19221,PRE,Stallion,1 year,"15,1 hh",Black,Los Rosales,"5,000","$5,325.00 ",Gaited,
19222,Hanoverian,Mare,5 years,"16,1 hh",Brown,Hammah,"20,000","$21,301.00 ",Dressage - Breeding - Eventing - Leisure,"is allrounder, Barefoot, Stands for the farrier"
19223,German Sport Horse,Gelding,3 years,"16,1 hh",Brown,Bergisch Gladbach,"17,000","$18,105.00 ",Jumping - Eventing ,
19224,Holstein,Gelding,4 years,"16,2 hh",Gray,Chemnitz,"20,000","$21,301.00 ",Jumping - Hunter,
19225,Holstein,Gelding,8 years,"17,1 hh",Gray,Greiz,"100,000","$106,503.00 ",Jumping,
19226,Holstein,Mare,7 years,"16,3 hh",Chestnut,Chemnitz,"12,500","$13,313.00 ",Jumping - Leisure,
19227,Oldenburg,Gelding,7 years,"16,1 hh",N/A,Stade,"70,000","$74,552.00 ",Dressage - Jumping - Leisure ,
19228,American Quarter Horse,Mare,5 years,N/A,N/A,weatherford VA,N/A,"$3,500.00 ",Trail - Versatility Ranch Horse,
19229,Paint Horse,Gelding,5 years,N/A,N/A,Weatherford Tx,N/A,"$3,500.00 ",Trail - Versatility Ranch Horse,
19230,Mustang (american),Mare,5 years,"14,1 hh",Black,Taunusstein,"15,000","$15,975.00 ",Leisure ,
19231,Mustang (american),Mare,9 years,"14,2 hh",Dun,Taunusstein,"15,000","$15,975.00 ",Leisure ,
19232,Mustang (american),Mare,10 years,"14,2 hh",Roan-Blue,Taunusstein,"15,000","$15,975.00 ",Leisure ,
19233,Mustang (american),Mare,10 years,15 hh,Tovero-all-colors,Taunusstein,"15,000","$15,975.00 ",Leisure ,
19234,Mustang (american),Mare,10 years,"14,2 hh",Roan-Blue,Taunusstein,"15,000","$15,975.00 ",Leisure ,
19235,American Quarter Horse,Gelding,12 years,"14,2 hh",Palomino,Kirchdorf,"17,000","$18,105.00 ",Reining - Western allround - Western - Leisure ,
19236,Mustang (american),Gelding,4 years,15 hh,Bay-Dark,Taunusstein,"15,000","$15,975.00 ",Leisure ,
19237,Mustang (american),Mare,4 years,"14,1 hh",Brown,Taunusstein,"15,000","$15,975.00 ",Leisure ,
19238,Mustang (american),Mare,4 years,15 hh,Brown,Taunusstein,"15,000","$15,975.00 ",Leisure ,
19239,Mustang (american),Mare,2 years,"14,1 hh",Brown,Taunusstein,"15,000","$15,975.00 ",Leisure ,
19240,German Riding Pony,Stallion,1 year,N/A,N/A,Neuenkirchen-Vörden,"2,500","$2,663.00 ",Jumping - Eventing,
19241,Mustang (american),Mare,4 years,N/A,N/A,Taunusstein,"15,000","$15,975.00 ",Leisure ,
19242,Mustang (american),Gelding,5 years,15 hh,Chestnut-Red,Taunusstein,"15,000","$15,975.00 ",Leisure ,
19243,Mustang (american),Gelding,5 years,"14,2 hh",Brown,Taunusstein,"15,000","$15,975.00 ",Leisure ,
19244,PRE,Mare,1 year,N/A,N/A,Menden,"10,000","$10,650.00 ",Baroque - Doma Vaquera - Breeding - Dressage ,
19245,Hispano Arabian,Mare,3 years,"15,2 hh",Brown,Menden,"10,000","$10,650.00 ",Endurance - Doma Vaquera - Breeding - Leisure ,
19246,Mustang (american),Mare,10 years,"14,1 hh",Pinto,Taunusstein,"15,000","$15,975.00 ",Leisure ,
19247,Creme Horse,Mare,3 years,"12,2 hh",Roan-Red,Beloitbourg bruche,"11,100","$11,822.00 ",Driving - English Pleasure - Trail - Breeding,
19248,Oldenburg,Mare,4 years,"16,1 hh",Bay-Dark,Mönchengladbach,"15,000","$15,975.00 ",Dressage ,
19249,PRE,Stallion,6 years,16 hh,Gray-Fleabitten,Puerto Lumbreras,"15,000","$15,975.00 ",Dressage - Baroque - Breeding - Leisure ,
19250,PRE,Stallion,3 years,"15,1 hh",Gray,Brandis,"15,000","$15,975.00 ",Dressage - Working Equitation - Eventing - Leisure ,
19251,PRE Mix,Mare,5 years,"16,2 hh",Brown Falb mold,Polenz,"20,000","$21,301.00 ",Dressage - Endurance - Breeding - Leisure ,
19252,PRE,Mare,2 years,16 hh,Gray,Brandis,"20,000","$21,301.00 ",Dressage - Baroque - Eventing - Leisure ,
19253,PRE Mix,Stallion,3 years,"15,2 hh",Brown-Light,Polenz,"15,000","$15,975.00 ",Dressage - Working Equitation - Breeding - Leisure ,
19254,PRE,Stallion,6 years,"16,2 hh",Gray-Dark-Tan,Brandis,"40,000","$42,601.00 ",Dressage - Doma Vaquera - Working Equitation - Leisure ,
19255,PRE Mix,Mare,6 years,16 hh,Gray,Brandis,"15,000","$15,975.00 ",Leisure - Working Equitation - Eventing - Dressage ,
19256,PRE,Stallion,4 years,"15,2 hh",Can be white,Polenz,"15,000","$15,975.00 ",Dressage - Working Equitation - Eventing - Leisure ,
19257,Haflinger,Gelding,5 years,15 hh,Brown-Light,Brandis,"10,000","$10,650.00 ",Leisure - Breeding - Eventing - Driving ,
19258,Andalusian,Gelding,5 years,"15,2 hh",Gray-Red-Tan,Polenz,"15,000","$15,975.00 ",Leisure - Doma Vaquera - Eventing - Dressage ,
19259,PRE,Mare,2 years,"15,2 hh",Gray-Dark-Tan,Brandis,"20,000","$21,301.00 ",Leisure - Baroque - Breeding - Dressage ,
19260,Oldenburg-International (OS),Mare,15 years,"16,1 hh",Brown,Hesel,"7,800","$8,307.00 ",Breeding - Eventing - Jumping ,
19261,Oldenburg-International (OS),Mare,1 year,"16,2 hh",Bay-Dark,Hesel,"4,500","$4,793.00 ",Jumping - Breeding - Eventing ,
19262,Oldenburg,Mare,14 years,"16,2 hh",Bay-Dark,Hesel,"20,000","$21,301.00 ",Eventing ,
19263,KWPN,Gelding,5 years,"16,1 hh",Chestnut-Red,KRAJENKA,N/A,N/A,Jumping - Hunter ,
19264,KWPN,Mare,4 years,16 hh,Black,Głubczyn,N/A,N/A,Jumping - Dressage ,
19265,Oldenburg-International (OS),Mare,3 years,"15,2 hh",Brown,KRAJENKA,N/A,N/A,Dressage - Eventing ,
19266,Oldenburg-International (OS),Mare,14 years,"16,2 hh",Brown,Perchtoldsdorf,"10,000","$10,650.00 ",Jumping - Eventing - Dressage ,
19267,German Riding Pony,Mare,4 years,14 hh,Brown,Daleiden,"8,500","$9,053.00 ",Leisure - Breeding - Jumping - Dressage ,
19268,PRE,Stallion,5 years,"16,2 hh",Black,Vilanova I La Geltru,"15,000","$15,975.00 ",Baroque - Gaited - Mating - Dressage ,
19269,PRE,Stallion,6 years,"16,1 hh",Champagne,Vilanova y la Geltru,"40,000","$42,601.00 ",Mating - Gaited - Dressage ,
19270,Oldenburg,Stallion,1 year,N/A,N/A,Dassel,"5,000","$5,325.00 ",Dressage,
19271,PRE,Mare,1 year,N/A,N/A,Fuendetodos,"5,000","$5,325.00 ",Dressage ,
19272,PRE,Mare,8 years,N/A,N/A,Fuendetodos,"5,000","$5,325.00 ",Breeding ,
19273,Oldenburg-International (OS),Stallion,1 year,N/A,N/A,Fuendetodos,"10,000","$10,650.00 ",Jumping ,
19274,Spanish Sporthorse,Mare,1 year,N/A,N/A,Fuendetodos,"10,000","$10,650.00 ",Jumping ,
19275,PRE Mix,Stallion,1 year,N/A,N/A,Fuendetodos,"10,000","$10,650.00 ",Dressage ,
19276,PRE,Stallion,3 years,N/A,N/A,Fuendetodos,"10,000","$10,650.00 ",Dressage ,
19277,PRE,Gelding,11 years,17 hh,Gray,Fuendetodos,"15,000","$15,975.00 ",Dressage ,
19278,Spanish Sporthorse,Stallion,2 years,N/A,N/A,Fuendetodos,"10,000","$10,650.00 ",Dressage ,
19279,Westphalian,Mare,7 years,"16,1 hh",Brown,Hamm,"18,000","$19,170.00 ",Jumping - Dressage ,
19280,Oldenburg,Gelding,4 years,"16,1 hh",Brown,Hamm,"27,000","$28,756.00 ",Dressage ,
19281,Hanoverian,Gelding,4 years,16 hh,Black,Hamm,"25,000","$26,626.00 ",Dressage ,
19282,KWPN,Gelding,4 years,"16,2 hh",Bay-Dark,Hamm,"20,000","$21,301.00 ",Dressage ,
19283,PRE Mix,Mare,5 years,"14,2 hh",Brown,Hamburg,"2,500","$2,663.00 ",Leisure - Working Equitation - Dressage ,
19284,PRE Mix,Mare,10 years,15 hh,Bay-Dark,Hamburg,"5,000","$5,325.00 ",Leisure - Working Equitation - Western - Dressage ,
19285,Appaloosa,Gelding,3 years,N/A,N/A,Boxtel,"2,150","$2,290.00 ",Leisure ,
19286,KWPN,Mare,4 years,"16,1 hh",Black,Xanten,"20,000","$21,301.00 ",Dressage - Leisure ,
19287,KWPN,Stallion,4 years,"16,2 hh",Brown,Xanten,"40,000","$42,601.00 ",Dressage - Leisure ,
19288,KWPN,Mare,4 years,"16,1 hh",Black,Xanten,"40,000","$42,601.00 ",Dressage - Leisure ,
19289,Oldenburg-International (OS),Mare,5 years,"16,2 hh",Bay-Dark,Versmold,"20,000","$21,301.00 ",Jumping - Breeding - Eventing - Dressage ,
19290,American Quarter Horse,Stallion,1 year,N/A,N/A,Erbendorf,"7,000","$7,455.00 ",Western - Show - Leisure,
19291,Paint Horse,Mare,1 year,"14,1 hh",Chestnut,Erbendorf,"5,400","$5,751.00 ",Western - Show - Leisure,
19292,Paint Horse,Mare,3 years,"14,3 hh",Chestnut-Red,Etgersleben,"10,000","$10,650.00 ",Western - Show - Leisure,
19293,Kentucky Mountain Saddle Horse,Gelding,8 years,15 hh,Buckskin,"Whitley City, KY",N/A,"$12,000.00 ",Trail - Western allround - Gaited ,
19294,Shire Horse,Gelding,3 years,16 hh,Black,"Auburn, KY",N/A,"$15,000.00 ",Western Pleasure - Hunter under saddle - English Pleasure ,
19295,Mule,Gelding,8 years,13 hh,Sorrel,"Whitley City, KY",N/A,"$12,000.00 ",Gaited - Trail ,
19296,German Riding Horse,Mare,4 years,16 hh,Chestnut-Red,Berg,"25,000","$26,626.00 ",Dressage - Jumping,
19297,German Riding Pony,Gelding,11 years,"14,2 hh",Chestnut,Baldham,"40,000","$42,601.00 ",Dressage - Jumping,
19298,Hanoverian,Gelding,4 years,17 hh,Bay-Dark,Wolfsburg,"25,000","$26,626.00 ",Dressage ,
19299,Arabian horses,Stallion,2 years,"15,1 hh",Black,Hagendorn,"20,000","$21,301.00 ",Leisure - Endurance - Breeding - Western ,
19300,Hanoverian,Gelding,4 years,"16,1 hh",Brown,Hoya,"15,000","$15,975.00 ",Dressage - Leisure ,
19301,Austrian Warmblood,Mare,4 years,"15,3 hh",Chestnut-Red,Schöngumprechting,"19,500","$20,768.00 ",Dressage ,
19302,Welsh A (Mountain Pony),Gelding,3 years,N/A,N/A,Boxtel,"1,750","$1,864.00 ",Leisure ,
19303,Holstein,Gelding,6 years,"17,1 hh",Brown,Borsfleth,"40,000","$42,601.00 ",Jumping ,
19304,Cob,Mare,5 years,"13,1 hh",Pinto,Hopsten,N/A,N/A,Leisure ,
19305,Shetland Ponies,Mare,8 years,N/A,N/A,Boxtel,500,$533.00 ,Leisure ,
19306,Shetland Ponies,Gelding,2 years,N/A,N/A,Boxtel,600,$639.00 ,Leisure ,
19307,Cob,Gelding,4 years,"15,1 hh",Pinto,Hopsten,N/A,N/A,Leisure ,
19308,Cob,Gelding,5 years,"14,1 hh",Pinto,Hopsten,N/A,N/A,Leisure ,
19309,Polish Warmblood,Gelding,17 years,"16,1 hh",Brown,Schlatt,"10,000","$10,650.00 ",Leisure - Eventing - Jumping - Dressage ,
19310,Oldenburg,Gelding,5 years,17 hh,Chestnut,Karlsfeld,N/A,N/A,Dressage ,
19311,Hanoverian,Gelding,6 years,17 hh,Black,Essen,"25,500","$27,158.00 ",Dressage ,
,,,,,,,,,,end
